device_id,timestamp,room_temp_c,setpoint_c,ambient_temp_c,compressor_state,power_watt,mode
DVC-103,2026-06-06 03:15:00,25.74,26.0,25.74,0,49.0,OFF
DVC-102,2026-06-14 20:15:00,23.96,24.0,31.83,1,1420.6,COOL
DVC-101,2026-06-14 16:45:00,24.56,24.0,37.48,0,42.6,FAN
DVC-103,2026-06-01 03:30:00,26.04,26.0,25.88,0,52.1,OFF
DVC-102,2026-06-13 19:00:00,24.44,24.0,33.47,0,17.5,FAN
DVC-102,2026-06-02 18:45:00,24.71,24.0,34.68,0,55.1,FAN
DVC-101,2026-06-01 13:30:00,24.73,24.0,36.26,0,41.0,FAN
DVC-105,2026-06-09 20:45:00,24.12,24.0,31.41,1,1360.9,COOL
DVC-102,2026-06-05 22:00:00,25.0,26.0,28.87,0,54.9,OFF
DVC-105,2026-06-12 03:00:00,25.58,26.0,24.74,0,37.4,OFF
DVC-101,2026-06-07 10:15:00,24.7,24.0,33.07,1,1502.0,COOL
DVC-102,2026-06-13 18:15:00,24.76,24.0,36.9,0,48.8,FAN
DVC-102,2026-06-03 01:45:00,26.24,26.0,26.29,0,39.0,OFF
DVC-101,2026-06-09 23:15:00,26.08,26.0,26.8,0,47.0,OFF
DVC-102,2026-06-11 13:45:00,24.35,24.0,37.11,1,1339.1,COOL
DVC-101,2026-06-07 12:45:00,24.07,24.0,36.81,1,1120.3,COOL
DVC-102,2026-06-11 03:00:00,25.72,26.0,24.59,0,43.8,OFF
DVC-102,2026-06-10 14:00:00,24.42,24.0,36.48,1,1450.0,COOL
DVC-104,2026-06-09 19:30:00,23.5,24.0,33.66,1,1458.6,COOL
DVC-102,2026-06-13 20:30:00,24.58,24.0,31.03,0,43.1,FAN
DVC-102,2026-06-10 18:30:00,24.06,24.0,34.11,1,1490.5,COOL
DVC-101,2026-06-09 01:30:00,25.74,26.0,25.46,0,41.7,OFF
DVC-104,2026-06-13 05:00:00,23.5,26.0,26.31,0,53.8,OFF
DVC-101,2026-06-03 13:45:00,24.28,24.0,37.78,1,1241.9,COOL
DVC-105,2026-06-05 05:45:00,25.58,26.0,26.53,0,31.3,OFF
DVC-101,2026-06-12 19:00:00,24.71,24.0,33.59,0,69.2,FAN
DVC-101,2026-06-12 10:15:00,24.63,24.0,33.23,1,1327.6,COOL
DVC-102,2026-06-07 09:45:00,24.87,24.0,30.28,1,1396.0,COOL
DVC-102,2026-06-12 14:15:00,24.26,24.0,36.56,1,1295.1,COOL
DVC-105,2026-06-13 14:30:00,24.45,24.0,37.18,0,64.6,FAN
DVC-104,2026-06-03 22:30:00,25.76,26.0,29.18,0,50.1,OFF
DVC-105,2026-06-12 18:00:00,24.19,24.0,35.48,1,1380.6,COOL
DVC-101,2026-06-05 18:15:00,24.29,24.0,34.45,1,1480.2,COOL
DVC-102,2026-06-04 11:30:00,24.33,24.0,34.2,0,48.5,FAN
DVC-101,2026-06-05 09:15:00,25.62,24.0,30.89,1,1335.4,COOL
DVC-102,2026-06-10 13:00:00,24.64,24.0,35.19,0,34.3,FAN
DVC-105,2026-06-01 08:45:00,26.12,26.0,30.8,1,1225.4,COOL
DVC-102,2026-06-10 09:15:00,25.99,24.0,31.5,1,1376.5,COOL
DVC-101,2026-06-06 18:15:00,24.34,24.0,36.18,1,1285.8,COOL
DVC-102,2026-06-02 23:15:00,26.32,26.0,27.69,0,50.8,OFF
DVC-105,2026-06-01 15:30:00,24.04,24.0,37.26,1,1631.2,COOL
DVC-105,2026-06-03 05:15:00,25.2,26.0,25.39,0,40.9,OFF
DVC-101,2026-06-11 04:00:00,25.24,26.0,25.87,0,47.8,OFF
DVC-101,2026-06-04 09:15:00,25.82,24.0,31.83,1,1397.0,COOL
DVC-104,2026-06-13 14:15:00,23.5,24.0,36.95,1,1242.6,COOL
DVC-101,2026-06-03 15:00:00,24.52,24.0,38.04,0,51.6,FAN
DVC-102,2026-06-03 21:00:00,24.59,26.0,30.6,0,50.3,FAN
DVC-101,2026-06-08 04:00:00,25.36,26.0,24.93,0,55.4,OFF
DVC-104,2026-06-01 21:30:00,25.17,26.0,30.18,0,40.3,FAN
DVC-105,2026-06-05 16:15:00,24.53,24.0,36.92,0,52.7,FAN
DVC-105,2026-06-09 16:15:00,24.53,24.0,37.09,0,32.4,FAN
DVC-104,2026-06-02 16:15:00,24.2,24.0,37.32,1,1347.3,COOL
DVC-104,2026-06-10 02:30:00,23.5,26.0,23.85,0,34.0,OFF
DVC-104,2026-06-08 00:00:00,26.7,26.0,25.86,0,44.2,OFF
DVC-104,2026-06-09 18:15:00,23.5,24.0,34.69,1,1530.7,COOL
DVC-102,2026-06-09 13:45:00,24.26,24.0,36.66,1,1434.8,COOL
DVC-104,2026-06-04 23:15:00,25.48,26.0,27.96,0,43.9,OFF
DVC-105,2026-06-02 22:15:00,25.38,26.0,28.41,0,48.5,OFF
DVC-101,2026-06-01 08:15:00,26.33,26.0,29.34,0,67.3,FAN
DVC-103,2026-06-04 01:45:00,26.17,26.0,26.0,0,43.7,OFF
DVC-102,2026-06-04 19:00:00,24.03,24.0,33.77,1,1567.4,COOL
DVC-104,2026-06-09 17:45:00,23.5,24.0,35.4,0,43.3,FAN
DVC-104,2026-06-10 06:45:00,23.5,26.0,27.42,0,53.3,OFF
DVC-102,2026-06-06 21:15:00,24.74,26.0,30.91,0,55.1,FAN
DVC-104,2026-06-02 06:45:00,26.32,26.0,27.5,0,29.9,OFF
DVC-101,2026-06-06 08:30:00,26.12,26.0,30.69,0,43.9,FAN
DVC-105,2026-06-02 15:15:00,24.65,24.0,36.77,1,1390.9,COOL
DVC-101,2026-06-04 19:00:00,24.31,24.0,33.92,1,1112.7,COOL
DVC-102,2026-06-08 05:00:00,25.66,26.0,25.27,0,50.3,OFF
DVC-103,2026-06-07 02:45:00,25.42,26.0,24.56,0,46.9,OFF
DVC-104,2026-06-07 23:15:00,26.07,26.0,27.32,0,48.8,OFF
DVC-102,2026-06-08 23:30:00,25.5,26.0,27.35,0,41.3,OFF
DVC-102,2026-06-09 16:00:00,24.57,24.0,35.74,0,52.7,FAN
DVC-103,2026-06-14 10:45:00,24.12,24.0,33.7,1,1171.5,COOL
DVC-102,2026-06-13 18:00:00,24.24,24.0,35.33,1,1397.0,COOL
DVC-103,2026-06-11 19:45:00,24.17,24.0,32.69,1,1495.8,COOL
DVC-103,2026-06-13 11:15:00,24.54,24.0,33.21,0,51.3,FAN
DVC-101,2026-06-04 14:15:00,24.42,24.0,35.65,1,1438.4,COOL
DVC-105,2026-06-11 00:15:00,26.59,26.0,25.71,0,73.9,OFF
DVC-102,2026-06-01 20:15:00,24.26,24.0,31.7,1,1322.7,COOL
DVC-101,2026-06-11 05:00:00,25.17,26.0,26.08,0,46.5,OFF
DVC-101,2026-06-04 11:30:00,24.21,24.0,34.67,1,1348.8,COOL
DVC-104,2026-06-11 20:30:00,23.5,24.0,31.65,1,1148.5,COOL
DVC-104,2026-06-12 05:30:00,23.5,26.0,26.32,0,28.9,OFF
DVC-102,2026-06-12 08:45:00,26.09,26.0,30.61,1,1302.5,COOL
DVC-101,2026-06-03 23:45:00,25.85,26.0,27.08,0,30.3,OFF
DVC-104,2026-06-11 10:30:00,23.5,24.0,33.17,1,1331.4,COOL
DVC-102,2026-06-02 15:15:00,24.47,24.0,35.73,1,1377.8,COOL
DVC-102,2026-06-11 06:15:00,25.41,26.0,26.05,0,56.5,OFF
DVC-104,2026-06-10 16:00:00,23.5,24.0,36.57,1,1522.9,COOL
DVC-102,2026-06-14 22:45:00,25.53,26.0,28.05,0,43.7,OFF
DVC-102,2026-06-04 18:15:00,24.23,24.0,35.24,1,1393.5,COOL
DVC-103,2026-06-12 00:00:00,25.59,26.0,27.03,0,55.0,OFF
DVC-105,2026-06-06 20:30:00,24.19,24.0,30.91,1,1445.3,COOL
DVC-104,2026-06-05 21:15:00,24.99,26.0,31.24,0,51.1,FAN
DVC-104,2026-06-09 11:00:00,23.5,24.0,34.93,0,55.1,FAN
DVC-101,2026-06-05 21:45:00,25.41,26.0,29.59,0,52.0,FAN
DVC-104,2026-06-09 12:30:00,23.5,24.0,36.74,1,1303.0,COOL
DVC-102,2026-06-12 11:30:00,24.21,24.0,34.6,1,1307.5,COOL
DVC-101,2026-06-01 12:00:00,24.69,24.0,35.65,0,48.6,FAN
DVC-103,2026-06-09 04:30:00,25.51,26.0,25.39,0,42.6,OFF
DVC-101,2026-06-12 00:15:00,26.35,26.0,26.74,0,52.2,OFF
DVC-102,2026-06-01 22:00:00,25.03,26.0,29.46,0,51.0,OFF
DVC-105,2026-06-04 17:30:00,24.47,24.0,35.31,1,1357.6,COOL
DVC-104,2026-06-11 14:15:00,23.5,24.0,36.71,1,1379.3,COOL
DVC-103,2026-06-05 04:45:00,25.99,26.0,24.82,0,72.0,OFF
DVC-103,2026-06-05 20:45:00,24.36,24.0,31.2,0,51.7,FAN
DVC-101,2026-06-01 04:00:00,25.98,26.0,25.43,0,46.8,OFF
DVC-101,2026-06-04 09:00:00,26.16,24.0,32.09,1,1465.8,COOL
DVC-102,2026-06-01 03:00:00,26.81,26.0,25.36,0,61.0,OFF
DVC-101,2026-06-01 09:00:00,26.11,24.0,30.93,1,1469.5,COOL
DVC-102,2026-06-14 19:15:00,24.15,24.0,32.94,1,1327.6,COOL
DVC-101,2026-06-10 01:00:00,26.57,26.0,25.45,0,36.4,OFF
DVC-105,2026-06-06 17:45:00,24.38,24.0,35.49,1,1297.9,COOL
DVC-105,2026-06-03 15:30:00,24.22,24.0,37.94,1,1253.1,COOL
DVC-101,2026-06-11 13:45:00,24.71,24.0,36.07,0,46.2,FAN
DVC-103,2026-06-13 10:45:00,24.52,24.0,33.21,0,35.1,FAN
DVC-101,2026-06-03 13:30:00,24.62,24.0,35.89,0,42.4,FAN
DVC-102,2026-06-13 08:00:00,26.13,26.0,29.31,0,59.9,FAN
DVC-104,2026-06-12 04:00:00,23.5,26.0,25.62,0,44.7,OFF
DVC-101,2026-06-04 06:30:00,25.25,26.0,27.84,0,62.0,OFF
DVC-104,2026-06-02 02:45:00,26.1,26.0,25.15,0,31.9,OFF
DVC-101,2026-06-04 15:45:00,24.5,24.0,37.39,1,1409.8,COOL
DVC-101,2026-06-01 00:15:00,26.89,26.0,25.86,0,37.7,OFF
DVC-103,2026-06-01 17:30:00,24.39,24.0,35.48,1,1377.9,COOL
DVC-101,2026-06-08 18:00:00,24.55,24.0,35.3,0,69.9,FAN
DVC-104,2026-06-14 19:00:00,23.5,24.0,34.7,1,1456.6,COOL
DVC-102,2026-06-02 10:45:00,24.4,24.0,32.85,0,51.9,FAN
DVC-104,2026-06-02 16:45:00,24.41,24.0,36.02,1,1479.3,COOL
DVC-105,2026-06-13 12:15:00,24.11,24.0,35.41,1,1381.6,COOL
DVC-101,2026-06-09 17:00:00,24.89,24.0,36.0,0,41.5,FAN
DVC-102,2026-06-11 23:30:00,26.12,26.0,27.37,0,53.4,OFF
DVC-103,2026-06-01 05:00:00,26.04,26.0,25.42,0,36.3,OFF
DVC-101,2026-06-06 01:30:00,26.22,26.0,24.99,0,42.1,OFF
DVC-104,2026-06-07 06:00:00,26.32,26.0,27.66,0,37.1,OFF
DVC-104,2026-06-02 01:30:00,26.48,26.0,25.11,0,54.4,OFF
DVC-102,2026-06-03 22:00:00,25.63,26.0,30.1,0,72.1,OFF
DVC-104,2026-06-14 07:15:00,23.5,26.0,27.26,0,42.3,OFF
DVC-105,2026-06-10 14:00:00,24.49,24.0,37.05,1,1164.8,COOL
DVC-105,2026-06-12 09:00:00,26.02,24.0,31.36,1,1414.5,COOL
DVC-103,2026-06-01 10:15:00,24.44,24.0,33.55,1,1370.2,COOL
DVC-103,2026-06-02 14:45:00,24.68,24.0,37.21,0,54.6,FAN
DVC-103,2026-06-03 01:15:00,25.84,26.0,25.86,0,42.9,OFF
DVC-103,2026-06-03 21:15:00,24.65,26.0,29.49,0,50.7,FAN
DVC-102,2026-06-04 00:30:00,25.98,26.0,26.26,0,51.6,OFF
DVC-101,2026-06-08 22:30:00,25.43,26.0,29.15,0,32.4,OFF
DVC-104,2026-06-03 12:00:00,24.27,24.0,35.32,1,1518.0,COOL
DVC-101,2026-06-09 01:00:00,25.72,26.0,25.96,0,48.0,OFF
DVC-105,2026-06-05 16:45:00,-99.0,24.0,37.17,1,1279.6,COOL
DVC-104,2026-06-13 10:15:00,23.5,24.0,33.21,1,1247.9,COOL
DVC-102,2026-06-08 01:45:00,26.14,26.0,25.79,0,25.9,OFF
DVC-101,2026-06-07 22:15:00,25.53,26.0,28.05,0,40.4,OFF
DVC-101,2026-06-13 17:00:00,24.38,24.0,36.17,1,1241.2,COOL
DVC-101,2026-06-14 22:45:00,26.26,26.0,28.22,0,51.9,OFF
DVC-102,2026-06-09 18:00:00,24.7,24.0,35.6,0,32.1,FAN
DVC-101,2026-06-10 06:15:00,26.27,26.0,26.02,0,43.5,OFF
DVC-103,2026-06-12 18:45:00,24.0,24.0,34.3,1,1451.1,COOL
DVC-102,2026-06-07 14:00:00,24.14,24.0,36.53,1,1265.1,COOL
DVC-101,2026-06-11 18:15:00,23.99,24.0,35.25,1,1200.3,COOL
DVC-102,2026-06-11 06:30:00,25.51,26.0,27.6,0,69.9,OFF
DVC-103,2026-06-03 22:45:00,25.51,26.0,27.88,0,53.0,OFF
DVC-105,2026-06-08 21:30:00,24.87,26.0,30.02,0,47.8,FAN
DVC-104,2026-06-11 15:15:00,23.5,24.0,36.83,0,42.0,FAN
DVC-105,2026-06-14 17:15:00,24.79,24.0,36.19,0,44.5,FAN
DVC-101,2026-06-12 18:30:00,24.51,24.0,34.12,0,39.3,FAN
DVC-101,2026-06-12 20:15:00,24.45,24.0,32.19,1,1258.1,COOL
DVC-103,2026-06-02 03:30:00,25.44,26.0,24.44,0,31.7,OFF
DVC-104,2026-06-12 14:30:00,23.5,24.0,38.13,1,1510.6,COOL
DVC-102,2026-06-12 00:00:00,26.22,26.0,26.8,0,48.8,OFF
DVC-104,2026-06-03 00:30:00,26.74,26.0,25.72,0,48.9,OFF
DVC-104,2026-06-14 11:30:00,23.5,24.0,33.79,0,41.9,FAN
DVC-104,2026-06-07 16:45:00,24.25,24.0,36.53,1,1227.6,COOL
DVC-105,2026-06-02 08:45:00,26.43,26.0,29.38,0,48.9,FAN
DVC-101,2026-06-07 10:45:00,24.01,24.0,34.52,1,1339.6,COOL
DVC-101,2026-06-12 14:15:00,24.44,24.0,36.74,1,1329.6,COOL
DVC-104,2026-06-09 18:00:00,23.5,24.0,35.05,1,1470.9,COOL
DVC-103,2026-06-11 10:30:00,24.47,24.0,35.36,1,1247.2,COOL
DVC-102,2026-06-03 04:30:00,26.17,26.0,25.88,0,44.4,OFF
DVC-103,2026-06-02 15:15:00,24.08,24.0,37.29,1,1518.9,COOL
DVC-103,2026-06-06 16:30:00,24.38,24.0,36.05,1,1191.2,COOL
DVC-101,2026-06-07 23:15:00,26.0,26.0,26.13,0,57.3,OFF
DVC-101,2026-06-13 13:45:00,24.17,24.0,36.15,1,1274.2,COOL
DVC-102,2026-06-06 04:45:00,25.32,26.0,24.99,0,56.5,OFF
DVC-102,2026-06-01 00:15:00,27.32,26.0,25.68,0,45.1,OFF
DVC-104,2026-06-14 13:45:00,23.5,24.0,36.79,0,59.5,FAN
DVC-103,2026-06-05 09:45:00,25.19,24.0,32.18,1,1359.5,COOL
DVC-102,2026-06-04 06:00:00,26.1,26.0,27.37,0,43.4,OFF
DVC-103,2026-06-08 23:45:00,26.32,26.0,27.3,0,50.7,OFF
DVC-101,2026-06-10 02:15:00,26.16,26.0,25.15,0,52.4,OFF
DVC-101,2026-06-06 01:00:00,26.25,26.0,25.77,0,58.7,OFF
DVC-101,2026-06-06 09:15:00,25.81,24.0,30.98,1,3767.5,COOL
DVC-105,2026-06-10 23:15:00,26.09,26.0,27.17,0,35.5,OFF
DVC-101,2026-06-10 03:45:00,26.25,26.0,25.1,0,4976.9,OFF
DVC-102,2026-06-11 08:45:00,26.34,26.0,30.05,0,51.2,FAN
DVC-105,2026-06-02 06:15:00,26.05,26.0,25.66,0,58.7,OFF
DVC-101,2026-06-06 21:00:00,24.75,26.0,31.54,0,48.3,FAN
DVC-102,2026-06-09 23:15:00,26.2,26.0,27.29,0,55.4,OFF
DVC-105,2026-06-02 16:30:00,24.08,24.0,37.19,1,1611.0,COOL
DVC-103,2026-06-05 18:30:00,24.58,24.0,33.78,0,51.6,FAN
DVC-102,2026-06-12 07:30:00,25.95,26.0,28.48,0,38.5,OFF
DVC-101,2026-06-01 04:30:00,26.08,26.0,25.98,0,16.3,OFF
DVC-101,2026-06-01 14:00:00,24.11,24.0,36.63,1,1360.9,COOL
DVC-101,2026-06-13 00:30:00,0.0,26.0,26.66,0,30.2,OFF
DVC-101,2026-06-09 13:30:00,24.68,24.0,35.85,0,31.8,FAN
DVC-105,2026-06-11 07:00:00,26.09,26.0,27.33,0,32.8,OFF
DVC-102,2026-06-03 10:30:00,24.43,24.0,33.88,1,1374.3,COOL
DVC-104,2026-06-14 15:45:00,23.5,24.0,37.77,1,1298.7,COOL
DVC-101,2026-06-02 16:30:00,24.54,24.0,37.82,1,1266.2,COOL
DVC-103,2026-06-04 22:00:00,25.44,26.0,29.22,0,44.3,OFF
DVC-101,2026-06-13 23:30:00,26.18,26.0,27.1,0,47.3,OFF
DVC-104,2026-06-12 08:00:00,23.5,26.0,29.08,0,38.7,FAN
DVC-101,2026-06-08 23:30:00,25.54,26.0,27.4,0,26.0,OFF
DVC-103,2026-06-06 19:45:00,24.62,24.0,33.63,0,38.6,FAN
DVC-103,2026-06-14 20:00:00,24.46,24.0,32.66,0,39.7,FAN
DVC-101,2026-06-01 03:00:00,26.16,26.0,25.04,0,54.6,OFF
DVC-101,2026-06-02 02:30:00,25.43,26.0,24.48,0,52.7,OFF
DVC-101,2026-06-12 09:00:00,25.93,24.0,31.48,1,1354.8,COOL
DVC-103,2026-06-12 15:15:00,24.64,24.0,37.73,0,51.6,FAN
DVC-102,2026-06-13 22:00:00,25.5,26.0,29.99,0,42.7,OFF
DVC-101,2026-06-12 21:30:00,25.22,26.0,29.02,0,38.7,FAN
DVC-104,2026-06-14 05:45:00,23.5,26.0,27.13,0,34.2,OFF
DVC-105,2026-06-10 10:15:00,24.63,24.0,33.69,1,1363.0,COOL
DVC-102,2026-06-10 14:30:00,-99.0,24.0,36.49,0,45.7,FAN
DVC-104,2026-06-01 01:00:00,26.67,26.0,25.24,0,37.4,OFF
DVC-105,2026-06-06 23:00:00,26.3,26.0,28.23,0,61.9,OFF
DVC-104,2026-06-11 22:15:00,23.5,26.0,29.48,0,39.7,OFF
DVC-101,2026-06-11 19:30:00,24.55,24.0,33.78,0,45.7,FAN
DVC-102,2026-06-06 12:30:00,24.09,24.0,35.35,1,1345.7,COOL
DVC-104,2026-06-12 17:30:00,23.5,24.0,35.82,1,1191.3,COOL
DVC-101,2026-06-11 13:00:00,24.74,24.0,35.9,0,35.7,FAN
DVC-105,2026-06-05 02:00:00,25.33,26.0,26.02,0,58.5,OFF
DVC-102,2026-06-07 13:00:00,24.67,24.0,36.05,0,45.8,FAN
DVC-105,2026-06-11 02:45:00,26.36,26.0,26.19,0,38.8,OFF
DVC-105,2026-06-04 19:15:00,24.16,24.0,33.76,1,1339.1,COOL
DVC-102,2026-06-09 20:15:00,24.69,24.0,31.46,0,39.3,FAN
DVC-105,2026-06-12 03:30:00,25.55,26.0,24.94,0,44.9,OFF
DVC-101,2026-06-03 20:15:00,24.7,24.0,33.43,0,37.2,FAN
DVC-102,2026-06-01 18:30:00,24.27,24.0,33.59,1,1301.1,COOL
DVC-104,2026-06-06 07:30:00,26.27,26.0,28.85,0,56.3,OFF
DVC-101,2026-06-02 20:00:00,24.55,24.0,33.5,0,68.7,FAN
DVC-102,2026-06-14 23:15:00,25.79,26.0,28.82,0,40.3,OFF
DVC-105,2026-06-03 07:00:00,25.59,26.0,27.71,0,26.8,OFF
DVC-103,2026-06-13 20:30:00,24.52,24.0,31.68,0,55.7,FAN
DVC-105,2026-06-14 08:45:00,26.44,26.0,30.14,0,51.5,FAN
DVC-101,2026-06-11 15:15:00,24.53,24.0,37.18,1,1389.0,COOL
DVC-105,2026-06-03 18:45:00,24.27,24.0,34.98,1,1588.0,COOL
DVC-105,2026-06-07 20:45:00,24.42,24.0,31.77,0,60.0,FAN
DVC-103,2026-06-06 03:45:00,25.59,26.0,25.63,0,66.9,OFF
DVC-105,2026-06-13 11:15:00,24.49,24.0,33.87,0,45.5,FAN
DVC-102,2026-06-08 02:00:00,26.09,26.0,24.91,0,60.2,OFF
DVC-103,2026-06-12 10:30:00,24.13,24.0,33.52,1,1404.0,COOL
DVC-105,2026-06-12 19:45:00,24.52,24.0,32.87,0,47.3,FAN
DVC-104,2026-06-12 13:45:00,23.5,24.0,36.86,1,1298.0,COOL
DVC-104,2026-06-06 01:15:00,26.26,26.0,25.44,0,30.9,OFF
DVC-105,2026-06-11 02:00:00,26.31,26.0,25.21,0,35.4,OFF
DVC-105,2026-06-11 17:15:00,24.71,24.0,36.59,0,46.1,FAN
DVC-101,2026-06-13 04:15:00,25.69,26.0,25.1,0,64.7,OFF
DVC-103,2026-06-10 14:00:00,24.12,24.0,37.4,1,1239.0,COOL
DVC-103,2026-06-10 13:45:00,24.3,24.0,37.81,1,1560.7,COOL
DVC-104,2026-06-07 00:30:00,26.75,26.0,25.07,0,48.4,OFF
DVC-104,2026-06-07 20:00:00,24.29,24.0,32.01,1,1161.4,COOL
DVC-102,2026-06-12 12:45:00,24.14,24.0,36.15,1,1404.4,COOL
DVC-104,2026-06-12 17:00:00,23.5,24.0,36.19,1,1591.7,COOL
DVC-102,2026-06-02 01:30:00,25.77,26.0,25.67,0,53.6,OFF
DVC-105,2026-06-04 02:45:00,25.87,26.0,24.8,0,46.5,OFF
DVC-103,2026-06-12 21:00:00,24.2,26.0,30.47,0,38.7,FAN
DVC-101,2026-06-04 23:00:00,25.95,26.0,28.06,0,42.2,OFF
DVC-105,2026-06-03 23:00:00,25.8,26.0,27.97,0,30.5,OFF
DVC-101,2026-06-10 16:15:00,24.39,24.0,36.73,1,1325.2,COOL
DVC-105,2026-06-12 01:15:00,25.84,26.0,26.52,0,43.8,OFF
DVC-102,2026-06-01 18:15:00,24.44,24.0,35.29,1,1165.1,COOL
DVC-105,2026-06-04 00:15:00,26.09,26.0,26.47,0,48.4,OFF
DVC-104,2026-06-09 10:30:00,23.5,24.0,33.3,1,1548.5,COOL
DVC-105,2026-06-03 16:00:00,24.47,24.0,37.01,1,1401.8,COOL
DVC-104,2026-06-04 22:15:00,25.12,26.0,28.73,0,35.2,OFF
DVC-102,2026-06-02 02:45:00,25.75,26.0,24.88,0,48.9,OFF
DVC-105,2026-06-06 09:30:00,25.85,24.0,32.28,1,1240.2,COOL
DVC-102,2026-06-12 11:00:00,24.13,24.0,33.15,1,1397.0,COOL
DVC-105,2026-06-13 06:45:00,26.56,26.0,27.93,0,62.4,OFF
DVC-101,2026-06-06 00:00:00,26.21,26.0,26.89,0,48.7,OFF
DVC-101,2026-06-01 20:45:00,24.47,24.0,31.16,1,1415.8,COOL
DVC-102,2026-06-10 02:15:00,26.16,26.0,24.6,0,43.6,OFF
DVC-104,2026-06-09 01:00:00,23.5,26.0,25.36,0,42.7,OFF
DVC-105,2026-06-11 13:45:00,24.24,24.0,36.3,1,1188.3,COOL
DVC-105,2026-06-14 04:45:00,26.26,26.0,26.07,0,29.8,OFF
DVC-101,2026-06-08 08:15:00,26.16,26.0,29.24,0,28.8,FAN
DVC-102,2026-06-10 00:45:00,26.38,26.0,25.91,0,39.5,OFF
DVC-101,2026-06-12 06:15:00,26.24,26.0,26.95,0,5024.6,OFF
DVC-105,2026-06-01 01:30:00,26.82,26.0,26.25,0,62.3,OFF
DVC-102,2026-06-14 11:15:00,24.53,24.0,34.32,0,30.5,FAN
DVC-103,2026-06-14 15:45:00,24.68,24.0,36.69,0,47.8,FAN
DVC-101,2026-06-08 10:45:00,24.59,24.0,32.92,0,42.6,FAN
DVC-103,2026-06-09 19:30:00,24.59,24.0,33.73,0,41.1,FAN
DVC-104,2026-06-05 09:45:00,24.86,24.0,32.36,1,1534.2,COOL
DVC-101,2026-06-10 18:00:00,24.14,24.0,34.55,1,1342.6,COOL
DVC-103,2026-06-04 23:30:00,26.19,26.0,27.42,0,49.5,OFF
DVC-105,2026-06-11 21:45:00,25.2,26.0,29.74,0,50.6,FAN
DVC-103,2026-06-14 21:45:00,24.99,26.0,30.35,0,48.7,FAN
DVC-103,2026-06-04 14:30:00,24.08,24.0,36.5,1,1533.3,COOL
DVC-101,2026-06-12 02:00:00,26.39,26.0,24.82,0,26.0,OFF
DVC-104,2026-06-09 10:15:00,23.5,24.0,32.03,1,1226.5,COOL
DVC-105,2026-06-11 06:45:00,26.27,26.0,26.25,0,68.6,OFF
DVC-101,2026-06-14 06:30:00,25.35,26.0,26.97,0,57.4,OFF
DVC-102,2026-06-14 03:30:00,25.61,26.0,25.6,0,60.2,OFF
DVC-103,2026-06-02 14:15:00,24.6,24.0,36.26,1,1639.2,COOL
DVC-105,2026-06-10 09:00:00,26.11,24.0,31.14,1,1220.4,COOL
DVC-104,2026-06-13 01:45:00,23.5,26.0,25.14,0,56.9,OFF
DVC-102,2026-06-08 06:15:00,25.96,26.0,27.22,0,44.4,OFF
DVC-105,2026-06-07 23:15:00,26.49,26.0,29.16,0,30.5,OFF
DVC-102,2026-06-04 22:00:00,25.73,26.0,29.17,0,46.5,OFF
DVC-104,2026-06-02 21:30:00,25.38,26.0,30.22,0,52.8,FAN
DVC-105,2026-06-10 03:15:00,25.76,26.0,24.24,0,17.3,OFF
DVC-101,2026-06-01 23:15:00,25.71,26.0,27.62,0,48.1,OFF
DVC-102,2026-06-06 08:45:00,26.35,26.0,30.06,0,44.3,FAN
DVC-105,2026-06-10 20:30:00,24.21,24.0,32.63,1,1230.6,COOL
DVC-101,2026-06-09 09:30:00,25.3,24.0,31.7,1,1310.6,COOL
DVC-104,2026-06-13 02:30:00,23.5,26.0,25.5,0,45.5,OFF
DVC-105,2026-06-07 02:15:00,25.88,26.0,24.55,0,50.4,OFF
DVC-101,2026-06-01 22:45:00,25.7,26.0,28.29,0,43.3,OFF
DVC-105,2026-06-01 05:00:00,25.82,26.0,25.57,0,47.8,OFF
DVC-103,2026-06-09 23:00:00,26.09,26.0,28.11,0,60.1,OFF
DVC-104,2026-06-12 16:45:00,23.5,24.0,37.18,0,31.2,FAN
DVC-101,2026-06-03 07:45:00,25.62,26.0,28.42,0,44.9,OFF
DVC-104,2026-06-02 22:45:00,26.34,26.0,28.92,0,38.7,OFF
DVC-104,2026-06-11 19:00:00,23.5,24.0,33.72,1,1118.5,COOL
DVC-102,2026-06-09 19:15:00,24.15,24.0,33.11,1,1469.7,COOL
DVC-104,2026-06-07 15:45:00,24.46,24.0,36.66,0,35.1,FAN
DVC-101,2026-06-07 19:45:00,24.16,24.0,33.12,0,57.9,FAN
DVC-101,2026-06-12 15:00:00,24.58,24.0,37.68,1,1452.1,COOL
DVC-101,2026-06-08 14:00:00,24.08,24.0,36.11,1,1319.1,COOL
DVC-103,2026-06-09 03:45:00,25.67,26.0,24.05,0,55.0,OFF
DVC-103,2026-06-01 15:30:00,24.44,24.0,37.56,1,1295.3,COOL
DVC-101,2026-06-05 11:00:00,24.5,24.0,33.17,0,39.6,FAN
DVC-102,2026-06-12 21:00:00,24.73,26.0,30.11,0,47.4,FAN
DVC-102,2026-06-03 05:45:00,26.52,26.0,26.61,0,35.1,OFF
DVC-102,2026-06-05 08:30:00,25.99,26.0,29.64,1,1451.8,COOL
DVC-105,2026-06-12 22:30:00,25.91,26.0,29.33,0,62.0,OFF
DVC-104,2026-06-01 18:00:00,24.61,24.0,35.37,0,48.6,FAN
DVC-103,2026-06-02 01:15:00,25.52,26.0,25.6,0,49.7,OFF
DVC-105,2026-06-09 00:00:00,26.59,26.0,27.56,0,26.5,OFF
DVC-101,2026-06-05 04:45:00,26.13,26.0,25.38,0,44.4,OFF
DVC-105,2026-06-13 23:45:00,26.24,26.0,27.08,0,49.3,OFF
DVC-104,2026-06-06 08:00:00,26.14,26.0,29.6,1,1234.1,COOL
DVC-104,2026-06-07 16:00:00,24.26,24.0,37.41,1,1532.6,COOL
DVC-102,2026-06-05 09:45:00,25.07,24.0,32.23,1,1519.3,COOL
DVC-101,2026-06-12 01:30:00,26.28,26.0,25.18,0,31.2,OFF
DVC-104,2026-06-08 15:30:00,24.7,24.0,37.21,0,43.1,FAN
DVC-103,2026-06-12 16:45:00,24.49,24.0,37.06,0,45.7,FAN
DVC-102,2026-06-05 21:30:00,24.84,26.0,29.67,0,60.7,FAN
DVC-104,2026-06-08 08:15:00,26.09,26.0,30.03,1,1408.0,COOL
DVC-102,2026-06-08 20:00:00,23.94,24.0,32.95,1,1315.3,COOL
DVC-105,2026-06-03 21:30:00,24.87,26.0,29.82,0,44.1,FAN
DVC-101,2026-06-06 03:15:00,26.38,26.0,25.29,0,36.0,OFF
DVC-102,2026-06-04 09:45:00,25.22,24.0,32.41,1,1473.1,COOL
DVC-102,2026-06-07 17:45:00,24.52,24.0,36.62,0,49.2,FAN
DVC-101,2026-06-12 08:30:00,26.14,26.0,29.86,0,44.4,FAN
DVC-102,2026-06-03 06:15:00,26.61,26.0,27.0,0,37.2,OFF
DVC-104,2026-06-09 06:30:00,23.5,26.0,27.59,0,53.9,OFF
DVC-105,2026-06-09 03:15:00,25.95,26.0,25.87,0,44.6,OFF
DVC-102,2026-06-08 11:45:00,24.49,24.0,34.79,0,29.3,FAN
DVC-102,2026-06-07 12:15:00,24.04,24.0,35.48,1,1050.0,COOL
DVC-102,2026-06-06 07:45:00,26.49,26.0,30.15,0,52.3,OFF
DVC-104,2026-06-02 23:15:00,26.71,26.0,27.21,0,38.0,OFF
DVC-102,2026-06-13 16:30:00,24.26,24.0,36.43,1,1206.4,COOL
DVC-101,2026-06-13 22:45:00,25.92,26.0,28.03,0,57.3,OFF
DVC-104,2026-06-02 13:45:00,24.62,24.0,36.3,0,40.0,FAN
DVC-101,2026-06-05 20:15:00,24.14,24.0,31.9,1,1365.2,COOL
DVC-101,2026-06-12 12:45:00,24.25,24.0,35.51,1,1207.8,COOL
DVC-105,2026-06-10 01:30:00,25.57,26.0,25.3,0,45.4,OFF
DVC-102,2026-06-07 08:00:00,26.33,26.0,28.83,0,50.9,FAN
DVC-103,2026-06-11 08:00:00,26.36,26.0,30.27,1,1276.2,COOL
DVC-103,2026-06-09 09:00:00,25.93,24.0,31.88,1,1349.7,COOL
DVC-104,2026-06-04 18:15:00,24.66,24.0,35.22,0,44.0,FAN
DVC-105,2026-06-10 19:15:00,24.45,24.0,34.42,1,1465.8,COOL
DVC-101,2026-06-11 09:30:00,25.57,24.0,31.86,1,4857.3,COOL
DVC-105,2026-06-01 12:15:00,24.19,24.0,36.04,1,1289.6,COOL
DVC-101,2026-06-03 06:15:00,25.09,26.0,27.85,0,59.6,OFF
DVC-103,2026-06-09 22:45:00,25.81,26.0,29.32,0,56.6,OFF
DVC-105,2026-06-05 11:00:00,24.17,24.0,34.94,1,1289.6,COOL
DVC-102,2026-06-08 05:30:00,25.82,26.0,27.22,0,44.8,OFF
DVC-102,2026-06-05 14:30:00,24.45,24.0,36.58,1,1536.1,COOL
DVC-103,2026-06-11 01:00:00,25.89,26.0,24.79,0,32.6,OFF
DVC-101,2026-06-07 17:15:00,24.42,24.0,35.9,0,56.4,FAN
DVC-104,2026-06-10 17:00:00,23.5,24.0,36.28,0,52.4,FAN
DVC-104,2026-06-07 06:15:00,26.51,26.0,27.14,0,28.9,OFF
DVC-104,2026-06-06 03:15:00,26.13,26.0,26.23,0,33.7,OFF
DVC-103,2026-06-06 18:45:00,24.64,24.0,34.57,0,50.9,FAN
DVC-101,2026-06-10 15:15:00,24.18,24.0,38.12,1,1186.6,COOL
DVC-101,2026-06-02 21:30:00,25.11,26.0,29.97,0,43.4,FAN
DVC-101,2026-06-09 10:45:00,24.49,24.0,33.31,0,48.0,FAN
DVC-105,2026-06-05 18:30:00,24.35,24.0,35.56,1,1455.0,COOL
DVC-105,2026-06-07 22:00:00,25.73,26.0,30.5,0,50.6,OFF
DVC-105,2026-06-09 14:45:00,24.63,24.0,36.87,0,40.6,FAN
DVC-102,2026-06-14 23:30:00,25.86,26.0,27.15,0,52.6,OFF
DVC-103,2026-06-06 11:15:00,24.25,24.0,33.69,1,1131.5,COOL
DVC-104,2026-06-07 05:45:00,26.24,26.0,26.34,0,31.4,OFF
DVC-102,2026-06-12 18:45:00,23.98,24.0,34.36,1,1318.0,COOL
DVC-104,2026-06-14 00:45:00,23.5,26.0,26.0,0,35.4,OFF
DVC-101,2026-06-05 13:45:00,24.18,24.0,36.94,1,1360.3,COOL
DVC-105,2026-06-03 02:15:00,25.68,26.0,24.89,0,36.3,OFF
DVC-105,2026-06-12 21:15:00,25.27,26.0,30.79,0,38.6,FAN
DVC-103,2026-06-03 11:30:00,24.23,24.0,34.54,1,1411.7,COOL
DVC-101,2026-06-04 06:00:00,25.07,26.0,27.8,0,53.0,OFF
DVC-104,2026-06-13 20:15:00,23.5,24.0,32.82,1,1429.7,COOL
DVC-101,2026-06-11 19:15:00,24.28,24.0,33.32,1,1307.0,COOL
DVC-102,2026-06-01 10:45:00,24.03,24.0,33.76,1,1560.9,COOL
DVC-105,2026-06-01 19:45:00,24.47,24.0,31.98,0,41.0,FAN
DVC-104,2026-06-09 22:45:00,23.5,26.0,27.85,0,19.6,OFF
DVC-104,2026-06-05 12:15:00,24.2,24.0,35.67,1,1502.1,COOL
DVC-103,2026-06-14 17:45:00,24.57,24.0,34.27,0,47.9,FAN
DVC-104,2026-06-07 01:30:00,26.7,26.0,25.91,0,28.9,OFF
DVC-101,2026-06-10 08:30:00,26.22,26.0,30.5,1,1215.0,COOL
DVC-103,2026-06-03 22:30:00,25.3,26.0,28.85,0,43.3,OFF
DVC-102,2026-06-14 11:00:00,24.14,24.0,33.89,1,1374.1,COOL
DVC-101,2026-06-12 04:30:00,25.99,26.0,24.91,0,47.7,OFF
DVC-102,2026-06-04 16:30:00,24.3,24.0,35.22,1,1211.6,COOL
DVC-101,2026-06-14 07:00:00,25.36,26.0,27.64,0,40.9,OFF
DVC-102,2026-06-03 14:00:00,24.01,24.0,36.69,1,1493.9,COOL
DVC-103,2026-06-01 10:45:00,24.54,24.0,33.93,0,32.0,FAN
DVC-104,2026-06-13 02:00:00,23.5,26.0,24.3,0,38.2,OFF
DVC-104,2026-06-10 04:30:00,23.5,26.0,25.4,0,47.6,OFF
DVC-104,2026-06-04 00:00:00,26.06,26.0,26.49,0,41.2,OFF
DVC-101,2026-06-08 07:30:00,25.74,26.0,28.09,0,55.5,OFF
DVC-102,2026-06-14 18:15:00,23.96,24.0,35.03,1,1390.0,COOL
DVC-101,2026-06-10 00:00:00,26.4,26.0,26.34,0,49.4,OFF
DVC-103,2026-06-11 23:30:00,25.54,26.0,27.32,0,49.5,OFF
DVC-103,2026-06-10 14:45:00,24.49,24.0,37.2,0,66.7,FAN
DVC-104,2026-06-04 02:30:00,25.98,26.0,25.35,0,34.9,OFF
DVC-101,2026-06-14 17:45:00,24.79,24.0,36.23,0,47.3,FAN
DVC-105,2026-06-13 15:45:00,24.29,24.0,36.38,0,51.4,FAN
DVC-104,2026-06-01 05:30:00,26.6,26.0,25.99,0,45.2,OFF
DVC-101,2026-06-08 20:15:00,24.31,24.0,33.4,1,1275.5,COOL
DVC-101,2026-06-14 05:00:00,25.39,26.0,26.19,0,34.7,OFF
DVC-102,2026-06-02 16:15:00,24.32,24.0,35.83,1,1533.9,COOL
DVC-101,2026-06-02 04:15:00,25.14,26.0,24.45,0,42.8,OFF
DVC-105,2026-06-14 00:30:00,26.48,26.0,26.52,0,63.4,OFF
DVC-105,2026-06-10 12:00:00,24.12,24.0,34.25,1,1509.9,COOL
DVC-105,2026-06-07 09:45:00,25.53,24.0,32.9,1,1404.3,COOL
DVC-105,2026-06-02 18:15:00,24.3,24.0,34.65,1,1217.9,COOL
DVC-104,2026-06-02 02:15:00,26.14,26.0,24.74,0,28.9,OFF
DVC-104,2026-06-13 12:00:00,23.5,24.0,34.56,1,1172.2,COOL
DVC-104,2026-06-04 09:00:00,25.96,24.0,30.74,1,1391.6,COOL
DVC-105,2026-06-02 16:45:00,24.49,24.0,37.01,0,46.1,FAN
DVC-105,2026-06-13 06:00:00,26.23,26.0,26.11,0,38.0,OFF
DVC-105,2026-06-08 12:45:00,24.53,24.0,36.07,1,1409.6,COOL
DVC-101,2026-06-09 08:00:00,26.05,26.0,28.94,0,57.7,FAN
DVC-101,2026-06-02 11:15:00,-99.0,24.0,33.74,1,1540.9,COOL
DVC-102,2026-06-08 21:45:00,24.92,26.0,29.62,0,40.1,FAN
DVC-101,2026-06-03 11:30:00,24.01,24.0,34.02,1,1442.3,COOL
DVC-101,2026-06-05 20:30:00,24.13,24.0,31.61,0,32.2,FAN
DVC-104,2026-06-10 20:00:00,23.5,24.0,33.08,1,1272.4,COOL
DVC-103,2026-06-02 08:00:00,26.61,26.0,29.39,1,1169.6,COOL
DVC-104,2026-06-09 19:45:00,23.5,24.0,33.36,0,51.1,FAN
DVC-103,2026-06-03 02:30:00,26.08,26.0,24.37,0,52.4,OFF
DVC-101,2026-06-04 16:30:00,24.54,24.0,37.18,1,1692.9,COOL
DVC-101,2026-06-14 09:45:00,25.05,24.0,32.16,1,1170.4,COOL
DVC-104,2026-06-12 09:30:00,23.5,24.0,32.27,1,1548.5,COOL
DVC-105,2026-06-12 14:00:00,24.27,24.0,37.33,1,1403.4,COOL
DVC-105,2026-06-10 02:15:00,25.51,26.0,24.64,0,52.7,OFF
DVC-101,2026-06-06 14:00:00,24.25,24.0,36.47,1,1260.6,COOL
DVC-102,2026-06-07 03:30:00,26.02,26.0,26.25,0,29.4,OFF
DVC-102,2026-06-13 00:00:00,25.48,26.0,26.18,0,36.3,OFF
DVC-101,2026-06-09 07:00:00,25.64,26.0,28.6,0,55.6,OFF
DVC-101,2026-06-01 10:45:00,24.63,24.0,33.79,0,35.7,FAN
DVC-103,2026-06-04 23:45:00,26.2,26.0,28.08,0,55.2,OFF
DVC-101,2026-06-01 19:30:00,24.57,24.0,33.67,0,38.8,FAN
DVC-103,2026-06-11 14:45:00,24.03,24.0,36.59,1,1212.6,COOL
DVC-103,2026-06-12 14:45:00,24.33,24.0,36.55,1,1181.4,COOL
DVC-104,2026-06-11 22:30:00,23.5,26.0,28.18,0,48.2,OFF
DVC-103,2026-06-12 02:00:00,25.66,26.0,25.13,0,48.8,OFF
DVC-103,2026-06-09 14:00:00,24.46,24.0,36.49,1,1285.7,COOL
DVC-103,2026-06-09 02:15:00,26.29,26.0,24.95,0,30.3,OFF
DVC-105,2026-06-14 11:30:00,24.84,24.0,34.88,0,28.4,FAN
DVC-102,2026-06-02 07:00:00,26.14,26.0,26.9,0,52.7,OFF
DVC-105,2026-06-01 18:00:00,24.67,24.0,35.08,0,58.1,FAN
DVC-103,2026-06-05 18:45:00,24.22,24.0,33.66,1,1187.3,COOL
DVC-102,2026-06-11 05:15:00,25.02,26.0,25.59,0,33.7,OFF
DVC-102,2026-06-07 15:15:00,24.19,24.0,36.61,1,1359.3,COOL
DVC-102,2026-06-05 07:15:00,25.76,26.0,29.49,0,47.3,OFF
DVC-101,2026-06-07 10:00:00,24.96,24.0,32.98,1,1252.1,COOL
DVC-102,2026-06-06 20:00:00,24.2,24.0,33.03,1,1324.1,COOL
DVC-102,2026-06-04 11:45:00,24.09,24.0,35.46,1,1522.8,COOL
DVC-101,2026-06-02 20:45:00,24.28,24.0,31.56,0,21.7,FAN
DVC-102,2026-06-05 04:45:00,25.79,26.0,25.02,0,51.7,OFF
DVC-105,2026-06-12 13:30:00,24.77,24.0,36.2,0,45.1,FAN
DVC-102,2026-06-06 11:15:00,24.11,24.0,32.72,1,1561.0,COOL
DVC-104,2026-06-09 20:00:00,23.5,24.0,32.13,1,1258.3,COOL
DVC-103,2026-06-02 09:45:00,25.2,24.0,32.31,1,1451.8,COOL
DVC-101,2026-06-11 21:45:00,25.49,26.0,30.16,0,46.1,FAN
DVC-104,2026-06-08 11:45:00,24.47,24.0,35.62,1,1332.6,COOL
DVC-102,2026-06-04 16:00:00,24.81,24.0,37.86,0,61.4,FAN
DVC-101,2026-06-01 21:15:00,24.87,26.0,30.9,0,47.1,FAN
DVC-104,2026-06-08 16:15:00,24.6,24.0,35.81,0,53.3,FAN
DVC-102,2026-06-05 04:15:00,25.84,26.0,24.47,0,45.7,OFF
DVC-102,2026-06-03 10:00:00,25.01,24.0,31.45,1,1303.1,COOL
DVC-105,2026-06-05 19:45:00,24.21,24.0,32.05,1,1142.7,COOL
DVC-102,2026-06-04 16:45:00,24.65,24.0,35.47,0,34.2,FAN
DVC-102,2026-06-02 02:30:00,25.68,26.0,24.87,0,36.5,OFF
DVC-104,2026-06-10 12:30:00,23.5,24.0,34.84,0,28.6,FAN
DVC-104,2026-06-04 05:45:00,25.92,26.0,25.93,0,45.0,OFF
DVC-103,2026-06-01 05:30:00,25.84,26.0,25.59,0,52.0,OFF
DVC-102,2026-06-10 06:15:00,25.64,26.0,26.58,0,39.4,OFF
DVC-102,2026-06-10 13:15:00,24.42,24.0,36.8,1,1233.7,COOL
DVC-103,2026-06-12 04:45:00,25.79,26.0,25.86,0,57.6,OFF
DVC-103,2026-06-01 15:00:00,24.18,24.0,35.96,1,1387.4,COOL
DVC-101,2026-06-02 14:45:00,24.31,24.0,38.05,1,1161.9,COOL
DVC-102,2026-06-04 13:30:00,24.45,24.0,36.19,1,1455.2,COOL
DVC-104,2026-06-11 07:45:00,23.5,26.0,29.1,0,61.0,OFF
DVC-101,2026-06-12 07:00:00,26.47,26.0,28.07,0,49.5,OFF
DVC-103,2026-06-06 19:30:00,24.27,24.0,33.26,1,1410.2,COOL
DVC-103,2026-06-04 18:45:00,24.1,24.0,34.94,1,1220.6,COOL
DVC-101,2026-06-07 18:45:00,24.15,24.0,34.23,1,1523.6,COOL
DVC-101,2026-06-10 09:30:00,25.79,24.0,31.69,1,1380.6,COOL
DVC-101,2026-06-12 13:00:00,24.86,24.0,36.98,0,28.0,FAN
DVC-103,2026-06-08 20:15:00,24.47,24.0,32.44,1,1321.8,COOL
DVC-102,2026-06-10 09:00:00,26.17,24.0,31.5,1,1199.9,COOL
DVC-103,2026-06-06 18:30:00,24.24,24.0,34.48,1,1211.1,COOL
DVC-101,2026-06-11 01:30:00,25.75,26.0,25.3,0,41.7,OFF
DVC-104,2026-06-12 05:15:00,23.5,26.0,26.3,0,43.9,OFF
DVC-102,2026-06-07 05:45:00,25.96,26.0,25.83,0,40.5,OFF
DVC-103,2026-06-14 14:00:00,24.23,24.0,36.43,1,1532.4,COOL
DVC-105,2026-06-13 03:30:00,26.0,26.0,26.65,0,40.0,OFF
DVC-104,2026-06-08 10:45:00,24.13,24.0,34.09,1,1525.5,COOL
DVC-105,2026-06-07 19:45:00,24.53,24.0,32.37,0,51.2,FAN
DVC-105,2026-06-14 19:30:00,24.47,24.0,33.08,0,40.2,FAN
DVC-101,2026-06-08 17:30:00,24.67,24.0,35.15,0,43.8,FAN
DVC-103,2026-06-08 19:00:00,24.32,24.0,34.21,0,41.4,FAN
DVC-105,2026-06-03 10:30:00,25.03,24.0,33.04,1,1429.2,COOL
DVC-105,2026-06-12 13:15:00,24.2,24.0,36.8,1,1377.6,COOL
DVC-102,2026-06-11 14:00:00,23.95,24.0,36.33,1,1337.0,COOL
DVC-101,2026-06-03 08:00:00,25.8,26.0,29.5,0,42.0,FAN
DVC-102,2026-06-03 02:45:00,26.46,26.0,24.6,0,57.0,OFF
DVC-104,2026-06-04 22:00:00,25.27,26.0,29.59,0,26.9,OFF
DVC-101,2026-06-03 02:45:00,25.64,26.0,25.4,0,38.8,OFF
DVC-105,2026-06-06 06:15:00,25.9,26.0,27.43,0,37.3,OFF
DVC-101,2026-06-03 08:15:00,25.78,26.0,29.97,0,41.7,FAN
DVC-101,2026-06-04 11:15:00,24.48,24.0,33.73,1,1563.3,COOL
DVC-102,2026-06-04 18:00:00,24.5,24.0,35.43,0,36.9,FAN
DVC-104,2026-06-01 23:15:00,26.01,26.0,27.38,0,37.2,OFF
DVC-105,2026-06-03 08:15:00,26.16,26.0,30.42,1,1361.7,COOL
DVC-101,2026-06-07 23:30:00,26.05,26.0,27.82,0,55.0,OFF
DVC-103,2026-06-06 17:00:00,24.56,24.0,36.07,0,47.8,FAN
DVC-101,2026-06-04 23:15:00,26.0,26.0,28.45,0,59.0,OFF
DVC-102,2026-06-08 15:45:00,24.49,24.0,36.99,0,42.6,FAN
DVC-104,2026-06-03 17:30:00,24.46,24.0,35.77,1,1342.8,COOL
DVC-102,2026-06-02 07:45:00,26.49,26.0,29.0,0,70.3,OFF
DVC-104,2026-06-14 08:30:00,23.5,26.0,30.45,1,1293.8,COOL
DVC-103,2026-06-11 15:30:00,24.17,24.0,37.86,1,1416.5,COOL
DVC-104,2026-06-13 01:30:00,23.5,26.0,25.4,0,45.3,OFF
DVC-103,2026-06-02 04:45:00,25.79,26.0,25.27,0,39.5,OFF
DVC-103,2026-06-05 13:00:00,24.04,24.0,36.25,1,1589.9,COOL
DVC-104,2026-06-06 14:45:00,24.37,24.0,38.74,1,1391.5,COOL
DVC-104,2026-06-12 06:00:00,23.5,26.0,26.0,0,40.0,OFF
DVC-102,2026-06-13 03:30:00,25.56,26.0,25.05,0,40.3,OFF
DVC-101,2026-06-04 21:15:00,24.67,26.0,31.11,0,47.0,FAN
DVC-101,2026-06-10 11:15:00,24.71,24.0,33.69,0,42.4,FAN
DVC-105,2026-06-12 16:30:00,24.86,24.0,36.39,0,65.4,FAN
DVC-102,2026-06-11 08:00:00,26.09,26.0,30.45,0,45.5,FAN
DVC-102,2026-06-06 23:15:00,26.31,26.0,28.12,0,39.4,OFF
DVC-101,2026-06-09 23:00:00,25.93,26.0,27.41,0,41.8,OFF
DVC-102,2026-06-09 23:00:00,26.02,26.0,28.16,0,48.4,OFF
DVC-104,2026-06-01 12:00:00,24.17,24.0,36.07,1,1472.8,COOL
DVC-105,2026-06-01 17:45:00,24.08,24.0,35.74,1,1403.0,COOL
DVC-103,2026-06-01 11:30:00,24.44,24.0,37.07,0,44.6,FAN
DVC-105,2026-06-11 16:30:00,24.59,24.0,36.54,0,39.9,FAN
DVC-102,2026-06-11 20:15:00,24.16,24.0,31.58,1,1299.1,COOL
DVC-101,2026-06-03 16:30:00,24.08,24.0,36.46,1,1219.8,COOL
DVC-104,2026-06-09 07:30:00,23.5,26.0,28.32,0,38.1,OFF
DVC-101,2026-06-11 04:15:00,25.18,26.0,25.07,0,50.5,OFF
DVC-104,2026-06-01 00:30:00,26.86,26.0,26.95,0,53.2,OFF
DVC-105,2026-06-07 03:30:00,25.96,26.0,24.85,0,58.1,OFF
DVC-102,2026-06-03 00:45:00,26.58,26.0,26.74,0,36.3,OFF
DVC-102,2026-06-03 04:45:00,26.3,26.0,25.04,0,50.4,OFF
DVC-104,2026-06-01 22:15:00,25.54,26.0,28.83,0,51.1,OFF
DVC-104,2026-06-08 02:30:00,26.71,26.0,25.89,0,46.2,OFF
DVC-101,2026-06-12 09:45:00,25.23,24.0,32.91,1,1191.2,COOL
DVC-105,2026-06-06 21:15:00,25.04,26.0,30.42,0,41.9,FAN
DVC-102,2026-06-14 19:15:00,24.15,24.0,32.94,1,1327.6,COOL
DVC-101,2026-06-13 20:00:00,24.32,24.0,31.84,0,44.5,FAN
DVC-105,2026-06-08 18:45:00,24.24,24.0,33.5,1,1279.8,COOL
DVC-101,2026-06-05 07:30:00,26.06,26.0,28.53,0,42.0,OFF
DVC-104,2026-06-13 00:45:00,23.5,26.0,26.64,0,45.0,OFF
DVC-101,2026-06-13 15:00:00,24.26,24.0,36.89,1,1296.7,COOL
DVC-104,2026-06-03 15:00:00,24.64,24.0,37.73,0,31.6,FAN
DVC-103,2026-06-12 16:00:00,24.58,24.0,37.08,0,46.1,FAN
DVC-101,2026-06-12 03:45:00,25.87,26.0,24.45,0,53.9,OFF
DVC-103,2026-06-03 03:30:00,25.88,26.0,24.95,0,32.5,OFF
DVC-105,2026-06-12 23:30:00,26.09,26.0,27.46,0,56.0,OFF
DVC-101,2026-06-10 23:00:00,26.06,26.0,27.71,0,44.6,OFF
DVC-105,2026-06-10 11:15:00,24.39,24.0,34.46,1,1431.6,COOL
DVC-102,2026-06-02 00:30:00,25.99,26.0,25.8,0,49.5,OFF
DVC-104,2026-06-12 10:30:00,23.5,24.0,33.35,1,1236.4,COOL
DVC-104,2026-06-05 14:45:00,24.91,24.0,37.34,0,51.6,FAN
DVC-103,2026-06-04 19:30:00,24.65,24.0,33.71,0,40.1,FAN
DVC-102,2026-06-11 00:15:00,26.13,26.0,25.46,0,40.5,OFF
DVC-104,2026-06-03 12:30:00,24.44,24.0,35.5,1,1374.8,COOL
DVC-104,2026-06-11 07:30:00,23.5,26.0,27.71,0,43.3,OFF
DVC-102,2026-06-11 11:30:00,24.75,24.0,34.55,0,51.1,FAN
DVC-102,2026-06-10 22:00:00,25.47,26.0,27.8,0,40.8,OFF
DVC-105,2026-06-13 17:30:00,24.21,24.0,36.12,1,1239.6,COOL
DVC-103,2026-06-05 01:00:00,26.31,26.0,25.7,0,37.8,OFF
DVC-104,2026-06-13 15:45:00,23.5,24.0,36.71,1,1352.2,COOL
DVC-101,2026-06-02 13:15:00,24.39,24.0,36.48,0,51.5,FAN
DVC-101,2026-06-03 01:15:00,25.84,26.0,25.38,0,46.1,OFF
DVC-101,2026-06-13 08:30:00,26.36,26.0,30.03,0,42.2,FAN
DVC-104,2026-06-13 08:00:00,23.5,26.0,29.13,1,1501.6,COOL
DVC-102,2026-06-06 14:30:00,24.39,24.0,36.19,1,1458.1,COOL
DVC-101,2026-06-09 00:45:00,25.71,26.0,26.83,0,4704.5,OFF
DVC-105,2026-06-02 21:30:00,24.93,26.0,30.53,0,62.6,FAN
DVC-104,2026-06-14 14:00:00,23.5,24.0,36.18,1,1309.5,COOL
DVC-102,2026-06-05 06:45:00,25.69,26.0,27.98,0,25.6,OFF
DVC-102,2026-06-02 08:45:00,26.08,26.0,30.83,1,1467.0,COOL
DVC-103,2026-06-11 13:15:00,24.76,24.0,36.31,0,43.9,FAN
DVC-105,2026-06-06 18:00:00,24.2,24.0,34.61,1,1243.6,COOL
DVC-104,2026-06-14 10:30:00,23.5,24.0,33.87,1,1219.1,COOL
DVC-101,2026-06-01 09:15:00,25.72,24.0,30.89,1,1353.4,COOL
DVC-103,2026-06-06 04:45:00,25.37,26.0,26.51,0,64.5,OFF
DVC-105,2026-06-10 10:45:00,24.27,24.0,34.73,1,1167.8,COOL
DVC-102,2026-06-01 04:45:00,26.6,26.0,25.67,0,47.4,OFF
DVC-104,2026-06-02 08:00:00,26.38,26.0,29.74,1,1331.8,COOL
DVC-101,2026-06-06 08:00:00,-99.0,26.0,29.51,1,1244.0,COOL
DVC-104,2026-06-01 06:00:00,26.88,26.0,26.48,0,43.7,OFF
DVC-104,2026-06-12 06:15:00,23.5,26.0,28.12,0,55.9,OFF
DVC-102,2026-06-04 03:45:00,25.78,26.0,24.56,0,46.2,OFF
DVC-104,2026-06-01 08:15:00,26.57,26.0,29.55,1,1297.1,COOL
DVC-103,2026-06-12 03:30:00,25.83,26.0,24.53,0,36.1,OFF
DVC-104,2026-06-03 18:30:00,24.68,24.0,34.87,0,54.9,FAN
DVC-102,2026-06-03 05:30:00,26.39,26.0,26.6,0,40.6,OFF
DVC-101,2026-06-07 10:30:00,24.34,24.0,32.93,1,1231.1,COOL
DVC-101,2026-06-01 17:15:00,24.18,24.0,35.87,1,1389.6,COOL
DVC-104,2026-06-02 07:45:00,26.78,26.0,28.46,0,34.6,OFF
DVC-102,2026-06-14 11:45:00,24.09,24.0,35.41,1,1503.3,COOL
DVC-105,2026-06-07 18:15:00,24.28,24.0,35.85,1,1372.6,COOL
DVC-103,2026-06-03 10:15:00,24.15,24.0,33.36,1,1417.6,COOL
DVC-102,2026-06-11 04:45:00,25.34,26.0,25.46,0,43.3,OFF
DVC-101,2026-06-10 18:15:00,24.64,24.0,34.9,0,34.7,FAN
DVC-101,2026-06-04 18:15:00,24.27,24.0,35.19,1,1465.7,COOL
DVC-101,2026-06-02 02:15:00,25.55,26.0,24.99,0,38.7,OFF
DVC-102,2026-06-01 21:45:00,24.8,26.0,30.71,0,46.3,FAN
DVC-105,2026-06-06 11:00:00,23.96,24.0,34.35,1,1458.9,COOL
DVC-103,2026-06-10 03:15:00,25.66,26.0,25.55,0,31.8,OFF
DVC-105,2026-06-02 10:45:00,24.01,24.0,33.39,1,1402.2,COOL
DVC-104,2026-06-10 05:30:00,23.5,26.0,26.94,0,39.9,OFF
DVC-101,2026-06-06 17:45:00,25.02,24.0,35.84,0,41.2,FAN
DVC-104,2026-06-08 13:15:00,24.34,24.0,35.53,1,1625.2,COOL
DVC-103,2026-06-09 20:15:00,24.75,24.0,32.52,0,46.8,FAN
DVC-102,2026-06-08 16:15:00,24.49,24.0,36.09,0,49.0,FAN
DVC-103,2026-06-10 00:45:00,26.33,26.0,25.24,0,36.4,OFF
DVC-104,2026-06-11 07:15:00,23.5,26.0,28.81,0,53.2,OFF
DVC-102,2026-06-03 06:00:00,26.57,26.0,26.89,0,67.7,OFF
DVC-101,2026-06-03 11:45:00,24.55,24.0,34.64,0,51.4,FAN
DVC-102,2026-06-01 23:30:00,25.65,26.0,26.98,0,43.3,OFF
DVC-102,2026-06-09 14:00:00,24.62,24.0,37.32,0,29.2,FAN
DVC-105,2026-06-02 06:45:00,26.39,26.0,28.28,0,57.2,OFF
DVC-103,2026-06-13 14:00:00,24.5,24.0,37.2,0,36.3,FAN
DVC-101,2026-06-14 06:15:00,25.25,26.0,27.27,0,59.1,OFF
DVC-104,2026-06-08 19:45:00,24.43,24.0,33.38,1,1173.7,COOL
DVC-103,2026-06-12 22:00:00,24.94,26.0,29.97,0,37.7,OFF
DVC-104,2026-06-07 03:45:00,26.23,26.0,24.43,0,39.1,OFF
DVC-102,2026-06-12 09:30:00,25.19,24.0,32.13,1,1322.9,COOL
DVC-101,2026-06-11 22:45:00,25.96,26.0,28.22,0,45.5,OFF
DVC-102,2026-06-10 05:30:00,25.68,26.0,25.66,0,46.5,OFF
DVC-105,2026-06-08 07:15:00,26.09,26.0,29.14,0,45.3,OFF
DVC-102,2026-06-01 02:15:00,26.96,26.0,24.38,0,60.3,OFF
DVC-101,2026-06-05 12:00:00,23.98,24.0,35.16,1,1423.3,COOL
DVC-104,2026-06-07 15:00:00,24.01,24.0,36.55,1,1356.2,COOL
DVC-105,2026-06-04 04:45:00,25.63,26.0,25.84,0,34.2,OFF
DVC-103,2026-06-11 13:30:00,24.49,24.0,36.93,1,1405.5,COOL
DVC-103,2026-06-13 02:45:00,25.67,26.0,23.05,0,42.5,OFF
DVC-105,2026-06-09 00:15:00,26.56,26.0,27.44,0,29.4,OFF
DVC-101,2026-06-07 16:15:00,24.75,24.0,37.1,0,58.5,FAN
DVC-101,2026-06-07 04:00:00,26.02,26.0,26.3,0,55.8,OFF
DVC-101,2026-06-11 04:30:00,25.1,26.0,24.61,0,3960.0,OFF
DVC-102,2026-06-12 02:00:00,25.97,26.0,25.99,0,54.6,OFF
DVC-104,2026-06-04 02:15:00,26.05,26.0,25.35,0,57.9,OFF
DVC-105,2026-06-05 22:30:00,25.59,26.0,28.71,0,45.8,OFF
DVC-105,2026-06-14 19:45:00,24.14,24.0,32.76,1,1401.6,COOL
DVC-104,2026-06-14 02:15:00,23.5,26.0,25.06,0,43.9,OFF
DVC-103,2026-06-14 22:30:00,25.46,26.0,28.77,0,46.5,OFF
DVC-103,2026-06-03 16:15:00,24.63,24.0,37.02,0,47.5,FAN
DVC-102,2026-06-09 08:00:00,26.26,26.0,29.04,0,43.1,FAN
DVC-102,2026-06-11 05:00:00,25.26,26.0,25.62,0,42.2,OFF
DVC-105,2026-06-02 03:15:00,25.86,26.0,25.38,0,42.1,OFF
DVC-101,2026-06-06 12:45:00,24.31,24.0,35.42,0,47.9,FAN
DVC-102,2026-06-08 11:15:00,24.32,24.0,34.82,1,1357.8,COOL
DVC-104,2026-06-13 23:00:00,23.5,26.0,27.38,0,62.5,OFF
DVC-103,2026-06-10 07:45:00,25.56,26.0,27.56,0,41.9,OFF
DVC-102,2026-06-01 09:15:00,25.81,24.0,31.75,1,1349.3,COOL
DVC-102,2026-06-08 21:30:00,24.82,26.0,30.24,0,52.6,FAN
DVC-103,2026-06-12 00:15:00,25.66,26.0,26.03,0,53.5,OFF
DVC-102,2026-06-03 01:30:00,26.18,26.0,25.22,0,69.1,OFF
DVC-103,2026-06-05 05:00:00,25.99,26.0,27.01,0,49.5,OFF
DVC-104,2026-06-06 02:15:00,25.9,26.0,24.78,0,36.8,OFF
DVC-101,2026-06-06 03:00:00,26.33,26.0,24.83,0,46.7,OFF
DVC-105,2026-06-06 16:00:00,24.71,24.0,36.65,0,37.3,FAN
DVC-104,2026-06-11 03:30:00,23.5,26.0,25.22,0,70.6,OFF
DVC-103,2026-06-05 23:15:00,25.94,26.0,27.66,0,44.2,OFF
DVC-104,2026-06-11 05:45:00,23.5,26.0,26.08,0,23.7,OFF
DVC-105,2026-06-09 15:30:00,24.69,24.0,35.94,0,56.8,FAN
DVC-103,2026-06-05 16:45:00,24.57,24.0,36.97,0,57.8,FAN
DVC-102,2026-06-08 14:45:00,24.24,24.0,37.29,1,1631.5,COOL
DVC-101,2026-06-13 19:15:00,24.71,24.0,33.99,0,30.2,FAN
DVC-103,2026-06-12 07:00:00,26.56,26.0,28.57,0,50.6,OFF
DVC-102,2026-06-11 19:45:00,24.27,24.0,32.3,1,1363.4,COOL
DVC-105,2026-06-11 12:15:00,24.69,24.0,34.63,0,62.2,FAN
DVC-101,2026-06-05 08:15:00,26.46,26.0,30.63,0,51.0,FAN
DVC-102,2026-06-04 02:00:00,25.84,26.0,24.88,0,42.9,OFF
DVC-103,2026-06-09 01:15:00,26.5,26.0,25.52,0,51.3,OFF
DVC-103,2026-06-14 22:45:00,25.47,26.0,28.88,0,46.1,OFF
DVC-103,2026-06-01 08:15:00,26.15,26.0,30.2,1,1299.3,COOL
DVC-104,2026-06-01 21:45:00,25.29,26.0,28.47,0,39.4,FAN
DVC-103,2026-06-03 10:00:00,24.5,24.0,32.36,1,1312.1,COOL
DVC-105,2026-06-07 13:00:00,24.45,24.0,35.58,1,1325.1,COOL
DVC-102,2026-06-01 06:15:00,26.68,26.0,26.94,0,51.1,OFF
DVC-102,2026-06-01 10:30:00,24.36,24.0,32.92,1,1326.0,COOL
DVC-105,2026-06-06 21:30:00,25.21,26.0,30.28,0,33.1,FAN
DVC-101,2026-06-03 18:15:00,24.37,24.0,35.56,0,26.7,FAN
DVC-105,2026-06-10 10:00:00,24.95,24.0,33.77,1,1376.9,COOL
DVC-103,2026-06-10 02:45:00,25.89,26.0,25.35,0,37.4,OFF
DVC-102,2026-06-01 02:30:00,26.99,26.0,24.77,0,32.5,OFF
DVC-101,2026-06-09 11:00:00,24.32,24.0,34.15,1,1353.4,COOL
DVC-102,2026-06-12 08:15:00,26.57,26.0,29.72,0,48.3,FAN
DVC-102,2026-06-03 07:45:00,26.78,26.0,29.2,0,63.9,OFF
DVC-103,2026-06-06 07:15:00,26.09,26.0,29.16,0,42.3,OFF
DVC-102,2026-06-09 12:00:00,24.19,24.0,34.63,1,1390.4,COOL
DVC-105,2026-06-10 16:00:00,24.09,24.0,36.67,1,1340.2,COOL
DVC-105,2026-06-01 20:30:00,24.23,24.0,32.56,1,1418.4,COOL
DVC-105,2026-06-04 18:15:00,24.48,24.0,34.72,1,1443.9,COOL
DVC-104,2026-06-04 07:00:00,26.48,26.0,28.57,0,46.9,OFF
DVC-104,2026-06-06 11:00:00,24.05,24.0,34.28,1,1511.2,COOL
DVC-103,2026-06-09 21:15:00,24.87,26.0,30.54,0,59.3,FAN
DVC-101,2026-06-12 02:15:00,26.48,26.0,25.08,0,54.4,OFF
DVC-104,2026-06-13 06:45:00,23.5,26.0,26.83,0,50.4,OFF
DVC-101,2026-06-11 06:30:00,25.77,26.0,26.5,0,51.5,OFF
DVC-105,2026-06-03 13:00:00,24.68,24.0,36.94,0,27.2,FAN
DVC-105,2026-06-11 23:00:00,25.7,26.0,28.43,0,40.7,OFF
DVC-101,2026-06-04 20:15:00,24.16,24.0,32.68,1,1211.6,COOL
DVC-101,2026-06-10 11:45:00,24.36,24.0,35.19,1,1415.6,COOL
DVC-104,2026-06-07 06:45:00,26.66,26.0,28.59,0,51.7,OFF
DVC-102,2026-06-13 08:30:00,25.99,26.0,29.62,1,1334.6,COOL
DVC-101,2026-06-02 19:00:00,24.4,24.0,33.73,0,53.7,FAN
DVC-105,2026-06-06 05:00:00,25.79,26.0,26.06,0,54.0,OFF
DVC-102,2026-06-02 01:00:00,25.91,26.0,26.24,0,58.4,OFF
DVC-104,2026-06-07 15:15:00,24.35,24.0,36.79,0,48.3,FAN
DVC-104,2026-06-09 02:00:00,23.5,26.0,24.88,0,34.2,OFF
DVC-101,2026-06-13 21:30:00,24.77,26.0,30.59,0,42.0,FAN
DVC-105,2026-06-13 20:00:00,24.39,24.0,32.49,1,1510.2,COOL
DVC-102,2026-06-03 12:30:00,24.27,24.0,36.28,1,1418.4,COOL
DVC-102,2026-06-04 11:00:00,24.4,24.0,33.12,0,45.9,FAN
DVC-104,2026-06-07 21:00:00,24.3,26.0,29.87,0,27.5,FAN
DVC-101,2026-06-13 09:00:00,25.8,24.0,31.37,1,1359.7,COOL
DVC-102,2026-06-12 10:45:00,24.41,24.0,33.76,0,60.3,FAN
DVC-102,2026-06-06 17:45:00,24.58,24.0,35.7,0,42.2,FAN
DVC-105,2026-06-14 16:30:00,24.67,24.0,36.33,1,1323.2,COOL
DVC-105,2026-06-09 15:00:00,24.4,24.0,36.16,1,1274.8,COOL
DVC-105,2026-06-04 11:15:00,24.74,24.0,33.92,0,60.0,FAN
DVC-101,2026-06-01 16:00:00,24.65,24.0,37.22,0,22.4,FAN
DVC-103,2026-06-06 16:45:00,23.98,24.0,36.43,1,1285.1,COOL
DVC-104,2026-06-14 03:45:00,23.5,26.0,25.74,0,52.2,OFF
DVC-105,2026-06-06 07:00:00,25.74,26.0,27.59,0,52.1,OFF
DVC-104,2026-06-11 02:15:00,23.5,26.0,24.3,0,57.2,OFF
DVC-101,2026-06-14 04:00:00,25.45,26.0,25.17,0,61.4,OFF
DVC-101,2026-06-01 01:15:00,26.82,26.0,24.84,0,49.7,OFF
DVC-101,2026-06-08 03:00:00,25.39,26.0,24.74,0,44.5,OFF
DVC-102,2026-06-07 06:15:00,25.85,26.0,27.08,0,49.6,OFF
DVC-104,2026-06-05 07:15:00,25.63,26.0,28.81,0,53.8,OFF
DVC-103,2026-06-04 22:45:00,25.97,26.0,28.31,0,40.6,OFF
DVC-104,2026-06-09 07:15:00,23.5,26.0,28.08,0,58.7,OFF
DVC-104,2026-06-09 03:30:00,23.5,26.0,25.16,0,55.5,OFF
DVC-101,2026-06-03 14:45:00,23.99,24.0,37.19,1,1215.8,COOL
DVC-103,2026-06-01 03:00:00,26.18,26.0,25.76,0,65.4,OFF
DVC-103,2026-06-06 11:45:00,24.25,24.0,33.78,1,1234.9,COOL
DVC-102,2026-06-06 03:00:00,25.39,26.0,24.55,0,35.1,OFF
DVC-104,2026-06-11 12:45:00,23.5,24.0,36.16,0,45.2,FAN
DVC-101,2026-06-07 22:45:00,25.82,26.0,28.64,0,60.7,OFF
DVC-104,2026-06-14 03:30:00,23.5,26.0,25.18,0,42.6,OFF
DVC-101,2026-06-08 04:15:00,25.24,26.0,25.06,0,46.8,OFF
DVC-105,2026-06-03 16:15:00,24.24,24.0,38.6,1,1222.8,COOL
DVC-102,2026-06-07 16:15:00,24.62,24.0,37.02,0,39.3,FAN
DVC-105,2026-06-07 07:00:00,26.51,26.0,28.2,0,49.8,OFF
DVC-102,2026-06-04 07:00:00,26.27,26.0,27.72,0,35.3,OFF
DVC-105,2026-06-08 15:00:00,24.22,24.0,36.79,1,1340.0,COOL
DVC-102,2026-06-14 04:30:00,25.24,26.0,25.0,0,40.2,OFF
DVC-101,2026-06-04 01:00:00,25.71,26.0,26.69,0,52.3,OFF
DVC-102,2026-06-12 22:30:00,25.1,26.0,28.04,0,29.7,OFF
DVC-102,2026-06-13 12:30:00,24.27,24.0,36.0,1,1407.5,COOL
DVC-105,2026-06-08 00:30:00,26.28,26.0,24.77,0,34.3,OFF
DVC-102,2026-06-11 05:45:00,25.41,26.0,26.63,0,58.9,OFF
DVC-102,2026-06-03 23:00:00,25.95,26.0,28.0,0,50.3,OFF
DVC-105,2026-06-05 00:30:00,25.59,26.0,26.13,0,47.5,OFF
DVC-101,2026-06-03 22:45:00,25.51,26.0,28.62,0,50.1,OFF
DVC-103,2026-06-04 07:30:00,26.42,26.0,28.4,0,44.9,OFF
DVC-102,2026-06-09 02:45:00,25.06,26.0,25.03,0,40.8,OFF
DVC-103,2026-06-11 14:00:00,24.12,24.0,37.56,1,1476.9,COOL
DVC-105,2026-06-11 09:30:00,25.64,24.0,31.25,1,1407.1,COOL
DVC-103,2026-06-09 22:30:00,25.64,26.0,29.04,0,47.3,OFF
DVC-105,2026-06-04 12:30:00,24.19,24.0,35.76,1,1436.5,COOL
DVC-101,2026-06-02 09:15:00,25.53,24.0,31.26,1,1319.7,COOL
DVC-104,2026-06-04 13:15:00,24.36,24.0,36.79,0,29.0,FAN
DVC-101,2026-06-02 04:30:00,25.19,26.0,25.5,0,44.9,OFF
DVC-105,2026-06-13 11:45:00,24.74,24.0,34.49,0,44.7,FAN
DVC-102,2026-06-01 11:15:00,24.11,24.0,33.84,1,1127.3,COOL
DVC-103,2026-06-05 16:15:00,24.35,24.0,36.43,1,1279.4,COOL
DVC-102,2026-06-13 00:30:00,25.53,26.0,26.13,0,38.1,OFF
DVC-103,2026-06-01 04:15:00,26.03,26.0,26.08,0,33.3,OFF
DVC-102,2026-06-04 10:45:00,23.98,24.0,33.71,1,1189.6,COOL
DVC-105,2026-06-05 08:00:00,26.34,26.0,29.59,0,39.3,FAN
DVC-103,2026-06-13 11:45:00,24.62,24.0,34.94,0,55.6,FAN
DVC-101,2026-06-04 21:00:00,24.35,26.0,31.51,0,38.7,FAN
DVC-104,2026-06-05 03:00:00,25.65,26.0,24.32,0,38.7,OFF
DVC-103,2026-06-10 05:30:00,25.23,26.0,25.39,0,55.7,OFF
DVC-103,2026-06-02 17:00:00,24.68,24.0,36.96,0,53.4,FAN
DVC-105,2026-06-13 03:15:00,26.04,26.0,24.88,0,40.0,OFF
DVC-102,2026-06-08 12:30:00,24.47,24.0,35.71,1,1430.5,COOL
DVC-105,2026-06-14 01:45:00,26.2,26.0,25.15,0,46.2,OFF
DVC-104,2026-06-08 09:45:00,25.24,24.0,32.05,1,1285.8,COOL
DVC-103,2026-06-10 02:15:00,26.01,26.0,24.99,0,48.9,OFF
DVC-103,2026-06-06 10:00:00,25.11,24.0,32.02,1,1216.4,COOL
DVC-105,2026-06-04 13:15:00,24.19,24.0,36.21,1,1573.0,COOL
DVC-104,2026-06-07 12:45:00,24.23,24.0,35.87,1,1298.3,COOL
DVC-102,2026-06-12 20:45:00,24.55,24.0,31.36,0,51.6,FAN
DVC-101,2026-06-01 23:30:00,25.83,26.0,26.34,0,33.4,OFF
DVC-101,2026-06-12 07:15:00,26.59,26.0,28.1,0,34.6,OFF
DVC-103,2026-06-09 13:15:00,24.44,24.0,37.22,1,1353.2,COOL
DVC-103,2026-06-14 08:45:00,26.38,26.0,29.49,0,60.6,FAN
DVC-101,2026-06-10 02:00:00,26.25,26.0,25.64,0,39.8,OFF
DVC-105,2026-06-07 18:00:00,24.61,24.0,34.44,0,59.1,FAN
DVC-104,2026-06-04 20:30:00,24.2,24.0,31.26,1,1351.8,COOL
DVC-101,2026-06-03 00:15:00,26.2,26.0,27.37,0,44.7,OFF
DVC-102,2026-06-02 03:45:00,25.68,26.0,25.33,0,43.1,OFF
DVC-105,2026-06-02 06:00:00,25.91,26.0,26.81,0,56.3,OFF
DVC-103,2026-06-06 17:15:00,24.18,24.0,35.9,1,1335.9,COOL
DVC-102,2026-06-06 15:30:00,24.48,24.0,36.81,1,1354.0,COOL
DVC-105,2026-06-01 18:15:00,24.33,24.0,34.09,1,1623.3,COOL
DVC-103,2026-06-12 06:30:00,26.18,26.0,27.33,0,63.2,OFF
DVC-105,2026-06-09 16:00:00,24.03,24.0,36.66,1,1229.0,COOL
DVC-105,2026-06-06 22:30:00,25.95,26.0,27.76,0,30.3,OFF
DVC-105,2026-06-12 15:00:00,24.81,24.0,36.7,0,36.5,FAN
DVC-103,2026-06-04 11:15:00,24.17,24.0,34.35,1,1208.3,COOL
DVC-104,2026-06-05 11:30:00,24.13,24.0,35.93,1,1178.9,COOL
DVC-105,2026-06-04 11:00:00,24.29,24.0,33.45,1,1406.3,COOL
DVC-101,2026-06-02 15:00:00,23.96,24.0,37.08,1,1138.8,COOL
DVC-105,2026-06-09 13:15:00,24.49,24.0,36.33,1,1491.8,COOL
DVC-104,2026-06-01 19:30:00,24.05,24.0,33.17,1,1113.6,COOL
DVC-102,2026-06-03 22:15:00,25.63,26.0,28.64,0,32.4,OFF
DVC-105,2026-06-05 06:30:00,25.61,26.0,27.28,0,33.8,OFF
DVC-101,2026-06-14 01:15:00,26.11,26.0,25.8,0,44.1,OFF
DVC-105,2026-06-11 06:00:00,26.19,26.0,27.11,0,43.8,OFF
DVC-104,2026-06-11 17:45:00,23.5,24.0,36.72,1,1504.9,COOL
DVC-104,2026-06-08 12:45:00,24.11,24.0,35.77,1,1240.8,COOL
DVC-102,2026-06-14 21:15:00,24.54,26.0,30.6,0,35.7,FAN
DVC-101,2026-06-06 00:15:00,26.21,26.0,27.35,0,64.4,OFF
DVC-103,2026-06-12 01:15:00,25.78,26.0,25.93,0,60.9,OFF
DVC-104,2026-06-10 17:45:00,23.5,24.0,36.16,0,28.8,FAN
DVC-102,2026-06-02 17:15:00,24.82,24.0,36.23,0,51.6,FAN
DVC-104,2026-06-09 03:15:00,23.5,26.0,25.31,0,53.1,OFF
DVC-102,2026-06-14 21:30:00,24.85,26.0,30.74,0,54.4,FAN
DVC-101,2026-06-07 03:00:00,26.09,26.0,25.14,0,42.8,OFF
DVC-103,2026-06-04 12:00:00,24.61,24.0,35.18,0,36.9,FAN
DVC-104,2026-06-04 21:45:00,25.07,26.0,29.42,0,41.6,FAN
DVC-101,2026-06-02 22:45:00,25.8,26.0,27.61,0,31.6,OFF
DVC-102,2026-06-09 09:45:00,24.86,24.0,32.94,1,1315.4,COOL
DVC-102,2026-06-07 11:15:00,24.57,24.0,34.86,0,51.4,FAN
DVC-104,2026-06-13 18:15:00,23.5,24.0,35.37,1,1203.6,COOL
DVC-104,2026-06-13 16:15:00,23.5,24.0,34.97,0,49.6,FAN
DVC-103,2026-06-01 11:15:00,23.98,24.0,35.06,1,1318.2,COOL
DVC-105,2026-06-12 08:00:00,26.37,26.0,29.82,1,1450.5,COOL
DVC-105,2026-06-12 06:15:00,25.66,26.0,27.69,0,58.7,OFF
DVC-103,2026-06-14 09:00:00,26.05,24.0,31.09,1,1412.9,COOL
DVC-105,2026-06-03 15:00:00,24.02,24.0,37.01,1,1456.8,COOL
DVC-103,2026-06-06 15:15:00,24.11,24.0,37.35,1,1433.7,COOL
DVC-105,2026-06-02 02:00:00,25.82,26.0,24.17,0,53.0,OFF
DVC-104,2026-06-07 02:00:00,26.31,26.0,24.82,0,41.4,OFF
DVC-105,2026-06-04 22:45:00,25.52,26.0,27.72,0,51.7,OFF
DVC-101,2026-06-08 13:00:00,24.57,24.0,35.64,0,59.8,FAN
DVC-103,2026-06-04 09:15:00,25.94,24.0,31.66,1,1223.9,COOL
DVC-102,2026-06-05 01:45:00,25.97,26.0,25.77,0,64.6,OFF
DVC-102,2026-06-05 08:45:00,26.24,26.0,30.81,0,37.5,FAN
DVC-102,2026-06-01 11:30:00,24.66,24.0,34.61,0,51.2,FAN
DVC-102,2026-06-02 16:45:00,24.48,24.0,36.36,0,63.1,FAN
DVC-103,2026-06-13 21:45:00,25.17,26.0,30.68,0,38.2,FAN
DVC-105,2026-06-09 07:45:00,26.77,26.0,28.75,0,50.4,OFF
DVC-105,2026-06-03 12:30:00,24.36,24.0,35.74,1,1250.2,COOL
DVC-105,2026-06-05 12:45:00,24.32,24.0,35.5,1,1254.7,COOL
DVC-101,2026-06-11 15:45:00,24.78,24.0,37.25,0,49.3,FAN
DVC-101,2026-06-13 08:45:00,26.01,26.0,30.83,1,1430.2,COOL
DVC-105,2026-06-03 09:45:00,25.71,24.0,32.94,1,1299.2,COOL
DVC-104,2026-06-14 15:30:00,23.5,24.0,36.44,1,1280.6,COOL
DVC-103,2026-06-03 00:15:00,26.22,26.0,26.74,0,50.2,OFF
DVC-102,2026-06-10 07:15:00,26.05,26.0,29.06,0,40.6,OFF
DVC-102,2026-06-10 16:00:00,24.67,24.0,37.3,0,30.2,FAN
DVC-102,2026-06-11 17:00:00,24.15,24.0,36.81,1,1191.4,COOL
DVC-104,2026-06-03 22:15:00,25.53,26.0,28.23,0,43.2,OFF
DVC-103,2026-06-04 17:30:00,24.67,24.0,36.14,1,1226.8,COOL
DVC-104,2026-06-04 22:30:00,25.28,26.0,28.36,0,12.8,OFF
DVC-102,2026-06-06 10:00:00,24.92,24.0,32.72,1,1480.0,COOL
DVC-102,2026-06-14 16:15:00,24.62,24.0,37.34,0,46.5,FAN
DVC-104,2026-06-09 05:30:00,23.5,26.0,26.06,0,38.7,OFF
DVC-104,2026-06-07 09:15:00,25.72,24.0,31.67,1,1314.3,COOL
DVC-103,2026-06-14 09:15:00,25.84,24.0,31.06,1,1338.3,COOL
DVC-102,2026-06-12 16:30:00,24.24,24.0,37.19,1,1349.1,COOL
DVC-105,2026-06-08 03:30:00,25.67,26.0,26.15,0,55.1,OFF
DVC-101,2026-06-08 13:15:00,24.23,24.0,37.26,1,1255.7,COOL
DVC-105,2026-06-09 08:15:00,26.24,26.0,29.78,1,1238.0,COOL
DVC-105,2026-06-11 07:45:00,26.34,26.0,29.07,0,33.0,OFF
DVC-105,2026-06-01 09:00:00,25.94,24.0,31.44,1,1308.3,COOL
DVC-102,2026-06-10 00:00:00,26.29,26.0,26.55,0,38.6,OFF
DVC-104,2026-06-12 07:15:00,23.5,26.0,28.99,0,43.5,OFF
DVC-103,2026-06-02 18:00:00,24.51,24.0,34.64,1,1447.2,COOL
DVC-105,2026-06-01 19:00:00,24.02,24.0,34.54,1,1300.8,COOL
DVC-101,2026-06-11 07:15:00,26.09,26.0,28.06,0,38.3,OFF
DVC-101,2026-06-13 06:30:00,25.54,26.0,27.57,0,31.8,OFF
DVC-102,2026-06-01 14:45:00,24.8,24.0,37.65,0,53.1,FAN
DVC-105,2026-06-02 08:30:00,26.27,26.0,30.22,1,1336.0,COOL
DVC-103,2026-06-10 15:45:00,24.33,24.0,36.84,1,1077.5,COOL
DVC-103,2026-06-01 13:30:00,24.43,24.0,37.61,1,1478.6,COOL
DVC-105,2026-06-06 23:45:00,26.38,26.0,27.68,0,44.0,OFF
DVC-102,2026-06-13 12:15:00,24.63,24.0,36.32,0,35.5,FAN
DVC-105,2026-06-02 21:45:00,25.17,26.0,30.21,0,23.4,FAN
DVC-104,2026-06-07 10:45:00,24.54,24.0,33.51,0,49.3,FAN
DVC-103,2026-06-09 09:45:00,25.1,24.0,31.46,1,1405.7,COOL
DVC-101,2026-06-05 18:00:00,24.55,24.0,35.89,0,48.3,FAN
DVC-103,2026-06-03 08:00:00,26.03,26.0,29.85,0,31.0,FAN
DVC-103,2026-06-01 23:00:00,24.95,26.0,28.41,0,54.6,OFF
DVC-105,2026-06-09 04:30:00,25.61,26.0,24.24,0,39.1,OFF
DVC-103,2026-06-03 19:00:00,24.36,24.0,33.52,1,1237.2,COOL
DVC-102,2026-06-01 14:15:00,24.43,24.0,36.65,0,51.7,FAN
DVC-104,2026-06-04 06:15:00,26.06,26.0,26.67,0,44.1,OFF
DVC-105,2026-06-07 13:15:00,24.24,24.0,36.21,1,1400.5,COOL
DVC-101,2026-06-03 12:15:00,24.73,24.0,35.45,0,60.6,FAN
DVC-104,2026-06-04 04:15:00,25.92,26.0,25.66,0,52.6,OFF
DVC-102,2026-06-14 10:15:00,24.39,24.0,32.34,1,1391.4,COOL
DVC-101,2026-06-07 20:00:00,24.4,24.0,32.03,0,44.8,FAN
DVC-103,2026-06-02 03:45:00,25.49,26.0,25.0,0,52.8,OFF
DVC-104,2026-06-01 21:15:00,25.11,26.0,31.23,0,25.9,FAN
DVC-105,2026-06-08 08:30:00,25.97,26.0,31.24,1,1086.9,COOL
DVC-104,2026-06-03 11:45:00,24.5,24.0,35.18,0,51.3,FAN
DVC-102,2026-06-08 05:45:00,25.83,26.0,27.01,0,52.0,OFF
DVC-105,2026-06-03 11:00:00,24.44,24.0,33.37,1,1206.0,COOL
DVC-104,2026-06-06 17:45:00,24.1,24.0,35.09,1,1234.2,COOL
DVC-105,2026-06-05 19:15:00,24.23,24.0,33.09,1,1140.3,COOL
DVC-105,2026-06-08 05:45:00,25.63,26.0,25.55,0,57.5,OFF
DVC-102,2026-06-10 21:30:00,25.04,26.0,29.37,0,34.6,FAN
DVC-104,2026-06-06 13:00:00,24.4,24.0,37.05,1,1365.3,COOL
DVC-103,2026-06-04 10:15:00,24.86,24.0,32.83,1,1307.2,COOL
DVC-103,2026-06-14 19:30:00,24.63,24.0,33.18,0,53.6,FAN
DVC-101,2026-06-09 04:00:00,25.44,26.0,25.21,0,50.4,OFF
DVC-105,2026-06-02 20:15:00,24.59,24.0,32.3,0,47.4,FAN
DVC-104,2026-06-08 12:30:00,24.47,24.0,37.25,1,1302.6,COOL
DVC-103,2026-06-08 19:15:00,23.93,24.0,33.75,1,1539.7,COOL
DVC-104,2026-06-02 18:45:00,24.21,24.0,34.93,1,1572.2,COOL
DVC-101,2026-06-02 19:45:00,24.23,24.0,33.03,1,1399.2,COOL
DVC-102,2026-06-01 22:30:00,25.41,26.0,29.04,0,62.1,OFF
DVC-105,2026-06-07 06:45:00,26.28,26.0,27.85,0,58.8,OFF
DVC-102,2026-06-04 04:00:00,25.9,26.0,24.94,0,49.4,OFF
DVC-101,2026-06-14 03:30:00,25.74,26.0,25.53,0,48.9,OFF
DVC-105,2026-06-07 04:00:00,25.89,26.0,24.61,0,52.6,OFF
DVC-102,2026-06-12 07:45:00,25.91,26.0,28.92,0,60.5,OFF
DVC-104,2026-06-01 12:45:00,24.38,24.0,35.28,1,1311.3,COOL
DVC-102,2026-06-08 07:00:00,26.16,26.0,27.46,0,53.8,OFF
DVC-103,2026-06-01 19:15:00,24.4,24.0,33.33,0,39.4,FAN
DVC-103,2026-06-05 11:45:00,24.58,24.0,35.08,0,44.2,FAN
DVC-101,2026-06-10 23:15:00,26.04,26.0,29.01,0,54.7,OFF
DVC-105,2026-06-04 21:45:00,25.3,26.0,29.73,0,32.2,FAN
DVC-101,2026-06-06 10:45:00,24.57,24.0,33.54,0,25.4,FAN
DVC-104,2026-06-10 20:45:00,23.5,24.0,31.47,0,56.9,FAN
DVC-103,2026-06-11 21:00:00,24.14,26.0,30.06,0,27.2,FAN
DVC-104,2026-06-06 05:15:00,25.57,26.0,26.52,0,46.4,OFF
DVC-103,2026-06-13 20:00:00,24.44,24.0,31.97,0,46.9,FAN
DVC-104,2026-06-08 06:15:00,26.42,26.0,26.36,0,37.4,OFF
DVC-102,2026-06-05 09:15:00,25.72,24.0,31.37,1,1367.4,COOL
DVC-103,2026-06-01 01:15:00,27.02,26.0,25.84,0,36.5,OFF
DVC-102,2026-06-11 20:45:00,24.24,24.0,31.22,1,1480.7,COOL
DVC-105,2026-06-10 12:30:00,24.33,24.0,35.38,1,1395.1,COOL
DVC-105,2026-06-10 18:00:00,24.66,24.0,35.85,0,51.5,FAN
DVC-104,2026-06-14 23:45:00,23.5,26.0,26.91,0,45.3,OFF
DVC-101,2026-06-12 11:00:00,24.67,24.0,34.68,0,41.7,FAN
DVC-105,2026-06-06 03:00:00,25.79,26.0,25.13,0,32.8,OFF
DVC-101,2026-06-01 19:00:00,24.6,24.0,33.74,0,33.5,FAN
DVC-103,2026-06-13 15:45:00,24.66,24.0,37.23,0,42.0,FAN
DVC-105,2026-06-03 06:45:00,25.53,26.0,27.26,0,41.4,OFF
DVC-103,2026-06-14 07:30:00,25.98,26.0,28.4,0,35.3,OFF
DVC-104,2026-06-10 01:30:00,23.5,26.0,24.68,0,56.0,OFF
DVC-101,2026-06-01 11:45:00,24.3,24.0,35.09,1,1484.5,COOL
DVC-101,2026-06-03 15:15:00,24.32,24.0,36.4,1,1377.8,COOL
DVC-103,2026-06-12 08:15:00,26.29,26.0,29.22,1,1272.0,COOL
DVC-101,2026-06-03 17:00:00,24.3,24.0,36.05,1,1368.9,COOL
DVC-101,2026-06-01 11:00:00,24.45,24.0,34.07,1,1153.7,COOL
DVC-105,2026-06-08 16:30:00,24.39,24.0,36.99,1,1245.9,COOL
DVC-102,2026-06-03 13:15:00,24.13,24.0,35.9,1,1249.0,COOL
DVC-105,2026-06-06 09:45:00,25.46,24.0,32.16,1,1247.7,COOL
DVC-102,2026-06-12 05:30:00,25.47,26.0,25.63,0,43.7,OFF
DVC-101,2026-06-01 03:45:00,25.94,26.0,24.6,0,48.6,OFF
DVC-103,2026-06-10 04:30:00,25.62,26.0,25.17,0,62.0,OFF
DVC-104,2026-06-07 20:30:00,24.44,24.0,32.38,1,1310.9,COOL
DVC-104,2026-06-01 15:30:00,24.79,24.0,37.19,0,50.3,FAN
DVC-105,2026-06-01 07:45:00,26.29,26.0,29.0,0,44.0,OFF
DVC-102,2026-06-05 19:45:00,24.39,24.0,32.96,1,1497.9,COOL
DVC-101,2026-06-04 14:45:00,24.53,24.0,37.34,0,47.9,FAN
DVC-104,2026-06-09 08:30:00,23.5,26.0,28.94,0,44.9,FAN
DVC-103,2026-06-05 05:45:00,26.02,26.0,25.87,0,36.0,OFF
DVC-103,2026-06-13 00:00:00,25.72,26.0,27.74,0,46.5,OFF
DVC-105,2026-06-11 05:00:00,26.0,26.0,25.31,0,65.0,OFF
DVC-103,2026-06-10 22:45:00,26.09,26.0,28.41,0,55.3,OFF
DVC-103,2026-06-04 07:15:00,26.3,26.0,28.87,0,42.6,OFF
DVC-104,2026-06-07 20:15:00,24.7,24.0,32.85,0,47.1,FAN
DVC-103,2026-06-01 03:15:00,26.07,26.0,25.93,0,43.0,OFF
DVC-104,2026-06-05 11:00:00,24.18,24.0,33.36,1,1525.3,COOL
DVC-104,2026-06-05 19:30:00,24.52,24.0,32.63,1,1672.6,COOL
DVC-102,2026-06-13 03:00:00,25.53,26.0,25.14,0,50.0,OFF
DVC-104,2026-06-04 01:00:00,25.98,26.0,25.04,0,57.8,OFF
DVC-103,2026-06-03 01:00:00,25.86,26.0,25.2,0,26.7,OFF
DVC-102,2026-06-09 19:00:00,24.3,24.0,34.05,1,1437.1,COOL
DVC-101,2026-06-02 17:00:00,24.8,24.0,36.7,0,49.5,FAN
DVC-104,2026-06-13 18:30:00,23.5,24.0,34.7,0,52.7,FAN
DVC-104,2026-06-12 10:00:00,23.5,24.0,33.21,1,1311.4,COOL
DVC-102,2026-06-14 07:30:00,25.94,26.0,28.94,0,40.2,OFF
DVC-101,2026-06-14 14:00:00,24.7,24.0,36.64,0,52.0,FAN
DVC-105,2026-06-05 10:00:00,25.3,24.0,32.49,1,1404.2,COOL
DVC-102,2026-06-10 03:45:00,25.88,26.0,23.87,0,33.6,OFF
DVC-105,2026-06-14 15:00:00,24.32,24.0,37.63,1,1246.7,COOL
DVC-104,2026-06-09 15:15:00,23.5,24.0,38.14,1,1341.3,COOL
DVC-101,2026-06-01 15:15:00,24.51,24.0,36.79,1,1186.8,COOL
DVC-101,2026-06-01 18:45:00,24.19,24.0,34.75,1,1217.5,COOL
DVC-103,2026-06-13 06:00:00,25.43,26.0,26.74,0,19.3,OFF
DVC-102,2026-06-07 03:45:00,26.04,26.0,24.86,0,51.8,OFF
DVC-102,2026-06-03 20:15:00,24.05,24.0,32.22,1,1436.0,COOL
DVC-105,2026-06-07 06:00:00,25.92,26.0,26.63,0,57.6,OFF
DVC-101,2026-06-12 12:30:00,24.54,24.0,34.95,1,1418.2,COOL
DVC-103,2026-06-14 02:45:00,26.02,26.0,24.64,0,40.5,OFF
DVC-103,2026-06-03 05:00:00,25.78,26.0,25.36,0,30.0,OFF
DVC-103,2026-06-07 00:00:00,25.75,26.0,27.54,0,36.1,OFF
DVC-104,2026-06-14 19:30:00,23.5,24.0,32.94,0,50.5,FAN
DVC-101,2026-06-11 13:15:00,24.58,24.0,35.39,1,1196.2,COOL
DVC-103,2026-06-11 08:45:00,26.37,26.0,30.94,0,33.5,FAN
DVC-104,2026-06-02 20:15:00,24.12,24.0,32.26,1,1494.2,COOL
DVC-101,2026-06-01 22:30:00,25.47,26.0,29.1,0,55.8,OFF
DVC-103,2026-06-14 03:15:00,25.96,26.0,24.94,0,42.4,OFF
DVC-102,2026-06-03 00:00:00,26.41,26.0,26.68,0,37.6,OFF
DVC-102,2026-06-08 04:45:00,25.52,26.0,26.28,0,37.2,OFF
DVC-103,2026-06-12 04:30:00,25.68,26.0,24.96,0,55.8,OFF
DVC-105,2026-06-06 14:15:00,24.4,24.0,35.52,1,1277.3,COOL
DVC-102,2026-06-01 03:15:00,26.57,26.0,24.58,0,28.8,OFF
DVC-101,2026-06-14 08:45:00,25.99,26.0,31.09,0,51.6,FAN
DVC-104,2026-06-08 07:45:00,26.72,26.0,29.07,0,34.2,OFF
DVC-101,2026-06-07 19:30:00,23.99,24.0,33.65,1,1223.1,COOL
DVC-104,2026-06-10 21:15:00,23.5,26.0,30.07,0,43.1,FAN
DVC-102,2026-06-09 20:00:00,24.13,24.0,32.61,1,1133.3,COOL
DVC-102,2026-06-02 14:15:00,24.02,24.0,36.24,1,1283.4,COOL
DVC-102,2026-06-09 00:15:00,25.54,26.0,25.45,0,33.0,OFF
DVC-103,2026-06-14 18:15:00,24.56,24.0,35.41,0,43.7,FAN
DVC-104,2026-06-06 23:00:00,26.52,26.0,27.47,0,35.3,OFF
DVC-105,2026-06-09 22:15:00,25.33,26.0,29.27,0,50.2,OFF
DVC-101,2026-06-06 23:45:00,25.97,26.0,26.17,0,55.9,OFF
DVC-102,2026-06-06 06:45:00,26.03,26.0,27.24,0,38.4,OFF
DVC-102,2026-06-02 07:15:00,26.2,26.0,28.4,0,43.9,OFF
DVC-101,2026-06-12 17:45:00,24.61,24.0,35.45,0,58.5,FAN
DVC-102,2026-06-11 09:45:00,25.13,24.0,31.7,1,1306.7,COOL
DVC-103,2026-06-01 07:15:00,26.02,26.0,29.63,0,36.7,OFF
DVC-104,2026-06-01 02:15:00,26.69,26.0,26.4,0,53.7,OFF
DVC-103,2026-06-01 17:00:00,24.18,24.0,35.7,1,1340.5,COOL
DVC-102,2026-06-09 15:15:00,24.11,24.0,36.79,1,1408.6,COOL
DVC-105,2026-06-04 06:15:00,25.96,26.0,27.16,0,39.8,OFF
DVC-103,2026-06-04 08:00:00,26.09,26.0,29.44,1,1314.9,COOL
DVC-105,2026-06-03 03:00:00,25.71,26.0,24.92,0,59.4,OFF
DVC-102,2026-06-12 07:15:00,25.87,26.0,28.88,0,62.2,OFF
DVC-104,2026-06-06 08:45:00,26.15,26.0,30.85,0,23.7,FAN
DVC-104,2026-06-12 20:45:00,23.5,24.0,30.82,1,1394.6,COOL
DVC-101,2026-06-14 03:00:00,25.94,26.0,25.6,0,26.3,OFF
DVC-103,2026-06-11 12:00:00,24.57,24.0,35.52,0,38.9,FAN
DVC-102,2026-06-02 10:15:00,24.57,24.0,33.56,1,1393.7,COOL
DVC-105,2026-06-08 10:15:00,24.3,24.0,32.86,1,1451.3,COOL
DVC-105,2026-06-05 16:00:00,24.13,24.0,36.75,1,1594.1,COOL
DVC-103,2026-06-07 03:00:00,25.27,26.0,25.63,0,39.3,OFF
DVC-104,2026-06-02 03:15:00,26.07,26.0,24.96,0,38.9,OFF
DVC-105,2026-06-09 15:15:00,24.11,24.0,35.95,1,1309.4,COOL
DVC-104,2026-06-11 13:15:00,23.5,24.0,37.15,0,41.8,FAN
DVC-102,2026-06-13 11:30:00,23.93,24.0,35.01,1,1316.0,COOL
DVC-101,2026-06-04 00:45:00,25.58,26.0,26.1,0,34.8,OFF
DVC-105,2026-06-06 03:30:00,25.8,26.0,26.26,0,42.4,OFF
DVC-103,2026-06-12 03:45:00,25.83,26.0,24.32,0,49.2,OFF
DVC-102,2026-06-03 20:00:00,24.31,24.0,33.32,1,1356.3,COOL
DVC-105,2026-06-04 20:45:00,24.28,24.0,31.79,1,1253.2,COOL
DVC-105,2026-06-04 22:00:00,25.4,26.0,28.4,0,59.8,OFF
DVC-104,2026-06-01 15:15:00,24.09,24.0,37.12,1,1340.4,COOL
DVC-102,2026-06-11 06:00:00,25.5,26.0,25.8,0,40.5,OFF
DVC-101,2026-06-14 12:45:00,24.66,24.0,35.41,0,56.0,FAN
DVC-103,2026-06-09 00:15:00,26.49,26.0,27.54,0,57.2,OFF
DVC-105,2026-06-06 20:15:00,24.51,24.0,31.75,0,32.4,FAN
DVC-104,2026-06-08 08:00:00,26.41,26.0,29.13,1,1175.8,COOL
DVC-101,2026-06-09 20:30:00,24.14,24.0,31.57,1,1341.4,COOL
DVC-104,2026-06-02 03:45:00,26.11,26.0,24.12,0,53.5,OFF
DVC-104,2026-06-03 06:00:00,26.48,26.0,26.4,0,63.3,OFF
DVC-102,2026-06-09 00:45:00,25.32,26.0,26.45,0,58.6,OFF
DVC-102,2026-06-10 18:00:00,24.55,24.0,33.97,0,55.6,FAN
DVC-104,2026-06-12 15:30:00,23.5,24.0,36.76,0,47.3,FAN
DVC-102,2026-06-10 01:00:00,26.42,26.0,26.51,0,57.4,OFF
DVC-102,2026-06-02 15:45:00,24.97,24.0,37.61,0,41.2,FAN
DVC-104,2026-06-04 08:45:00,26.22,26.0,30.29,1,1253.2,COOL
DVC-101,2026-06-05 03:30:00,-99.0,26.0,25.37,0,44.1,OFF
DVC-102,2026-06-14 02:45:00,25.82,26.0,24.1,0,50.2,OFF
DVC-105,2026-06-08 19:00:00,24.89,24.0,33.93,0,42.5,FAN
DVC-102,2026-06-12 02:15:00,25.89,26.0,24.53,0,43.3,OFF
DVC-102,2026-06-05 12:45:00,24.52,24.0,35.62,0,45.1,FAN
DVC-103,2026-06-13 10:15:00,24.56,24.0,32.83,1,1481.7,COOL
DVC-104,2026-06-04 16:45:00,24.6,24.0,35.35,0,27.6,FAN
DVC-101,2026-06-14 23:15:00,26.53,26.0,27.92,0,60.1,OFF
DVC-102,2026-06-08 17:45:00,24.79,24.0,36.23,0,42.0,FAN
DVC-103,2026-06-03 18:30:00,23.97,24.0,34.73,1,1289.3,COOL
DVC-104,2026-06-14 18:45:00,23.5,24.0,33.9,1,1352.3,COOL
DVC-104,2026-06-13 18:00:00,23.5,24.0,35.19,1,1411.0,COOL
DVC-103,2026-06-11 11:15:00,24.24,24.0,33.56,1,1490.4,COOL
DVC-101,2026-06-14 19:00:00,24.21,24.0,34.14,1,1307.1,COOL
DVC-101,2026-06-03 06:30:00,25.25,26.0,27.25,0,46.0,OFF
DVC-102,2026-06-13 02:00:00,25.66,26.0,25.16,0,37.5,OFF
DVC-105,2026-06-10 03:00:00,25.7,26.0,25.28,0,59.3,OFF
DVC-101,2026-06-03 01:45:00,25.81,26.0,25.22,0,31.9,OFF
DVC-102,2026-06-13 03:15:00,25.55,26.0,25.38,0,37.1,OFF
DVC-103,2026-06-04 16:15:00,24.08,24.0,36.0,1,1334.2,COOL
DVC-101,2026-06-08 14:15:00,24.63,24.0,36.21,0,38.6,FAN
DVC-104,2026-06-10 23:00:00,23.5,26.0,28.02,0,44.9,OFF
DVC-102,2026-06-02 18:30:00,24.27,24.0,35.15,1,1230.6,COOL
DVC-101,2026-06-13 15:45:00,24.29,24.0,36.06,1,1461.0,COOL
DVC-101,2026-06-02 12:15:00,24.33,24.0,35.26,1,1480.1,COOL
DVC-102,2026-06-07 19:00:00,24.71,24.0,34.09,1,1263.7,COOL
DVC-102,2026-06-05 03:45:00,25.88,26.0,25.81,0,34.7,OFF
DVC-103,2026-06-11 04:45:00,25.69,26.0,26.31,0,42.9,OFF
DVC-105,2026-06-04 10:30:00,24.75,24.0,33.15,0,68.3,FAN
DVC-104,2026-06-12 23:30:00,23.5,26.0,27.77,0,35.9,OFF
DVC-105,2026-06-02 03:30:00,25.91,26.0,23.99,0,47.8,OFF
DVC-105,2026-06-11 15:30:00,24.91,24.0,37.48,0,57.2,FAN
DVC-101,2026-06-14 22:15:00,25.85,26.0,29.47,0,36.6,OFF
DVC-105,2026-06-12 03:45:00,25.56,26.0,25.66,0,21.9,OFF
DVC-104,2026-06-12 06:45:00,23.5,26.0,27.49,0,45.1,OFF
DVC-103,2026-06-03 17:00:00,24.46,24.0,36.51,0,44.4,FAN
DVC-104,2026-06-10 06:30:00,23.5,26.0,27.08,0,52.5,OFF
DVC-101,2026-06-09 00:30:00,25.58,26.0,27.28,0,53.9,OFF
DVC-104,2026-06-01 02:30:00,26.69,26.0,24.64,0,58.6,OFF
DVC-105,2026-06-13 16:15:00,24.71,24.0,37.79,1,1147.9,COOL
DVC-104,2026-06-14 01:45:00,23.5,26.0,24.19,0,47.3,OFF
DVC-102,2026-06-07 22:15:00,25.39,26.0,28.3,0,42.5,OFF
DVC-101,2026-06-08 11:00:00,24.28,24.0,33.06,1,1298.7,COOL
DVC-105,2026-06-14 22:15:00,25.65,26.0,28.11,0,52.1,OFF
DVC-103,2026-06-03 12:15:00,24.19,24.0,34.91,1,1205.6,COOL
DVC-104,2026-06-10 06:00:00,23.5,26.0,25.87,0,51.8,OFF
DVC-101,2026-06-03 07:30:00,25.67,26.0,28.81,0,55.2,OFF
DVC-105,2026-06-10 14:30:00,24.73,24.0,36.8,0,49.4,FAN
DVC-101,2026-06-01 06:30:00,25.93,26.0,27.67,0,43.2,OFF
DVC-105,2026-06-01 08:30:00,26.33,26.0,30.71,0,59.0,FAN
DVC-101,2026-06-14 16:30:00,24.07,24.0,36.88,1,1412.0,COOL
DVC-102,2026-06-05 03:15:00,25.7,26.0,25.23,0,62.6,OFF
DVC-101,2026-06-08 04:45:00,25.4,26.0,25.47,0,39.1,OFF
DVC-102,2026-06-03 03:45:00,26.5,26.0,24.71,0,58.1,OFF
DVC-105,2026-06-13 04:45:00,26.03,26.0,25.71,0,49.4,OFF
DVC-104,2026-06-02 09:45:00,25.07,24.0,32.04,1,1232.9,COOL
DVC-104,2026-06-03 14:30:00,24.48,24.0,37.68,1,1507.2,COOL
DVC-102,2026-06-10 21:15:00,24.71,26.0,30.5,0,37.8,FAN
DVC-105,2026-06-14 00:15:00,26.42,26.0,26.82,0,50.2,OFF
DVC-105,2026-06-04 03:45:00,25.96,26.0,25.92,0,16.2,OFF
DVC-104,2026-06-12 09:15:00,23.5,24.0,31.4,1,1155.2,COOL
DVC-104,2026-06-10 19:15:00,23.5,24.0,33.73,0,51.5,FAN
DVC-103,2026-06-13 03:15:00,25.44,26.0,24.99,0,51.9,OFF
DVC-105,2026-06-08 13:45:00,24.26,24.0,37.49,1,1266.9,COOL
DVC-101,2026-06-09 09:45:00,24.97,24.0,31.42,1,1094.6,COOL
DVC-103,2026-06-13 06:30:00,25.38,26.0,26.8,0,60.1,OFF
DVC-104,2026-06-07 22:15:00,25.61,26.0,30.19,0,46.9,OFF
DVC-102,2026-06-08 18:30:00,24.8,24.0,35.29,0,44.8,FAN
DVC-104,2026-06-06 22:15:00,25.81,26.0,28.63,0,68.2,OFF
DVC-102,2026-06-07 20:00:00,24.23,24.0,33.03,1,1208.0,COOL
DVC-102,2026-06-14 00:30:00,26.31,26.0,26.9,0,55.3,OFF
DVC-102,2026-06-02 06:00:00,25.76,26.0,28.83,0,42.8,OFF
DVC-103,2026-06-05 08:00:00,26.11,26.0,29.53,1,1129.5,COOL
DVC-101,2026-06-03 18:45:00,24.7,24.0,34.54,0,28.7,FAN
DVC-101,2026-06-12 05:00:00,25.89,26.0,26.6,0,35.4,OFF
DVC-102,2026-06-03 17:15:00,24.21,24.0,36.47,1,1443.9,COOL
DVC-105,2026-06-01 21:30:00,25.61,26.0,30.18,0,45.4,FAN
DVC-104,2026-06-07 11:45:00,24.77,24.0,34.97,0,59.3,FAN
DVC-103,2026-06-03 20:00:00,24.47,24.0,31.09,0,29.6,FAN
DVC-101,2026-06-11 05:30:00,25.36,26.0,26.38,0,54.8,OFF
DVC-101,2026-06-13 10:15:00,24.55,24.0,33.38,1,1459.3,COOL
DVC-103,2026-06-09 12:15:00,24.57,24.0,35.28,0,39.2,FAN
DVC-105,2026-06-07 10:30:00,24.68,24.0,32.53,1,1014.7,COOL
DVC-103,2026-06-08 22:45:00,25.79,26.0,28.56,0,36.8,OFF
DVC-103,2026-06-01 21:15:00,24.18,26.0,30.12,0,46.2,FAN
DVC-103,2026-06-03 04:15:00,25.89,26.0,25.2,0,30.3,OFF
DVC-101,2026-06-04 21:30:00,24.97,26.0,30.55,0,46.3,FAN
DVC-104,2026-06-02 05:45:00,26.23,26.0,27.04,0,38.2,OFF
DVC-102,2026-06-09 14:15:00,24.37,24.0,37.43,1,1328.9,COOL
DVC-102,2026-06-05 16:30:00,24.39,24.0,36.09,0,39.4,FAN
DVC-104,2026-06-04 17:45:00,24.49,24.0,35.62,1,1280.0,COOL
DVC-105,2026-06-08 09:30:00,25.29,24.0,30.54,1,1192.4,COOL
DVC-102,2026-06-14 05:15:00,25.37,26.0,26.3,0,53.0,OFF
DVC-103,2026-06-13 20:45:00,24.12,24.0,30.63,1,1524.2,COOL
DVC-104,2026-06-08 22:45:00,25.6,26.0,27.52,0,31.9,OFF
DVC-104,2026-06-08 09:30:00,25.59,24.0,32.48,1,1464.9,COOL
DVC-103,2026-06-11 22:30:00,25.01,26.0,27.88,0,49.0,OFF
DVC-105,2026-06-09 02:30:00,26.1,26.0,25.32,0,60.3,OFF
DVC-103,2026-06-13 01:45:00,25.72,26.0,25.04,0,51.5,OFF
DVC-102,2026-06-04 07:15:00,26.21,26.0,28.36,0,47.2,OFF
DVC-102,2026-06-01 15:30:00,24.7,24.0,36.73,0,42.5,FAN
DVC-105,2026-06-05 05:30:00,25.64,26.0,25.69,0,27.9,OFF
DVC-101,2026-06-08 22:45:00,-99.0,26.0,28.73,0,60.3,OFF
DVC-103,2026-06-14 18:45:00,24.0,24.0,33.92,1,1215.3,COOL
DVC-103,2026-06-02 10:00:00,24.83,24.0,31.58,1,1498.8,COOL
DVC-103,2026-06-03 00:30:00,26.21,26.0,26.36,0,47.4,OFF
DVC-105,2026-06-06 09:15:00,26.02,24.0,31.78,1,1323.5,COOL
DVC-102,2026-06-03 14:30:00,24.43,24.0,36.3,1,1293.9,COOL
DVC-105,2026-06-08 19:45:00,24.6,24.0,32.22,0,49.4,FAN
DVC-104,2026-06-07 07:30:00,27.08,26.0,28.4,0,55.0,OFF
DVC-102,2026-06-03 00:15:00,26.4,26.0,26.42,0,48.9,OFF
DVC-102,2026-06-13 02:30:00,25.65,26.0,26.85,0,26.4,OFF
DVC-103,2026-06-02 18:45:00,24.42,24.0,33.67,1,1630.3,COOL
DVC-101,2026-06-05 20:00:00,24.31,24.0,31.88,0,51.3,FAN
DVC-102,2026-06-09 11:45:00,24.39,24.0,33.75,0,32.9,FAN
DVC-101,2026-06-05 07:00:00,26.02,26.0,27.59,0,37.6,OFF
DVC-102,2026-06-02 14:00:00,24.35,24.0,36.35,1,1272.4,COOL
DVC-103,2026-06-09 17:30:00,24.22,24.0,36.7,1,1563.0,COOL
DVC-102,2026-06-06 02:30:00,25.58,26.0,24.95,0,42.6,OFF
DVC-104,2026-06-12 13:30:00,23.5,24.0,37.15,0,34.5,FAN
DVC-105,2026-06-03 18:15:00,24.07,24.0,34.79,1,1146.5,COOL
DVC-101,2026-06-08 17:15:00,24.23,24.0,36.7,1,1226.3,COOL
DVC-101,2026-06-06 11:45:00,24.19,24.0,35.03,1,1272.7,COOL
DVC-104,2026-06-14 19:45:00,23.5,24.0,33.83,0,52.3,FAN
DVC-101,2026-06-10 08:00:00,26.27,26.0,29.04,1,1269.6,COOL
DVC-103,2026-06-09 08:00:00,26.22,26.0,30.11,0,45.3,FAN
DVC-104,2026-06-11 03:00:00,23.5,26.0,25.39,0,25.1,OFF
DVC-102,2026-06-08 01:15:00,26.28,26.0,26.27,0,35.1,OFF
DVC-103,2026-06-14 04:30:00,26.14,26.0,24.98,0,50.7,OFF
DVC-101,2026-06-12 22:30:00,25.88,26.0,28.99,0,51.3,OFF
DVC-104,2026-06-05 22:00:00,25.48,26.0,30.48,0,59.6,OFF
DVC-103,2026-06-12 08:45:00,26.1,26.0,30.38,1,1301.1,COOL
DVC-104,2026-06-06 23:15:00,26.67,26.0,28.94,0,38.2,OFF
DVC-102,2026-06-13 21:00:00,24.65,26.0,30.26,0,66.2,FAN
DVC-105,2026-06-04 13:30:00,24.67,24.0,36.14,0,60.0,FAN
DVC-105,2026-06-01 11:45:00,24.0,24.0,33.51,1,1560.7,COOL
DVC-103,2026-06-03 18:45:00,24.59,24.0,34.89,0,63.8,FAN
DVC-101,2026-06-14 01:30:00,26.09,26.0,25.02,0,63.5,OFF
DVC-102,2026-06-05 08:00:00,26.24,26.0,29.94,0,31.7,FAN
DVC-101,2026-06-12 21:00:00,24.81,26.0,32.03,0,38.0,FAN
DVC-101,2026-06-02 11:30:00,24.47,24.0,33.37,0,55.8,FAN
DVC-102,2026-06-01 11:00:00,24.33,24.0,34.25,0,37.7,FAN
DVC-102,2026-06-05 20:00:00,24.07,24.0,32.17,1,1358.9,COOL
DVC-105,2026-06-03 10:15:00,25.26,24.0,33.54,1,1497.5,COOL
DVC-101,2026-06-10 05:45:00,26.37,26.0,26.23,0,52.8,OFF
DVC-102,2026-06-02 05:30:00,25.7,26.0,26.42,0,51.3,OFF
DVC-104,2026-06-11 11:15:00,23.5,24.0,34.19,1,1370.4,COOL
DVC-103,2026-06-09 23:15:00,26.26,26.0,28.27,0,43.5,OFF
DVC-101,2026-06-13 04:00:00,25.86,26.0,24.96,0,25.7,OFF
DVC-102,2026-06-01 03:45:00,26.5,26.0,26.43,0,49.4,OFF
DVC-105,2026-06-12 14:15:00,24.91,24.0,37.08,0,55.7,FAN
DVC-105,2026-06-02 17:30:00,24.33,24.0,36.43,1,1205.4,COOL
DVC-103,2026-06-11 17:30:00,24.43,24.0,35.5,1,1410.9,COOL
DVC-105,2026-06-05 07:30:00,25.88,26.0,29.95,0,47.5,OFF
DVC-101,2026-06-06 13:30:00,24.18,24.0,35.6,1,1145.7,COOL
DVC-105,2026-06-01 07:00:00,26.08,26.0,28.03,0,61.5,OFF
DVC-103,2026-06-09 00:30:00,26.38,26.0,25.97,0,54.7,OFF
DVC-101,2026-06-06 13:00:00,24.03,24.0,35.93,1,1065.3,COOL
DVC-104,2026-06-06 20:30:00,24.34,24.0,32.94,0,43.4,FAN
DVC-105,2026-06-05 18:45:00,24.08,24.0,33.56,1,1243.7,COOL
DVC-102,2026-06-05 00:15:00,26.19,26.0,26.17,0,43.6,OFF
DVC-104,2026-06-04 11:00:00,24.33,24.0,33.54,0,45.5,FAN
DVC-103,2026-06-14 02:00:00,26.16,26.0,24.64,0,55.9,OFF
DVC-102,2026-06-07 13:15:00,24.39,24.0,35.81,1,1482.5,COOL
DVC-103,2026-06-02 16:15:00,24.6,24.0,36.01,0,41.6,FAN
DVC-101,2026-06-02 17:30:00,24.16,24.0,36.32,1,1393.7,COOL
DVC-105,2026-06-11 06:30:00,26.2,26.0,27.14,0,61.9,OFF
DVC-105,2026-06-03 04:45:00,24.99,26.0,25.76,0,27.6,OFF
DVC-101,2026-06-09 12:15:00,24.4,24.0,35.66,0,46.2,FAN
DVC-103,2026-06-09 11:00:00,24.56,24.0,34.57,0,51.7,FAN
DVC-104,2026-06-01 17:45:00,24.17,24.0,35.25,1,1384.5,COOL
DVC-101,2026-06-03 20:00:00,24.23,24.0,32.49,0,50.4,FAN
DVC-102,2026-06-14 13:30:00,23.96,24.0,36.04,1,1218.9,COOL
DVC-104,2026-06-12 05:45:00,23.5,26.0,26.79,0,38.7,OFF
DVC-101,2026-06-07 21:15:00,24.81,26.0,30.6,0,40.8,FAN
DVC-104,2026-06-12 23:00:00,23.5,26.0,27.03,0,42.6,OFF
DVC-102,2026-06-05 00:45:00,26.06,26.0,25.98,0,52.4,OFF
DVC-101,2026-06-01 04:30:00,26.08,26.0,25.98,0,16.3,OFF
DVC-102,2026-06-12 10:00:00,24.68,24.0,32.43,1,1432.2,COOL
DVC-102,2026-06-09 08:15:00,26.21,26.0,30.71,0,62.2,FAN
DVC-103,2026-06-13 02:30:00,25.75,26.0,25.74,0,45.0,OFF
DVC-104,2026-06-09 09:45:00,23.5,24.0,32.41,1,1398.9,COOL
DVC-104,2026-06-14 08:30:00,23.5,26.0,30.45,1,1293.8,COOL
DVC-104,2026-06-04 06:30:00,26.18,26.0,26.79,0,38.3,OFF
DVC-103,2026-06-13 09:15:00,25.7,24.0,31.67,1,1366.6,COOL
DVC-104,2026-06-13 09:15:00,23.5,24.0,32.12,1,1151.1,COOL
DVC-102,2026-06-07 18:00:00,24.22,24.0,34.77,1,1301.6,COOL
DVC-105,2026-06-02 23:15:00,25.64,26.0,27.54,0,38.2,OFF
DVC-101,2026-06-02 01:15:00,25.96,26.0,26.4,0,37.0,OFF
DVC-105,2026-06-09 08:00:00,26.6,26.0,29.68,1,1166.4,COOL
DVC-103,2026-06-04 08:15:00,26.06,26.0,29.49,0,37.9,FAN
DVC-102,2026-06-10 02:30:00,26.16,26.0,25.0,0,48.4,OFF
DVC-103,2026-06-14 04:15:00,26.2,26.0,25.36,0,48.2,OFF
DVC-104,2026-06-05 17:30:00,24.1,24.0,35.64,1,1134.9,COOL
DVC-103,2026-06-06 03:00:00,25.75,26.0,26.22,0,60.9,OFF
DVC-105,2026-06-07 03:15:00,25.86,26.0,25.28,0,46.6,OFF
DVC-102,2026-06-04 05:30:00,25.86,26.0,25.52,0,42.9,OFF
DVC-102,2026-06-13 06:30:00,25.6,26.0,27.22,0,33.4,OFF
DVC-104,2026-06-08 12:15:00,24.79,24.0,35.56,0,58.9,FAN
DVC-104,2026-06-10 03:30:00,23.5,26.0,25.58,0,52.4,OFF
DVC-105,2026-06-05 14:00:00,24.56,24.0,36.95,0,41.7,FAN
DVC-102,2026-06-04 07:45:00,26.38,26.0,27.85,0,47.3,OFF
DVC-102,2026-06-14 02:30:00,25.93,26.0,26.24,0,52.1,OFF
DVC-103,2026-06-06 04:30:00,25.38,26.0,26.03,0,29.3,OFF
DVC-103,2026-06-02 19:00:00,24.15,24.0,33.34,1,1360.4,COOL
DVC-104,2026-06-08 12:00:00,24.17,24.0,35.78,1,1209.2,COOL
DVC-104,2026-06-07 13:00:00,24.81,24.0,36.75,0,47.4,FAN
DVC-104,2026-06-13 23:30:00,23.5,26.0,27.81,0,50.8,OFF
DVC-104,2026-06-13 03:15:00,23.5,26.0,24.63,0,49.6,OFF
DVC-103,2026-06-14 15:15:00,24.49,24.0,36.37,1,1214.9,COOL
DVC-103,2026-06-10 22:00:00,25.98,26.0,28.49,0,42.4,OFF
DVC-105,2026-06-09 13:30:00,24.15,24.0,36.38,1,1270.7,COOL
DVC-102,2026-06-07 19:15:00,24.46,24.0,33.82,1,1299.8,COOL
DVC-102,2026-06-01 19:15:00,24.15,24.0,33.92,1,1431.4,COOL
DVC-103,2026-06-12 06:00:00,26.06,26.0,27.0,0,46.0,OFF
DVC-103,2026-06-06 18:15:00,24.49,24.0,35.05,1,1400.8,COOL
DVC-105,2026-06-09 06:00:00,25.5,26.0,26.43,0,53.2,OFF
DVC-105,2026-06-11 23:30:00,25.8,26.0,27.51,0,47.2,OFF
DVC-104,2026-06-07 03:15:00,26.21,26.0,25.09,0,32.4,OFF
DVC-103,2026-06-04 21:15:00,25.1,26.0,31.22,0,44.2,FAN
DVC-104,2026-06-10 15:45:00,23.5,24.0,36.99,0,50.6,FAN
DVC-105,2026-06-10 08:45:00,26.38,26.0,30.13,0,59.0,FAN
DVC-103,2026-06-12 18:00:00,24.43,24.0,34.94,0,26.3,FAN
DVC-104,2026-06-10 07:15:00,23.5,26.0,28.67,0,21.2,OFF
DVC-105,2026-06-09 22:45:00,25.14,26.0,28.59,0,56.2,OFF
DVC-101,2026-06-04 19:15:00,24.09,24.0,34.54,1,1356.8,COOL
DVC-102,2026-06-07 12:45:00,24.13,24.0,36.09,1,1552.0,COOL
DVC-103,2026-06-11 01:15:00,25.96,26.0,26.55,0,41.3,OFF
DVC-104,2026-06-12 11:30:00,23.5,24.0,34.52,1,1336.9,COOL
DVC-101,2026-06-04 23:30:00,25.91,26.0,26.39,0,37.0,OFF
DVC-101,2026-06-06 09:30:00,25.47,24.0,32.32,1,1317.2,COOL
DVC-104,2026-06-06 18:00:00,24.37,24.0,34.77,0,69.2,FAN
DVC-104,2026-06-12 08:15:00,23.5,26.0,30.86,0,51.1,FAN
DVC-102,2026-06-04 01:45:00,25.83,26.0,25.69,0,26.9,OFF
DVC-104,2026-06-06 21:30:00,24.96,26.0,30.55,0,49.5,FAN
DVC-103,2026-06-11 05:45:00,25.73,26.0,26.73,0,31.3,OFF
DVC-105,2026-06-11 11:45:00,24.39,24.0,35.04,0,29.0,FAN
DVC-105,2026-06-08 02:30:00,26.18,26.0,26.46,0,56.7,OFF
DVC-105,2026-06-13 02:15:00,26.23,26.0,24.78,0,37.7,OFF
DVC-105,2026-06-05 20:30:00,24.2,24.0,31.6,1,1385.6,COOL
DVC-101,2026-06-04 01:45:00,25.25,26.0,25.42,0,61.0,OFF
DVC-105,2026-06-10 20:45:00,24.61,24.0,31.97,0,46.0,FAN
DVC-105,2026-06-01 03:00:00,26.48,26.0,25.75,0,40.8,OFF
DVC-102,2026-06-10 01:30:00,26.19,26.0,24.58,0,48.8,OFF
DVC-101,2026-06-07 13:45:00,24.55,24.0,38.21,1,1230.9,COOL
DVC-105,2026-06-01 07:30:00,26.1,26.0,29.0,0,34.5,OFF
DVC-101,2026-06-08 08:30:00,26.31,26.0,29.67,0,55.8,FAN
DVC-104,2026-06-04 12:45:00,24.45,24.0,36.04,1,1310.3,COOL
DVC-102,2026-06-14 20:00:00,24.36,24.0,32.54,0,36.5,FAN
DVC-101,2026-06-12 19:15:00,24.32,24.0,34.48,1,1525.0,COOL
DVC-104,2026-06-05 23:00:00,25.87,26.0,27.67,0,48.2,OFF
DVC-101,2026-06-14 13:30:00,24.6,24.0,36.91,0,59.8,FAN
DVC-105,2026-06-12 10:15:00,24.33,24.0,32.57,1,1503.2,COOL
DVC-102,2026-06-06 03:45:00,25.48,26.0,25.6,0,48.8,OFF
DVC-104,2026-06-11 17:30:00,23.5,24.0,36.08,0,43.8,FAN
DVC-102,2026-06-14 18:30:00,24.46,24.0,33.44,0,57.2,FAN
DVC-105,2026-06-02 12:00:00,24.44,24.0,34.47,1,1256.7,COOL
DVC-101,2026-06-07 01:15:00,26.24,26.0,24.92,0,60.2,OFF
DVC-103,2026-06-14 08:15:00,26.1,26.0,30.25,1,1139.9,COOL
DVC-104,2026-06-06 15:30:00,24.36,24.0,37.28,1,1486.5,COOL
DVC-105,2026-06-08 06:00:00,25.57,26.0,27.57,0,65.6,OFF
DVC-101,2026-06-02 09:00:00,25.74,24.0,31.38,1,1303.9,COOL
DVC-102,2026-06-08 02:15:00,26.12,26.0,24.03,0,39.1,OFF
DVC-101,2026-06-12 15:45:00,24.59,24.0,36.29,0,26.0,FAN
DVC-101,2026-06-05 18:45:00,24.6,24.0,34.32,1,1366.6,COOL
DVC-101,2026-06-11 16:45:00,24.21,24.0,36.4,1,1224.3,COOL
DVC-104,2026-06-08 15:45:00,24.33,24.0,37.09,1,1353.7,COOL
DVC-104,2026-06-07 05:30:00,26.22,26.0,25.67,0,53.4,OFF
DVC-102,2026-06-08 03:00:00,25.66,26.0,25.35,0,63.3,OFF
DVC-105,2026-06-13 07:00:00,26.61,26.0,27.96,0,54.4,OFF
DVC-105,2026-06-05 07:45:00,26.08,26.0,29.16,0,48.2,OFF
DVC-104,2026-06-04 04:00:00,26.0,26.0,25.29,0,47.6,OFF
DVC-101,2026-06-11 12:45:00,24.25,24.0,36.85,1,1078.9,COOL
DVC-103,2026-06-05 07:15:00,26.2,26.0,27.68,0,28.7,OFF
DVC-101,2026-06-06 21:45:00,25.45,26.0,29.44,0,52.6,FAN
DVC-101,2026-06-08 20:00:00,24.5,24.0,31.94,0,34.5,FAN
DVC-103,2026-06-04 11:30:00,24.63,24.0,35.81,0,55.0,FAN
DVC-105,2026-06-05 08:45:00,26.61,26.0,31.24,0,50.8,FAN
DVC-105,2026-06-05 09:00:00,26.45,24.0,31.1,1,1267.7,COOL
DVC-104,2026-06-14 12:30:00,23.5,24.0,35.87,1,1221.7,COOL
DVC-101,2026-06-02 13:00:00,24.14,24.0,36.84,1,1410.4,COOL
DVC-101,2026-06-06 02:30:00,26.22,26.0,25.7,0,21.2,OFF
DVC-102,2026-06-08 05:15:00,25.69,26.0,25.66,0,41.9,OFF
DVC-103,2026-06-05 15:45:00,23.98,24.0,37.16,1,1321.4,COOL
DVC-103,2026-06-10 16:45:00,24.73,24.0,36.42,0,42.0,FAN
DVC-101,2026-06-04 05:30:00,24.9,26.0,26.95,0,49.9,OFF
DVC-105,2026-06-03 16:30:00,24.63,24.0,36.67,0,42.7,FAN
DVC-104,2026-06-02 00:30:00,26.26,26.0,25.56,0,57.3,OFF
DVC-101,2026-06-02 08:15:00,26.22,26.0,29.27,0,30.8,FAN
DVC-103,2026-06-07 01:00:00,25.66,26.0,26.26,0,42.8,OFF
DVC-105,2026-06-06 07:45:00,26.23,26.0,28.74,0,49.0,OFF
DVC-101,2026-06-01 07:00:00,26.27,26.0,28.25,0,41.8,OFF
DVC-105,2026-06-06 01:30:00,25.88,26.0,25.6,0,51.6,OFF
DVC-105,2026-06-03 01:00:00,25.79,26.0,25.13,0,46.3,OFF
DVC-102,2026-06-01 01:00:00,27.22,26.0,25.23,0,45.8,OFF
DVC-101,2026-06-07 08:45:00,26.3,26.0,30.75,0,47.0,FAN
DVC-105,2026-06-12 11:15:00,24.26,24.0,34.65,1,1311.4,COOL
DVC-104,2026-06-02 20:45:00,24.37,24.0,31.71,0,44.7,FAN
DVC-101,2026-06-13 07:30:00,25.86,26.0,28.22,0,36.1,OFF
DVC-104,2026-06-09 15:30:00,23.5,24.0,37.02,1,1383.6,COOL
DVC-102,2026-06-08 15:15:00,24.45,24.0,38.06,1,1112.5,COOL
DVC-104,2026-06-04 08:15:00,26.27,26.0,29.44,1,1266.5,COOL
DVC-103,2026-06-05 06:45:00,26.22,26.0,28.11,0,61.4,OFF
DVC-104,2026-06-14 17:30:00,23.5,24.0,35.36,1,1358.6,COOL
DVC-103,2026-06-02 10:45:00,24.5,24.0,33.58,0,47.7,FAN
DVC-101,2026-06-03 04:45:00,25.12,26.0,24.82,0,53.4,OFF
DVC-105,2026-06-07 21:15:00,25.02,26.0,31.28,0,49.6,FAN
DVC-102,2026-06-06 16:00:00,24.12,24.0,36.87,1,1295.6,COOL
DVC-105,2026-06-11 23:45:00,25.66,26.0,27.06,0,41.1,OFF
DVC-103,2026-06-07 01:15:00,25.54,26.0,25.28,0,55.3,OFF
DVC-102,2026-06-10 04:00:00,25.82,26.0,25.25,0,30.9,OFF
DVC-103,2026-06-08 23:15:00,26.04,26.0,27.35,0,24.9,OFF
DVC-105,2026-06-01 21:45:00,25.54,26.0,29.16,0,43.0,FAN
DVC-103,2026-06-04 14:15:00,24.41,24.0,36.67,1,1048.7,COOL
DVC-101,2026-06-04 09:45:00,25.09,24.0,32.13,1,1615.7,COOL
DVC-102,2026-06-01 13:30:00,24.01,24.0,36.05,1,1382.3,COOL
DVC-102,2026-06-09 10:45:00,24.35,24.0,33.0,1,1282.9,COOL
DVC-101,2026-06-09 17:45:00,24.05,24.0,35.31,1,1476.9,COOL
DVC-103,2026-06-03 15:30:00,24.67,24.0,36.68,0,64.6,FAN
DVC-102,2026-06-13 02:15:00,25.61,26.0,25.08,0,50.3,OFF
DVC-101,2026-06-10 14:00:00,24.04,24.0,36.6,1,1395.6,COOL
DVC-105,2026-06-01 14:00:00,24.4,24.0,35.96,1,1492.5,COOL
DVC-101,2026-06-04 14:00:00,24.67,24.0,37.77,0,41.0,FAN
DVC-103,2026-06-01 23:15:00,25.14,26.0,27.94,0,51.4,OFF
DVC-103,2026-06-03 02:45:00,25.89,26.0,25.8,0,27.1,OFF
DVC-103,2026-06-08 19:30:00,24.38,24.0,34.12,0,33.2,FAN
DVC-104,2026-06-08 02:45:00,26.74,26.0,24.47,0,48.0,OFF
DVC-101,2026-06-13 10:30:00,24.37,24.0,34.46,1,1516.4,COOL
DVC-103,2026-06-13 00:15:00,25.72,26.0,27.79,0,54.4,OFF
DVC-102,2026-06-06 15:45:00,24.3,24.0,37.19,1,1544.6,COOL
DVC-104,2026-06-04 06:45:00,26.51,26.0,28.21,0,52.6,OFF
DVC-103,2026-06-02 12:00:00,24.76,24.0,35.36,0,39.5,FAN
DVC-105,2026-06-12 04:00:00,25.39,26.0,25.1,0,41.1,OFF
DVC-105,2026-06-07 23:45:00,26.56,26.0,27.78,0,56.8,OFF
DVC-103,2026-06-10 07:15:00,25.5,26.0,29.16,0,42.6,OFF
DVC-103,2026-06-11 19:30:00,24.46,24.0,34.42,0,37.1,FAN
DVC-101,2026-06-06 10:00:00,24.91,24.0,31.97,1,1432.1,COOL
DVC-101,2026-06-12 17:30:00,24.17,24.0,36.82,1,1284.4,COOL
DVC-102,2026-06-02 06:15:00,25.83,26.0,27.21,0,47.3,OFF
DVC-103,2026-06-02 07:45:00,26.82,26.0,28.88,0,52.8,OFF
DVC-101,2026-06-14 15:30:00,24.43,24.0,36.24,1,1468.6,COOL
DVC-104,2026-06-08 17:15:00,24.18,24.0,36.79,1,1389.9,COOL
DVC-104,2026-06-01 00:00:00,26.98,26.0,27.09,0,31.8,OFF
DVC-103,2026-06-10 17:45:00,24.2,24.0,35.79,1,1202.0,COOL
DVC-105,2026-06-03 13:30:00,24.2,24.0,36.61,1,1212.2,COOL
DVC-101,2026-06-11 11:15:00,24.38,24.0,34.54,1,1240.0,COOL
DVC-103,2026-06-02 09:15:00,25.91,24.0,31.28,1,1435.1,COOL
DVC-101,2026-06-10 01:45:00,26.25,26.0,24.71,0,33.9,OFF
DVC-103,2026-06-05 17:00:00,24.41,24.0,37.4,1,1312.9,COOL
DVC-104,2026-06-14 21:45:00,23.5,26.0,29.19,0,37.9,FAN
DVC-105,2026-06-11 13:30:00,24.41,24.0,37.29,1,1504.3,COOL
DVC-102,2026-06-09 14:45:00,24.6,24.0,36.54,0,41.1,FAN
DVC-101,2026-06-14 03:45:00,25.58,26.0,24.85,0,52.1,OFF
DVC-103,2026-06-12 10:45:00,24.44,24.0,34.3,0,70.5,FAN
DVC-101,2026-06-03 17:45:00,24.34,24.0,35.18,1,1282.6,COOL
DVC-102,2026-06-14 14:45:00,24.33,24.0,37.3,1,1429.0,COOL
DVC-105,2026-06-10 16:15:00,24.57,24.0,36.76,0,56.0,FAN
DVC-103,2026-06-09 14:30:00,24.7,24.0,37.83,0,50.8,FAN
DVC-103,2026-06-11 00:15:00,26.03,26.0,26.78,0,31.2,OFF
DVC-104,2026-06-11 16:15:00,23.5,24.0,35.7,1,1180.9,COOL
DVC-101,2026-06-12 10:15:00,24.63,24.0,33.23,1,1327.6,COOL
DVC-101,2026-06-13 15:30:00,24.59,24.0,35.36,1,1342.2,COOL
DVC-105,2026-06-10 02:30:00,25.72,26.0,24.89,0,53.6,OFF
DVC-102,2026-06-03 19:45:00,24.53,24.0,32.41,0,62.2,FAN
DVC-103,2026-06-02 23:00:00,25.86,26.0,28.05,0,56.0,OFF
DVC-105,2026-06-14 18:00:00,24.04,24.0,35.68,1,1517.4,COOL
DVC-104,2026-06-06 02:45:00,25.9,26.0,24.6,0,17.1,OFF
DVC-101,2026-06-02 01:00:00,26.13,26.0,25.58,0,42.6,OFF
DVC-101,2026-06-02 02:00:00,25.72,26.0,24.64,0,41.3,OFF
DVC-102,2026-06-12 01:45:00,25.92,26.0,25.74,0,48.4,OFF
DVC-105,2026-06-07 15:45:00,24.31,24.0,35.88,1,1315.1,COOL
DVC-105,2026-06-12 07:00:00,26.27,26.0,28.21,0,53.7,OFF
DVC-103,2026-06-04 13:30:00,24.28,24.0,37.48,1,1632.9,COOL
DVC-105,2026-06-11 08:00:00,26.17,26.0,29.13,1,1589.9,COOL
DVC-101,2026-06-02 06:00:00,25.24,26.0,26.14,0,28.8,OFF
DVC-105,2026-06-03 18:30:00,24.43,24.0,34.59,0,63.7,FAN
DVC-101,2026-06-13 05:30:00,25.33,26.0,26.19,0,47.7,OFF
DVC-104,2026-06-05 06:15:00,25.55,26.0,27.45,0,50.2,OFF
DVC-101,2026-06-09 22:30:00,25.87,26.0,27.54,0,33.6,OFF
DVC-103,2026-06-02 17:15:00,24.47,24.0,35.99,1,1339.0,COOL
DVC-102,2026-06-04 21:00:00,24.83,26.0,30.45,0,48.1,FAN
DVC-103,2026-06-12 09:30:00,25.4,24.0,30.67,1,1208.4,COOL
DVC-103,2026-06-09 03:30:00,25.88,26.0,25.47,0,48.5,OFF
DVC-104,2026-06-07 07:15:00,27.0,26.0,29.69,0,38.4,OFF
DVC-103,2026-06-10 03:00:00,25.7,26.0,25.37,0,29.6,OFF
DVC-102,2026-06-14 20:30:00,24.4,24.0,31.96,0,60.6,FAN
DVC-104,2026-06-12 02:30:00,23.5,26.0,25.14,0,45.0,OFF
DVC-105,2026-06-11 09:00:00,26.1,24.0,31.12,1,1520.2,COOL
DVC-102,2026-06-12 09:00:00,25.78,24.0,31.48,1,1279.6,COOL
DVC-103,2026-06-11 16:00:00,24.36,24.0,36.25,1,1381.8,COOL
DVC-105,2026-06-11 11:30:00,23.94,24.0,35.2,1,1218.6,COOL
DVC-104,2026-06-13 14:30:00,23.5,24.0,37.11,1,1312.0,COOL
DVC-101,2026-06-10 13:45:00,24.31,24.0,35.55,1,1371.3,COOL
DVC-105,2026-06-01 20:00:00,24.11,24.0,31.73,1,1386.5,COOL
DVC-101,2026-06-01 16:30:00,24.96,24.0,36.33,0,30.4,FAN
DVC-101,2026-06-07 17:30:00,24.05,24.0,36.13,1,1432.5,COOL
DVC-103,2026-06-12 02:45:00,25.78,26.0,25.3,0,48.1,OFF
DVC-101,2026-06-08 22:15:00,25.39,26.0,29.45,0,75.6,OFF
DVC-101,2026-06-08 10:00:00,24.65,24.0,31.93,1,1131.4,COOL
DVC-105,2026-06-07 11:00:00,24.19,24.0,33.13,1,1306.2,COOL
DVC-102,2026-06-02 11:30:00,24.53,24.0,33.85,0,29.1,FAN
DVC-105,2026-06-12 11:30:00,24.49,24.0,34.63,0,50.9,FAN
DVC-105,2026-06-12 15:15:00,24.65,24.0,37.65,1,1164.3,COOL
DVC-101,2026-06-11 06:15:00,25.79,26.0,27.42,0,40.6,OFF
DVC-102,2026-06-01 08:00:00,26.61,26.0,29.12,1,1169.1,COOL
DVC-104,2026-06-09 04:15:00,23.5,26.0,25.21,0,62.3,OFF
DVC-102,2026-06-07 11:45:00,24.57,24.0,34.93,0,43.5,FAN
DVC-105,2026-06-13 20:15:00,24.01,24.0,32.41,1,1306.8,COOL
DVC-104,2026-06-13 10:30:00,23.5,24.0,33.51,1,1273.9,COOL
DVC-104,2026-06-07 12:30:00,24.62,24.0,36.2,0,48.4,FAN
DVC-101,2026-06-12 16:30:00,24.51,24.0,36.09,1,1596.5,COOL
DVC-104,2026-06-14 17:45:00,23.5,24.0,37.09,1,1446.2,COOL
DVC-105,2026-06-04 21:15:00,24.83,26.0,30.61,0,47.3,FAN
DVC-102,2026-06-14 18:00:00,24.33,24.0,35.36,1,1401.1,COOL
DVC-105,2026-06-01 15:45:00,24.57,24.0,37.33,0,55.5,FAN
DVC-105,2026-06-03 07:15:00,25.71,26.0,27.8,0,50.1,OFF
DVC-105,2026-06-07 03:00:00,25.89,26.0,25.31,0,41.4,OFF
DVC-102,2026-06-09 14:30:00,24.14,24.0,37.33,1,1277.2,COOL
DVC-105,2026-06-03 23:30:00,26.0,26.0,27.77,0,55.1,OFF
DVC-101,2026-06-04 15:30:00,24.79,24.0,37.17,1,1230.7,COOL
DVC-102,2026-06-03 21:15:00,24.9,26.0,31.61,0,45.6,FAN
DVC-101,2026-06-03 16:00:00,24.53,24.0,37.06,1,1475.2,COOL
DVC-104,2026-06-04 15:15:00,24.45,24.0,36.88,0,45.0,FAN
DVC-101,2026-06-09 01:45:00,25.65,26.0,25.44,0,49.2,OFF
DVC-102,2026-06-06 14:00:00,24.76,24.0,37.07,0,43.0,FAN
DVC-105,2026-06-12 00:30:00,25.62,26.0,25.94,0,51.0,OFF
DVC-105,2026-06-14 14:15:00,24.44,24.0,37.15,1,1776.8,COOL
DVC-103,2026-06-09 15:30:00,24.26,24.0,36.33,1,1350.3,COOL
DVC-105,2026-06-09 01:15:00,26.55,26.0,26.52,0,44.1,OFF
DVC-103,2026-06-07 04:30:00,25.51,26.0,25.01,0,41.3,OFF
DVC-105,2026-06-14 17:45:00,24.39,24.0,35.55,1,1355.2,COOL
DVC-104,2026-06-07 09:30:00,25.39,24.0,31.51,1,1435.7,COOL
DVC-104,2026-06-03 06:15:00,26.47,26.0,26.49,0,66.1,OFF
DVC-105,2026-06-12 08:30:00,26.39,26.0,30.92,0,25.8,FAN
DVC-103,2026-06-12 17:45:00,24.11,24.0,35.63,1,1323.0,COOL
DVC-102,2026-06-09 13:00:00,24.52,24.0,35.59,0,49.7,FAN
DVC-102,2026-06-07 21:30:00,25.03,26.0,29.84,0,42.3,FAN
DVC-104,2026-06-14 09:15:00,23.5,24.0,31.39,1,1343.0,COOL
DVC-103,2026-06-14 21:15:00,24.56,26.0,31.8,0,47.6,FAN
DVC-105,2026-06-09 18:00:00,24.37,24.0,34.32,1,1337.8,COOL
DVC-105,2026-06-13 21:30:00,25.0,26.0,29.26,0,59.9,FAN
DVC-101,2026-06-02 21:00:00,24.6,26.0,31.78,0,64.0,FAN
DVC-103,2026-06-11 07:15:00,26.55,26.0,28.8,0,33.5,OFF
DVC-102,2026-06-03 18:30:00,24.7,24.0,34.24,0,45.3,FAN
DVC-103,2026-06-05 21:15:00,24.87,26.0,31.16,0,53.3,FAN
DVC-103,2026-06-12 08:00:00,26.61,26.0,29.83,1,1312.4,COOL
DVC-104,2026-06-03 05:00:00,26.31,26.0,24.7,0,21.2,OFF
DVC-102,2026-06-13 09:00:00,25.71,24.0,30.2,1,1232.7,COOL
DVC-105,2026-06-10 06:45:00,25.89,26.0,26.82,0,50.4,OFF
DVC-104,2026-06-10 11:30:00,23.5,24.0,34.59,1,1275.1,COOL
DVC-103,2026-06-01 20:45:00,23.95,24.0,31.91,1,1268.1,COOL
DVC-101,2026-06-07 22:00:00,25.27,26.0,29.4,0,51.9,OFF
DVC-104,2026-06-06 20:45:00,24.06,24.0,30.38,1,1226.7,COOL
DVC-105,2026-06-09 04:00:00,25.67,26.0,24.84,0,36.9,OFF
DVC-104,2026-06-02 17:30:00,23.96,24.0,35.68,1,1359.4,COOL
DVC-105,2026-06-10 22:00:00,25.63,26.0,30.11,0,41.6,OFF
DVC-104,2026-06-06 09:45:00,25.04,24.0,32.7,1,1256.1,COOL
DVC-105,2026-06-08 06:15:00,25.58,26.0,27.17,0,53.7,OFF
DVC-102,2026-06-09 03:30:00,25.18,26.0,25.64,0,55.5,OFF
DVC-101,2026-06-12 13:30:00,24.29,24.0,37.44,1,1399.2,COOL
DVC-104,2026-06-02 19:15:00,24.3,24.0,33.1,1,1239.5,COOL
DVC-103,2026-06-05 20:30:00,24.06,24.0,31.56,1,1500.3,COOL
DVC-105,2026-06-01 04:30:00,26.03,26.0,25.45,0,41.5,OFF
DVC-101,2026-06-08 09:30:00,25.27,24.0,31.77,1,1286.0,COOL
DVC-104,2026-06-12 20:15:00,23.5,24.0,31.71,1,1382.7,COOL
DVC-105,2026-06-03 04:30:00,25.22,26.0,25.97,0,50.2,OFF
DVC-105,2026-06-12 21:45:00,25.58,26.0,29.64,0,43.0,FAN
DVC-102,2026-06-10 14:45:00,24.32,24.0,36.89,1,1252.2,COOL
DVC-102,2026-06-05 00:30:00,26.21,26.0,26.39,0,53.9,OFF
DVC-102,2026-06-13 15:00:00,24.09,24.0,38.23,1,1321.8,COOL
DVC-105,2026-06-04 16:00:00,24.45,24.0,36.82,1,1560.3,COOL
DVC-104,2026-06-01 18:30:00,24.17,24.0,34.57,1,1294.3,COOL
DVC-102,2026-06-06 13:45:00,24.22,24.0,36.9,1,1241.5,COOL
DVC-101,2026-06-02 18:45:00,24.03,24.0,34.6,1,1379.8,COOL
DVC-104,2026-06-04 22:45:00,25.36,26.0,29.26,0,25.8,OFF
DVC-105,2026-06-05 03:15:00,24.99,26.0,25.29,0,36.1,OFF
DVC-102,2026-06-09 04:00:00,25.0,26.0,24.41,0,42.7,OFF
DVC-105,2026-06-10 09:30:00,25.62,24.0,32.49,1,1285.7,COOL
DVC-101,2026-06-02 17:45:00,24.55,24.0,35.74,0,42.2,FAN
DVC-105,2026-06-02 00:30:00,26.08,26.0,26.43,0,41.4,OFF
DVC-102,2026-06-08 23:15:00,25.54,26.0,26.88,0,54.9,OFF
DVC-103,2026-06-01 07:45:00,26.11,26.0,29.04,0,65.8,OFF
DVC-102,2026-06-12 13:15:00,24.31,24.0,35.82,1,1347.3,COOL
DVC-103,2026-06-02 22:45:00,25.79,26.0,28.5,0,14.2,OFF
DVC-104,2026-06-04 13:00:00,24.06,24.0,36.94,1,1180.4,COOL
DVC-102,2026-06-01 05:30:00,26.65,26.0,25.37,0,52.8,OFF
DVC-103,2026-06-06 05:30:00,85.0,26.0,27.55,0,46.6,OFF
DVC-104,2026-06-11 21:15:00,23.5,26.0,31.58,0,64.6,FAN
DVC-103,2026-06-06 09:45:00,25.29,24.0,31.45,1,1216.8,COOL
DVC-101,2026-06-11 17:45:00,24.61,24.0,35.63,0,53.2,FAN
DVC-104,2026-06-13 00:15:00,23.5,26.0,26.61,0,42.0,OFF
DVC-103,2026-06-02 13:45:00,24.23,24.0,36.78,1,1492.4,COOL
DVC-101,2026-06-08 06:00:00,25.11,26.0,25.37,0,44.7,OFF
DVC-101,2026-06-09 12:30:00,24.14,24.0,35.92,1,1255.9,COOL
DVC-104,2026-06-12 09:45:00,23.5,24.0,32.57,1,1310.3,COOL
DVC-101,2026-06-11 09:15:00,25.75,24.0,31.47,1,1302.3,COOL
DVC-105,2026-06-03 07:30:00,26.0,26.0,28.46,0,31.7,OFF
DVC-105,2026-06-08 20:00:00,24.27,24.0,31.12,1,1337.1,COOL
DVC-103,2026-06-06 14:45:00,24.56,24.0,36.92,0,55.4,FAN
DVC-101,2026-06-09 09:00:00,25.68,24.0,31.77,1,1490.3,COOL
DVC-103,2026-06-03 10:30:00,24.58,24.0,33.54,0,41.5,FAN
DVC-105,2026-06-13 08:00:00,26.64,26.0,30.3,1,1614.8,COOL
DVC-102,2026-06-09 01:45:00,25.13,26.0,25.53,0,68.3,OFF
DVC-105,2026-06-14 21:15:00,24.89,26.0,29.34,0,31.9,FAN
DVC-104,2026-06-09 17:00:00,23.5,24.0,36.44,0,52.8,FAN
DVC-105,2026-06-03 04:15:00,25.17,26.0,24.9,0,33.4,OFF
DVC-105,2026-06-14 00:00:00,26.3,26.0,26.78,0,71.8,OFF
DVC-102,2026-06-01 20:30:00,24.61,24.0,32.89,0,37.8,FAN
DVC-103,2026-06-04 06:15:00,25.94,26.0,28.29,0,49.0,OFF
DVC-103,2026-06-05 01:30:00,26.36,26.0,25.97,0,35.4,OFF
DVC-104,2026-06-07 18:00:00,23.98,24.0,36.8,1,1519.8,COOL
DVC-102,2026-06-14 16:00:00,24.05,24.0,37.81,1,1247.6,COOL
DVC-103,2026-06-12 19:15:00,24.06,24.0,33.43,1,1367.6,COOL
DVC-101,2026-06-01 18:15:00,24.64,24.0,35.25,0,44.8,FAN
DVC-103,2026-06-09 02:30:00,26.25,26.0,24.99,0,27.5,OFF
DVC-105,2026-06-09 20:00:00,24.4,24.0,32.55,0,33.6,FAN
DVC-105,2026-06-06 05:45:00,25.74,26.0,27.5,0,66.2,OFF
DVC-105,2026-06-12 18:45:00,24.4,24.0,34.14,1,1334.9,COOL
DVC-101,2026-06-04 12:30:00,24.72,24.0,36.45,0,37.1,FAN
DVC-104,2026-06-10 10:15:00,23.5,24.0,32.48,1,1153.1,COOL
DVC-102,2026-06-07 13:45:00,24.47,24.0,36.94,0,59.2,FAN
DVC-102,2026-06-11 01:45:00,26.09,26.0,25.02,0,48.9,OFF
DVC-105,2026-06-10 15:45:00,24.3,24.0,37.49,1,1193.8,COOL
DVC-105,2026-06-12 20:45:00,24.59,24.0,30.96,0,37.9,FAN
DVC-101,2026-06-09 00:15:00,25.48,26.0,27.5,0,49.0,OFF
DVC-105,2026-06-11 09:15:00,25.87,24.0,31.17,1,1203.7,COOL
DVC-103,2026-06-03 13:15:00,24.37,24.0,36.27,0,24.4,FAN
DVC-103,2026-06-11 11:45:00,24.25,24.0,34.39,1,1367.0,COOL
DVC-101,2026-06-13 18:15:00,24.3,24.0,35.27,1,1310.5,COOL
DVC-105,2026-06-11 03:30:00,26.2,26.0,24.77,0,57.1,OFF
DVC-104,2026-06-11 09:45:00,23.5,24.0,32.39,1,1470.5,COOL
DVC-105,2026-06-09 17:45:00,24.72,24.0,36.36,0,38.0,FAN
DVC-104,2026-06-14 20:30:00,23.5,24.0,31.69,1,1224.2,COOL
DVC-101,2026-06-08 02:00:00,25.66,26.0,25.69,0,53.4,OFF
DVC-101,2026-06-04 18:30:00,24.7,24.0,35.25,0,50.3,FAN
DVC-102,2026-06-13 18:30:00,24.41,24.0,35.29,1,1238.0,COOL
DVC-102,2026-06-11 00:45:00,26.1,26.0,25.15,0,50.4,OFF
DVC-104,2026-06-08 22:15:00,25.4,26.0,29.0,0,48.3,OFF
DVC-105,2026-06-12 09:30:00,25.37,24.0,31.24,1,1193.1,COOL
DVC-105,2026-06-04 02:30:00,26.04,26.0,24.92,0,42.2,OFF
DVC-103,2026-06-08 21:30:00,25.09,26.0,30.01,0,55.9,FAN
DVC-105,2026-06-12 12:15:00,24.61,24.0,35.32,0,51.1,FAN
DVC-105,2026-06-12 12:30:00,24.34,24.0,35.27,1,1271.3,COOL
DVC-102,2026-06-08 09:00:00,25.93,24.0,30.8,1,1257.6,COOL
DVC-101,2026-06-09 05:45:00,25.32,26.0,25.74,0,38.6,OFF
DVC-101,2026-06-13 17:45:00,24.14,24.0,35.98,1,1236.6,COOL
DVC-102,2026-06-05 13:45:00,24.3,24.0,36.91,1,1225.6,COOL
DVC-104,2026-06-04 21:30:00,24.88,26.0,30.56,0,43.4,FAN
DVC-102,2026-06-11 08:30:00,26.13,26.0,29.97,1,1308.1,COOL
DVC-101,2026-06-03 01:00:00,25.95,26.0,26.19,0,43.1,OFF
DVC-104,2026-06-12 11:15:00,23.5,24.0,34.68,0,33.4,FAN
DVC-101,2026-06-01 14:30:00,24.52,24.0,36.43,1,1263.0,COOL
DVC-105,2026-06-09 13:45:00,24.5,24.0,37.15,0,24.8,FAN
DVC-104,2026-06-14 05:30:00,23.5,26.0,26.28,0,70.4,OFF
DVC-102,2026-06-04 05:45:00,25.99,26.0,27.41,0,20.2,OFF
DVC-101,2026-06-07 06:15:00,26.05,26.0,26.7,0,41.9,OFF
DVC-104,2026-06-14 07:45:00,23.5,26.0,28.66,0,55.9,OFF
DVC-104,2026-06-12 10:45:00,23.5,24.0,34.4,0,37.3,FAN
DVC-105,2026-06-12 07:30:00,26.53,26.0,29.19,0,58.8,OFF
DVC-101,2026-06-03 05:30:00,24.95,26.0,26.04,0,62.1,OFF
DVC-105,2026-06-04 06:00:00,25.96,26.0,25.35,0,43.0,OFF
DVC-104,2026-06-04 17:30:00,24.79,24.0,35.74,0,50.9,FAN
DVC-105,2026-06-01 12:45:00,24.34,24.0,36.74,1,1410.9,COOL
DVC-104,2026-06-01 06:30:00,26.72,26.0,27.79,0,50.8,OFF
DVC-104,2026-06-08 13:00:00,24.55,24.0,35.23,0,45.2,FAN
DVC-101,2026-06-12 08:00:00,26.32,26.0,29.84,1,1334.6,COOL
DVC-103,2026-06-05 17:30:00,24.65,24.0,36.24,0,55.0,FAN
DVC-104,2026-06-03 05:15:00,26.44,26.0,26.77,0,36.4,OFF
DVC-101,2026-06-04 02:30:00,25.0,26.0,24.0,0,45.9,OFF
DVC-104,2026-06-05 20:45:00,24.32,24.0,31.55,1,1336.1,COOL
DVC-102,2026-06-07 05:15:00,25.96,26.0,27.65,0,38.4,OFF
DVC-105,2026-06-06 11:15:00,24.46,24.0,33.65,0,52.2,FAN
DVC-102,2026-06-11 02:00:00,25.99,26.0,25.7,0,47.7,OFF
DVC-103,2026-06-09 03:00:00,26.16,26.0,24.32,0,64.8,OFF
DVC-102,2026-06-13 04:30:00,25.37,26.0,25.76,0,51.5,OFF
DVC-101,2026-06-03 07:00:00,25.27,26.0,27.87,0,57.1,OFF
DVC-104,2026-06-03 23:30:00,26.05,26.0,27.44,0,19.4,OFF
DVC-105,2026-06-07 13:30:00,24.92,24.0,36.39,0,56.8,FAN
DVC-104,2026-06-07 21:45:00,25.14,26.0,30.24,0,50.6,FAN
DVC-105,2026-06-11 15:45:00,24.65,24.0,37.54,1,1448.9,COOL
DVC-105,2026-06-12 19:00:00,24.16,24.0,34.61,1,1564.6,COOL
DVC-104,2026-06-09 06:00:00,23.5,26.0,26.83,0,47.9,OFF
DVC-102,2026-06-13 06:45:00,25.81,26.0,27.82,0,56.2,OFF
DVC-101,2026-06-09 05:30:00,25.44,26.0,25.79,0,47.2,OFF
DVC-101,2026-06-05 06:45:00,26.13,26.0,26.27,0,73.1,OFF
DVC-105,2026-06-12 09:15:00,25.69,24.0,31.23,1,1359.9,COOL
DVC-102,2026-06-02 20:15:00,24.39,24.0,30.95,1,1474.4,COOL
DVC-104,2026-06-13 07:45:00,23.5,26.0,29.08,0,36.2,OFF
DVC-104,2026-06-11 06:30:00,23.5,26.0,28.24,0,37.2,OFF
DVC-101,2026-06-11 12:30:00,24.4,24.0,35.02,1,1369.9,COOL
DVC-101,2026-06-04 22:15:00,25.55,26.0,27.87,0,26.9,OFF
DVC-105,2026-06-02 10:15:00,24.75,24.0,32.62,1,1197.0,COOL
DVC-101,2026-06-08 00:15:00,26.01,26.0,25.7,0,57.9,OFF
DVC-105,2026-06-04 16:15:00,24.07,24.0,37.34,1,1435.2,COOL
DVC-101,2026-06-01 21:45:00,25.16,26.0,29.84,0,25.7,FAN
DVC-104,2026-06-13 22:30:00,23.5,26.0,29.97,0,42.9,OFF
DVC-105,2026-06-04 03:00:00,25.95,26.0,25.44,0,46.7,OFF
DVC-101,2026-06-09 02:15:00,25.52,26.0,25.35,0,32.9,OFF
DVC-102,2026-06-06 00:15:00,26.04,26.0,25.7,0,46.0,OFF
DVC-104,2026-06-01 14:00:00,24.39,24.0,35.77,1,1404.9,COOL
DVC-102,2026-06-06 09:00:00,25.99,24.0,31.18,1,1396.2,COOL
DVC-102,2026-06-04 05:00:00,25.8,26.0,24.74,0,39.5,OFF
DVC-105,2026-06-07 09:15:00,26.01,24.0,31.52,1,1286.2,COOL
DVC-103,2026-06-13 14:30:00,24.15,24.0,36.19,1,1292.1,COOL
DVC-102,2026-06-11 17:15:00,24.61,24.0,36.24,0,37.5,FAN
DVC-102,2026-06-09 09:30:00,25.16,24.0,31.64,1,1521.0,COOL
DVC-103,2026-06-10 20:15:00,24.17,24.0,32.61,1,1145.4,COOL
DVC-102,2026-06-03 02:00:00,26.4,26.0,25.53,0,41.5,OFF
DVC-103,2026-06-05 08:30:00,26.62,26.0,30.07,0,45.1,FAN
DVC-102,2026-06-13 17:30:00,24.19,24.0,36.25,1,1184.8,COOL
DVC-104,2026-06-02 00:15:00,26.24,26.0,26.05,0,41.0,OFF
DVC-101,2026-06-05 21:30:00,25.2,26.0,30.43,0,49.6,FAN
DVC-101,2026-06-13 03:15:00,25.92,26.0,24.5,0,34.0,OFF
DVC-105,2026-06-09 03:30:00,25.87,26.0,25.89,0,46.5,OFF
DVC-102,2026-06-07 21:45:00,25.03,26.0,29.44,0,53.2,FAN
DVC-104,2026-06-07 14:45:00,24.33,24.0,37.07,1,1236.4,COOL
DVC-104,2026-06-03 11:15:00,24.35,24.0,34.88,1,1356.8,COOL
DVC-102,2026-06-06 03:15:00,25.49,26.0,25.07,0,48.5,OFF
DVC-104,2026-06-03 10:15:00,24.27,24.0,32.92,1,1448.4,COOL
DVC-104,2026-06-01 22:45:00,25.9,26.0,27.9,0,25.9,OFF
DVC-104,2026-06-08 03:00:00,26.77,26.0,24.8,0,30.2,OFF
DVC-101,2026-06-05 06:00:00,26.0,26.0,25.56,0,39.8,OFF
DVC-101,2026-06-02 08:45:00,26.12,26.0,29.78,1,1373.4,COOL
DVC-103,2026-06-05 05:30:00,26.03,26.0,25.93,0,39.1,OFF
DVC-102,2026-06-09 05:30:00,25.04,26.0,26.01,0,44.1,OFF
DVC-103,2026-06-03 03:45:00,25.84,26.0,24.8,0,31.6,OFF
DVC-104,2026-06-06 22:30:00,26.06,26.0,29.06,0,38.3,OFF
DVC-101,2026-06-11 02:45:00,25.64,26.0,24.95,0,52.7,OFF
DVC-103,2026-06-03 12:00:00,24.53,24.0,35.75,1,1503.2,COOL
DVC-103,2026-06-09 06:45:00,25.49,26.0,26.47,0,64.4,OFF
DVC-104,2026-06-07 17:15:00,24.33,24.0,36.96,1,1407.4,COOL
DVC-104,2026-06-08 00:15:00,26.63,26.0,25.46,0,23.4,OFF
DVC-105,2026-06-10 19:00:00,24.64,24.0,32.5,0,46.5,FAN
DVC-103,2026-06-14 11:30:00,23.95,24.0,34.84,1,1184.6,COOL
DVC-101,2026-06-01 06:45:00,26.06,26.0,27.89,0,30.9,OFF
DVC-104,2026-06-08 10:30:00,24.32,24.0,32.99,1,1191.9,COOL
DVC-103,2026-06-14 00:45:00,26.26,26.0,26.01,0,60.4,OFF
DVC-103,2026-06-09 03:30:00,25.88,26.0,25.47,0,48.5,OFF
DVC-102,2026-06-12 17:30:00,24.55,24.0,35.3,0,40.9,FAN
DVC-102,2026-06-05 17:15:00,24.34,24.0,35.58,1,1401.5,COOL
DVC-103,2026-06-10 03:30:00,25.6,26.0,25.24,0,61.6,OFF
DVC-101,2026-06-05 22:30:00,26.01,26.0,29.08,0,57.0,OFF
DVC-104,2026-06-03 18:45:00,24.48,24.0,35.49,1,1334.6,COOL
DVC-105,2026-06-01 13:00:00,24.11,24.0,36.83,1,1416.9,COOL
DVC-103,2026-06-10 12:30:00,24.69,24.0,34.99,0,30.7,FAN
DVC-101,2026-06-07 16:30:00,24.55,24.0,37.77,1,1252.0,COOL
DVC-105,2026-06-05 03:30:00,25.11,26.0,25.57,0,47.7,OFF
DVC-105,2026-06-06 12:00:00,24.13,24.0,34.82,1,1485.6,COOL
DVC-103,2026-06-02 03:15:00,25.5,26.0,25.22,0,60.7,OFF
DVC-103,2026-06-10 18:00:00,24.65,24.0,35.36,0,36.9,FAN
DVC-102,2026-06-06 01:00:00,26.23,26.0,26.76,0,55.2,OFF
DVC-103,2026-06-10 03:45:00,25.42,26.0,24.41,0,42.2,OFF
DVC-101,2026-06-03 22:15:00,25.36,26.0,28.02,0,46.5,OFF
DVC-103,2026-06-06 13:00:00,24.21,24.0,36.22,1,1436.0,COOL
DVC-102,2026-06-10 20:00:00,24.44,24.0,32.63,0,49.3,FAN
DVC-101,2026-06-14 03:15:00,25.79,26.0,25.07,0,45.1,OFF
DVC-101,2026-06-04 07:15:00,25.4,26.0,27.93,0,49.9,OFF
DVC-105,2026-06-09 11:45:00,24.53,24.0,34.61,1,1439.6,COOL
DVC-101,2026-06-12 13:15:00,24.51,24.0,36.89,1,1319.7,COOL
DVC-101,2026-06-13 02:30:00,26.18,26.0,24.9,0,49.0,OFF
DVC-105,2026-06-09 20:30:00,24.42,24.0,31.95,0,41.4,FAN
DVC-101,2026-06-13 19:45:00,23.92,24.0,32.25,1,1223.3,COOL
DVC-102,2026-06-10 00:15:00,26.39,26.0,26.62,0,44.6,OFF
DVC-105,2026-06-07 01:30:00,26.21,26.0,25.66,0,40.0,OFF
DVC-102,2026-06-09 05:00:00,25.05,26.0,25.76,0,40.6,OFF
DVC-101,2026-06-03 03:00:00,25.5,26.0,23.77,0,39.3,OFF
DVC-103,2026-06-07 05:45:00,25.73,26.0,26.79,0,39.4,OFF
DVC-104,2026-06-05 11:45:00,24.68,24.0,34.55,0,40.3,FAN
DVC-103,2026-06-13 08:15:00,26.23,26.0,30.09,1,1392.0,COOL
DVC-104,2026-06-07 16:15:00,24.77,24.0,37.1,0,28.2,FAN
DVC-102,2026-06-02 05:45:00,25.76,26.0,26.4,0,44.1,OFF
DVC-105,2026-06-10 08:00:00,26.02,26.0,30.59,1,1382.3,COOL
DVC-104,2026-06-04 10:30:00,24.32,24.0,32.19,1,1434.6,COOL
DVC-103,2026-06-03 15:15:00,24.11,24.0,36.68,1,1359.2,COOL
DVC-102,2026-06-05 02:45:00,25.85,26.0,25.75,0,38.6,OFF
DVC-103,2026-06-12 09:15:00,25.62,24.0,30.79,1,1452.4,COOL
DVC-104,2026-06-10 23:45:00,85.0,26.0,27.08,0,59.3,OFF
DVC-102,2026-06-06 02:45:00,25.51,26.0,25.78,0,51.2,OFF
DVC-101,2026-06-13 18:00:00,24.7,24.0,34.7,0,63.2,FAN
DVC-102,2026-06-13 09:30:00,25.37,24.0,32.23,1,1417.4,COOL
DVC-104,2026-06-13 11:00:00,23.5,24.0,34.45,0,55.3,FAN
DVC-101,2026-06-08 05:00:00,25.41,26.0,26.38,0,36.0,OFF
DVC-102,2026-06-05 17:30:00,24.07,24.0,36.07,1,1340.5,COOL
DVC-102,2026-06-06 16:30:00,24.48,24.0,36.65,1,1311.4,COOL
DVC-104,2026-06-06 17:00:00,24.15,24.0,35.58,1,1549.1,COOL
DVC-102,2026-06-06 05:30:00,25.51,26.0,26.28,0,39.8,OFF
DVC-103,2026-06-05 12:45:00,24.38,24.0,35.85,1,1395.7,COOL
DVC-104,2026-06-03 16:45:00,24.35,24.0,37.1,1,1446.3,COOL
DVC-103,2026-06-12 12:00:00,24.41,24.0,35.39,0,62.5,FAN
DVC-101,2026-06-10 12:45:00,24.63,24.0,36.68,0,33.1,FAN
DVC-104,2026-06-05 15:00:00,24.55,24.0,36.96,1,1202.8,COOL
DVC-105,2026-06-06 02:45:00,25.92,26.0,24.86,0,25.2,OFF
DVC-105,2026-06-07 05:15:00,25.86,26.0,24.06,0,38.1,OFF
DVC-101,2026-06-07 07:45:00,26.61,26.0,29.34,0,59.4,OFF
DVC-101,2026-06-07 06:30:00,26.33,26.0,28.11,0,27.7,OFF
DVC-102,2026-06-03 17:30:00,24.81,24.0,35.48,0,48.7,FAN
DVC-101,2026-06-14 07:30:00,25.51,26.0,28.92,0,30.9,OFF
DVC-105,2026-06-09 09:30:00,25.29,24.0,31.5,1,1248.1,COOL
DVC-105,2026-06-11 08:30:00,26.44,26.0,29.92,0,42.5,FAN
DVC-105,2026-06-05 02:45:00,25.06,26.0,24.19,0,40.2,OFF
DVC-102,2026-06-05 02:30:00,25.72,26.0,24.53,0,24.4,OFF
DVC-103,2026-06-12 17:30:00,24.33,24.0,35.68,1,1224.7,COOL
DVC-101,2026-06-13 10:00:00,24.9,24.0,32.4,1,1433.6,COOL
DVC-103,2026-06-05 01:45:00,26.29,26.0,25.77,0,42.9,OFF
DVC-103,2026-06-13 22:00:00,25.25,26.0,29.54,0,47.3,OFF
DVC-103,2026-06-02 07:00:00,26.54,26.0,27.75,0,33.9,OFF
DVC-103,2026-06-13 22:45:00,25.69,26.0,28.8,0,47.1,OFF
DVC-102,2026-06-06 22:30:00,25.73,26.0,29.63,0,57.5,OFF
DVC-104,2026-06-07 01:45:00,26.56,26.0,25.19,0,32.5,OFF
DVC-101,2026-06-14 17:15:00,24.58,24.0,36.21,0,38.8,FAN
DVC-105,2026-06-04 11:45:00,24.07,24.0,35.41,1,1418.2,COOL
DVC-102,2026-06-04 20:45:00,24.42,24.0,30.75,0,39.4,FAN
DVC-105,2026-06-06 19:00:00,24.57,24.0,33.24,0,34.9,FAN
DVC-104,2026-06-10 06:15:00,23.5,26.0,27.33,0,28.8,OFF
DVC-101,2026-06-09 03:45:00,25.58,26.0,25.65,0,45.2,OFF
DVC-102,2026-06-01 16:00:00,24.09,24.0,36.78,1,1444.1,COOL
DVC-102,2026-06-10 04:30:00,25.69,26.0,25.57,0,48.5,OFF
DVC-102,2026-06-08 23:45:00,25.47,26.0,28.23,0,54.4,OFF
DVC-104,2026-06-10 13:15:00,23.5,24.0,36.17,1,1246.3,COOL
DVC-101,2026-06-01 07:15:00,26.34,26.0,28.6,0,40.1,OFF
DVC-104,2026-06-11 12:30:00,23.5,24.0,35.48,1,1251.8,COOL
DVC-102,2026-06-13 23:00:00,26.08,26.0,27.94,0,49.0,OFF
DVC-104,2026-06-03 07:45:00,26.73,26.0,30.11,0,53.1,OFF
DVC-105,2026-06-06 00:30:00,26.07,26.0,25.67,0,42.7,OFF
DVC-103,2026-06-05 05:15:00,25.94,26.0,26.65,0,50.3,OFF
DVC-104,2026-06-05 01:15:00,25.99,26.0,24.86,0,50.1,OFF
DVC-105,2026-06-13 18:45:00,24.26,24.0,33.9,1,1589.9,COOL
DVC-105,2026-06-14 23:30:00,25.99,26.0,26.34,0,52.3,OFF
DVC-103,2026-06-06 12:30:00,24.59,24.0,36.01,0,37.1,FAN
DVC-104,2026-06-03 02:00:00,26.76,26.0,25.52,0,23.0,OFF
DVC-105,2026-06-02 11:45:00,24.71,24.0,34.92,0,51.7,FAN
DVC-101,2026-06-13 18:30:00,24.73,24.0,35.09,0,62.8,FAN
DVC-103,2026-06-03 16:00:00,24.25,24.0,36.44,1,1284.1,COOL
DVC-105,2026-06-04 01:15:00,26.24,26.0,26.53,0,42.9,OFF
DVC-105,2026-06-14 10:00:00,24.86,24.0,32.73,1,1447.6,COOL
DVC-104,2026-06-12 23:45:00,23.5,26.0,26.77,0,38.2,OFF
DVC-101,2026-06-01 18:30:00,24.36,24.0,34.74,1,1221.4,COOL
DVC-104,2026-06-01 14:15:00,24.09,24.0,36.68,1,1452.5,COOL
DVC-101,2026-06-08 14:45:00,24.12,24.0,37.02,1,1232.2,COOL
DVC-101,2026-06-09 20:15:00,24.47,24.0,32.75,0,44.0,FAN
DVC-101,2026-06-12 20:00:00,24.71,24.0,32.59,0,44.6,FAN
DVC-105,2026-06-09 17:30:00,24.19,24.0,35.41,1,1257.5,COOL
DVC-101,2026-06-14 09:00:00,25.78,24.0,31.04,1,1322.3,COOL
DVC-101,2026-06-12 10:00:00,24.93,24.0,33.5,1,1336.5,COOL
DVC-104,2026-06-06 06:15:00,25.63,26.0,26.87,0,43.5,OFF
DVC-104,2026-06-12 01:45:00,23.5,26.0,25.14,0,32.4,OFF
DVC-101,2026-06-04 22:30:00,25.87,26.0,29.67,0,47.6,OFF
DVC-104,2026-06-01 04:30:00,26.42,26.0,24.92,0,49.1,OFF
DVC-103,2026-06-11 00:00:00,26.08,26.0,28.39,0,42.6,OFF
DVC-104,2026-06-11 20:45:00,23.5,24.0,31.41,0,48.8,FAN
DVC-101,2026-06-08 02:15:00,25.78,26.0,25.49,0,47.1,OFF
DVC-103,2026-06-10 05:45:00,25.2,26.0,25.89,0,49.0,OFF
DVC-102,2026-06-13 03:45:00,25.43,26.0,25.18,0,52.4,OFF
DVC-102,2026-06-14 13:00:00,24.07,24.0,35.28,1,1326.2,COOL
DVC-105,2026-06-10 07:45:00,26.32,26.0,29.38,0,57.1,OFF
DVC-105,2026-06-02 08:15:00,26.5,26.0,30.78,1,1362.1,COOL
DVC-105,2026-06-03 09:15:00,26.1,24.0,31.14,1,1391.0,COOL
DVC-105,2026-06-01 22:45:00,26.26,26.0,28.69,0,49.2,OFF
DVC-102,2026-06-06 15:00:00,24.85,24.0,36.56,0,51.1,FAN
DVC-103,2026-06-10 07:30:00,25.47,26.0,28.0,0,47.6,OFF
DVC-103,2026-06-05 17:15:00,24.08,24.0,36.88,1,1417.4,COOL
DVC-101,2026-06-10 19:00:00,24.68,24.0,34.13,0,55.0,FAN
DVC-105,2026-06-01 16:00:00,24.26,24.0,36.64,1,1418.9,COOL
DVC-104,2026-06-13 01:00:00,23.5,26.0,26.44,0,41.6,OFF
DVC-104,2026-06-07 18:15:00,24.28,24.0,34.55,0,42.9,FAN
DVC-101,2026-06-06 19:45:00,24.49,24.0,32.4,0,43.5,FAN
DVC-101,2026-06-08 02:45:00,25.43,26.0,24.7,0,48.0,OFF
DVC-104,2026-06-01 20:30:00,24.19,24.0,31.19,1,1386.2,COOL
DVC-105,2026-06-07 22:15:00,25.94,26.0,29.9,0,64.9,OFF
DVC-102,2026-06-14 04:00:00,25.42,26.0,25.43,0,31.2,OFF
DVC-102,2026-06-08 14:15:00,24.13,24.0,37.4,1,1366.1,COOL
DVC-102,2026-06-11 03:45:00,25.63,26.0,24.91,0,42.2,OFF
DVC-103,2026-06-12 07:15:00,26.67,26.0,28.4,0,50.4,OFF
DVC-103,2026-06-12 05:30:00,25.76,26.0,26.52,0,58.3,OFF
DVC-101,2026-06-08 18:30:00,24.18,24.0,35.73,1,1230.5,COOL
DVC-104,2026-06-14 10:00:00,23.5,24.0,32.08,1,1319.1,COOL
DVC-103,2026-06-10 16:30:00,24.23,24.0,37.53,1,1131.4,COOL
DVC-104,2026-06-01 23:45:00,26.01,26.0,27.81,0,37.1,OFF
DVC-104,2026-06-08 07:30:00,26.7,26.0,28.49,0,45.7,OFF
DVC-104,2026-06-06 16:45:00,24.41,24.0,35.57,0,60.6,FAN
DVC-102,2026-06-09 00:00:00,25.53,26.0,27.1,0,36.5,OFF
DVC-102,2026-06-09 23:45:00,26.35,26.0,27.31,0,44.1,OFF
DVC-104,2026-06-09 21:45:00,23.5,26.0,28.41,0,52.6,FAN
DVC-102,2026-06-11 19:15:00,24.68,24.0,33.7,0,52.5,FAN
DVC-105,2026-06-13 07:30:00,26.88,26.0,29.41,0,32.6,OFF
DVC-101,2026-06-01 16:15:00,24.27,24.0,37.16,1,1330.5,COOL
DVC-104,2026-06-05 20:30:00,24.5,24.0,31.64,0,38.0,FAN
DVC-102,2026-06-13 14:15:00,24.26,24.0,37.41,1,1220.6,COOL
DVC-103,2026-06-13 19:30:00,24.52,24.0,33.96,0,44.0,FAN
DVC-103,2026-06-05 19:00:00,24.55,24.0,34.03,0,41.4,FAN
DVC-104,2026-06-04 01:30:00,26.21,26.0,25.18,0,32.5,OFF
DVC-104,2026-06-13 04:30:00,23.5,26.0,25.58,0,50.6,OFF
DVC-101,2026-06-01 10:00:00,24.87,24.0,33.0,1,1240.6,COOL
DVC-103,2026-06-01 09:30:00,25.32,24.0,31.07,1,1327.7,COOL
DVC-101,2026-06-02 16:45:00,24.29,24.0,35.89,1,1158.2,COOL
DVC-105,2026-06-08 20:45:00,24.11,24.0,32.09,1,1390.7,COOL
DVC-102,2026-06-09 11:30:00,24.07,24.0,34.21,1,1438.8,COOL
DVC-103,2026-06-13 07:45:00,26.11,26.0,28.38,0,47.5,OFF
DVC-101,2026-06-14 08:15:00,25.64,26.0,28.53,0,62.9,FAN
DVC-101,2026-06-07 06:00:00,26.07,26.0,27.07,0,44.5,OFF
DVC-101,2026-06-11 11:00:00,24.67,24.0,34.0,0,46.8,FAN
DVC-102,2026-06-08 01:00:00,26.36,26.0,25.75,0,46.8,OFF
DVC-105,2026-06-09 00:30:00,26.65,26.0,26.77,0,49.0,OFF
DVC-104,2026-06-13 13:45:00,23.5,24.0,37.01,1,1226.5,COOL
DVC-105,2026-06-10 07:00:00,25.99,26.0,28.33,0,29.8,OFF
DVC-105,2026-06-07 09:30:00,25.84,24.0,30.94,1,1483.4,COOL
DVC-102,2026-06-04 17:15:00,24.26,24.0,35.71,1,1359.5,COOL
DVC-102,2026-06-05 15:45:00,24.64,24.0,38.34,0,47.2,FAN
DVC-103,2026-06-09 22:15:00,25.55,26.0,28.22,0,29.3,OFF
DVC-104,2026-06-10 17:30:00,23.5,24.0,36.13,1,1299.3,COOL
DVC-102,2026-06-03 11:00:00,24.49,24.0,34.67,0,54.3,FAN
DVC-102,2026-06-14 19:30:00,24.38,24.0,34.16,0,49.0,FAN
DVC-103,2026-06-11 06:45:00,26.05,26.0,28.52,0,42.1,OFF
DVC-105,2026-06-11 16:15:00,24.01,24.0,36.41,1,1249.8,COOL
DVC-103,2026-06-05 13:30:00,24.32,24.0,37.23,1,1418.0,COOL
DVC-102,2026-06-01 05:00:00,26.68,26.0,25.71,0,29.1,OFF
DVC-101,2026-06-13 01:15:00,26.52,26.0,26.5,0,47.6,OFF
DVC-101,2026-06-14 12:30:00,24.18,24.0,35.07,1,1440.6,COOL
DVC-104,2026-06-06 00:15:00,26.16,26.0,27.01,0,55.1,OFF
DVC-103,2026-06-07 03:15:00,25.34,26.0,24.62,0,37.8,OFF
DVC-104,2026-06-13 19:15:00,23.5,24.0,34.15,0,54.2,FAN
DVC-104,2026-06-08 16:45:00,24.92,24.0,38.2,0,25.9,FAN
DVC-104,2026-06-03 09:45:00,24.84,24.0,32.65,1,1336.8,COOL
DVC-102,2026-06-14 14:15:00,24.15,24.0,38.1,1,1541.1,COOL
DVC-103,2026-06-11 16:15:00,24.13,24.0,37.18,1,1244.3,COOL
DVC-103,2026-06-03 21:30:00,24.81,26.0,30.62,0,31.8,FAN
DVC-103,2026-06-12 07:45:00,26.96,26.0,28.8,0,59.6,OFF
DVC-105,2026-06-05 15:15:00,24.03,24.0,38.15,1,1428.6,COOL
DVC-102,2026-06-12 16:15:00,24.56,24.0,36.39,0,30.2,FAN
DVC-104,2026-06-12 06:30:00,23.5,26.0,27.77,0,50.6,OFF
DVC-101,2026-06-03 12:00:00,24.2,24.0,34.72,1,1430.9,COOL
DVC-102,2026-06-14 06:00:00,25.59,26.0,28.21,0,39.8,OFF
DVC-104,2026-06-01 09:15:00,25.39,24.0,31.45,1,1278.7,COOL
DVC-102,2026-06-13 11:45:00,24.44,24.0,35.51,0,47.2,FAN
DVC-101,2026-06-05 04:30:00,26.14,26.0,25.95,0,41.4,OFF
DVC-104,2026-06-14 12:00:00,23.5,24.0,35.1,1,1427.3,COOL
DVC-102,2026-06-03 23:15:00,25.95,26.0,27.82,0,42.6,OFF
DVC-101,2026-06-09 09:15:00,25.51,24.0,32.05,1,1440.6,COOL
DVC-105,2026-06-11 21:15:00,24.85,26.0,30.1,0,47.3,FAN
DVC-103,2026-06-12 23:00:00,25.35,26.0,28.01,0,41.9,OFF
DVC-104,2026-06-07 03:00:00,26.21,26.0,24.58,0,48.9,OFF
DVC-102,2026-06-02 11:15:00,24.23,24.0,34.65,0,29.9,FAN
DVC-103,2026-06-04 12:30:00,24.65,24.0,35.29,0,22.9,FAN
DVC-105,2026-06-11 14:45:00,24.16,24.0,37.01,1,1422.8,COOL
DVC-102,2026-06-08 00:15:00,26.3,26.0,26.42,0,40.1,OFF
DVC-105,2026-06-04 10:45:00,24.52,24.0,33.13,1,1294.6,COOL
DVC-105,2026-06-03 05:30:00,25.21,26.0,26.02,0,36.6,OFF
DVC-104,2026-06-07 18:45:00,24.38,24.0,33.91,1,1254.5,COOL
DVC-102,2026-06-12 06:00:00,25.7,26.0,27.72,0,30.0,OFF
DVC-102,2026-06-05 10:45:00,24.57,24.0,34.49,0,52.6,FAN
DVC-105,2026-06-04 14:00:00,24.18,24.0,36.82,1,1515.5,COOL
DVC-104,2026-06-01 22:00:00,25.5,26.0,29.55,0,39.3,OFF
DVC-103,2026-06-13 18:30:00,24.64,24.0,34.54,0,32.8,FAN
DVC-105,2026-06-06 13:30:00,24.54,24.0,36.39,1,1275.3,COOL
DVC-103,2026-06-10 04:15:00,25.59,26.0,25.32,0,43.4,OFF
DVC-101,2026-06-10 14:15:00,24.43,24.0,36.36,0,30.0,FAN
DVC-101,2026-06-01 21:00:00,24.8,26.0,30.28,0,25.0,FAN
DVC-104,2026-06-01 00:45:00,26.92,26.0,25.98,0,42.5,OFF
DVC-101,2026-06-09 06:00:00,25.32,26.0,27.06,0,54.0,OFF
DVC-105,2026-06-05 10:45:00,24.44,24.0,33.58,1,1189.6,COOL
DVC-105,2026-06-14 20:15:00,24.23,24.0,32.53,1,1405.2,COOL
DVC-104,2026-06-05 02:15:00,25.76,26.0,26.31,0,34.3,OFF
DVC-103,2026-06-09 07:00:00,25.49,26.0,27.38,0,21.4,OFF
DVC-101,2026-06-02 03:30:00,25.22,26.0,25.31,0,38.7,OFF
DVC-104,2026-06-08 06:00:00,26.19,26.0,27.6,0,54.7,OFF
DVC-105,2026-06-04 19:30:00,24.78,24.0,33.27,0,37.4,FAN
DVC-105,2026-06-08 13:15:00,23.98,24.0,35.68,1,1515.0,COOL
DVC-105,2026-06-12 20:00:00,24.36,24.0,32.43,1,1484.2,COOL
DVC-102,2026-06-02 06:30:00,25.93,26.0,27.12,0,54.2,OFF
DVC-101,2026-06-13 16:15:00,24.46,24.0,35.33,1,1297.3,COOL
DVC-101,2026-06-14 01:45:00,26.06,26.0,24.94,0,21.7,OFF
DVC-104,2026-06-10 02:00:00,23.5,26.0,25.19,0,60.5,OFF
DVC-105,2026-06-08 15:15:00,24.72,24.0,37.61,0,52.1,FAN
DVC-105,2026-06-14 18:45:00,23.94,24.0,33.74,1,1158.9,COOL
DVC-105,2026-06-12 10:30:00,24.0,24.0,32.42,1,1514.1,COOL
DVC-101,2026-06-03 05:00:00,25.06,26.0,25.82,0,73.1,OFF
DVC-105,2026-06-09 09:15:00,25.51,24.0,31.57,1,1392.0,COOL
DVC-103,2026-06-13 08:45:00,26.28,26.0,31.79,0,28.7,FAN
DVC-105,2026-06-13 00:15:00,26.24,26.0,27.09,0,57.7,OFF
DVC-105,2026-06-07 05:45:00,25.81,26.0,25.95,0,44.6,OFF
DVC-105,2026-06-12 05:45:00,25.75,26.0,26.09,0,39.3,OFF
DVC-105,2026-06-13 21:00:00,24.57,26.0,31.17,0,49.1,FAN
DVC-105,2026-06-01 10:15:00,24.69,24.0,32.63,1,1410.5,COOL
DVC-102,2026-06-01 08:30:00,26.2,26.0,30.44,1,1237.4,COOL
DVC-102,2026-06-13 16:00:00,24.18,24.0,37.0,1,1164.0,COOL
DVC-102,2026-06-04 21:45:00,25.61,26.0,29.87,0,42.3,FAN
DVC-103,2026-06-13 05:30:00,25.4,26.0,25.94,0,40.9,OFF
DVC-101,2026-06-14 02:15:00,26.08,26.0,25.09,0,36.9,OFF
DVC-101,2026-06-05 03:15:00,26.16,26.0,25.15,0,48.2,OFF
DVC-102,2026-06-09 10:00:00,24.52,24.0,31.42,1,1126.0,COOL
DVC-101,2026-06-01 19:45:00,24.33,24.0,32.74,1,1389.6,COOL
DVC-101,2026-06-08 01:00:00,25.79,26.0,27.23,0,59.0,OFF
DVC-105,2026-06-03 10:45:00,24.68,24.0,33.04,1,1225.1,COOL
DVC-104,2026-06-07 08:45:00,26.32,26.0,32.17,0,58.5,FAN
DVC-103,2026-06-13 01:00:00,25.42,26.0,25.23,0,39.2,OFF
DVC-104,2026-06-12 17:45:00,23.5,24.0,35.91,0,44.1,FAN
DVC-104,2026-06-13 12:15:00,23.5,24.0,35.19,0,38.3,FAN
DVC-104,2026-06-04 15:00:00,23.98,24.0,36.58,1,1091.8,COOL
DVC-105,2026-06-02 19:45:00,24.58,24.0,32.59,0,62.7,FAN
DVC-101,2026-06-02 20:30:00,23.96,24.0,31.71,1,1290.8,COOL
DVC-102,2026-06-10 21:00:00,24.29,26.0,31.2,0,41.9,FAN
DVC-105,2026-06-12 13:45:00,24.52,24.0,36.91,1,1267.9,COOL
DVC-104,2026-06-07 10:00:00,24.73,24.0,33.17,1,1606.0,COOL
DVC-105,2026-06-07 12:00:00,24.66,24.0,34.99,1,1214.8,COOL
DVC-105,2026-06-03 20:30:00,24.49,24.0,31.09,0,38.1,FAN
DVC-105,2026-06-09 14:30:00,24.25,24.0,38.19,1,1455.1,COOL
DVC-101,2026-06-11 07:00:00,26.02,26.0,27.82,0,53.6,OFF
DVC-104,2026-06-05 11:15:00,24.5,24.0,34.29,0,33.8,FAN
DVC-105,2026-06-08 18:15:00,24.2,24.0,34.83,1,1118.0,COOL
DVC-104,2026-06-08 21:00:00,24.57,26.0,31.15,0,35.7,FAN
DVC-102,2026-06-14 21:00:00,24.34,26.0,30.5,0,52.5,FAN
DVC-103,2026-06-14 14:30:00,24.46,24.0,37.2,1,1318.7,COOL
DVC-105,2026-06-06 06:00:00,25.75,26.0,26.3,0,32.8,OFF
DVC-101,2026-06-09 22:45:00,25.94,26.0,28.75,0,40.3,OFF
DVC-101,2026-06-03 08:45:00,26.16,26.0,31.73,0,40.6,FAN
DVC-101,2026-06-10 21:00:00,24.39,26.0,31.23,0,50.5,FAN
DVC-103,2026-06-01 02:45:00,26.35,26.0,24.63,0,39.1,OFF
DVC-105,2026-06-03 03:15:00,25.78,26.0,25.0,0,46.4,OFF
DVC-101,2026-06-11 10:45:00,24.25,24.0,34.03,1,1322.1,COOL
DVC-104,2026-06-13 02:15:00,23.5,26.0,26.0,0,63.3,OFF
DVC-102,2026-06-02 19:45:00,24.71,24.0,33.1,0,29.9,FAN
DVC-102,2026-06-11 15:45:00,24.29,24.0,35.61,1,1317.2,COOL
DVC-101,2026-06-08 18:15:00,24.38,24.0,35.51,1,1467.7,COOL
DVC-104,2026-06-04 04:30:00,25.91,26.0,24.68,0,40.8,OFF
DVC-103,2026-06-05 02:15:00,26.19,26.0,25.7,0,44.4,OFF
DVC-103,2026-06-03 14:30:00,24.72,24.0,36.42,0,59.3,FAN
DVC-103,2026-06-13 13:15:00,24.57,24.0,37.11,0,47.3,FAN
DVC-105,2026-06-06 23:30:00,26.43,26.0,27.51,0,43.7,OFF
DVC-104,2026-06-09 12:00:00,23.5,24.0,34.73,1,1428.9,COOL
DVC-101,2026-06-11 20:45:00,24.64,24.0,31.45,0,48.8,FAN
DVC-105,2026-06-04 04:00:00,25.94,26.0,25.64,0,34.2,OFF
DVC-105,2026-06-07 20:30:00,24.11,24.0,31.25,1,1479.0,COOL
DVC-103,2026-06-11 09:45:00,25.2,24.0,32.23,1,1306.8,COOL
DVC-102,2026-06-14 23:45:00,25.71,26.0,27.22,0,39.8,OFF
DVC-102,2026-06-12 21:15:00,24.97,26.0,31.58,0,53.6,FAN
DVC-104,2026-06-09 17:30:00,23.5,24.0,35.65,1,1298.9,COOL
DVC-102,2026-06-05 12:00:00,24.68,24.0,35.49,0,45.2,FAN
DVC-103,2026-06-09 07:15:00,25.7,26.0,28.0,0,60.0,OFF
DVC-102,2026-06-02 23:00:00,26.14,26.0,27.79,0,52.7,OFF
DVC-105,2026-06-13 15:15:00,24.32,24.0,36.21,1,1440.4,COOL
DVC-102,2026-06-11 14:30:00,24.11,24.0,36.27,1,1351.8,COOL
DVC-101,2026-06-05 10:45:00,24.22,24.0,34.69,1,1324.2,COOL
DVC-105,2026-06-05 15:45:00,24.45,24.0,36.73,1,1336.8,COOL
DVC-103,2026-06-04 19:00:00,24.48,24.0,33.95,0,37.8,FAN
DVC-102,2026-06-05 20:30:00,24.07,24.0,31.15,1,1362.4,COOL
DVC-101,2026-06-06 07:30:00,26.37,26.0,27.77,0,70.3,OFF
DVC-101,2026-06-10 13:15:00,23.99,24.0,36.7,1,1354.7,COOL
DVC-102,2026-06-04 13:45:00,24.18,24.0,35.37,1,1449.7,COOL
DVC-104,2026-06-06 13:30:00,24.35,24.0,36.45,0,51.9,FAN
DVC-102,2026-06-04 22:30:00,26.01,26.0,27.94,0,31.9,OFF
DVC-105,2026-06-09 08:45:00,26.24,26.0,30.94,1,1333.7,COOL
DVC-101,2026-06-14 12:00:00,24.61,24.0,34.3,0,30.8,FAN
DVC-105,2026-06-14 02:30:00,26.35,26.0,25.55,0,51.1,OFF
DVC-102,2026-06-11 19:00:00,24.15,24.0,33.77,1,1512.1,COOL
DVC-105,2026-06-13 04:15:00,25.83,26.0,24.69,0,58.8,OFF
DVC-102,2026-06-02 12:15:00,24.11,24.0,34.83,1,1284.2,COOL
DVC-104,2026-06-05 16:30:00,24.44,24.0,37.57,1,1254.4,COOL
DVC-102,2026-06-05 05:00:00,25.54,26.0,26.24,0,44.3,OFF
DVC-102,2026-06-08 06:30:00,26.07,26.0,27.44,0,40.5,OFF
DVC-101,2026-06-05 02:30:00,26.18,26.0,25.47,0,41.2,OFF
DVC-102,2026-06-03 03:15:00,26.53,26.0,25.25,0,70.4,OFF
DVC-101,2026-06-14 18:45:00,24.46,24.0,33.4,1,1389.3,COOL
DVC-102,2026-06-01 04:15:00,26.61,26.0,24.9,0,41.9,OFF
DVC-102,2026-06-04 11:15:00,24.14,24.0,33.72,1,1452.6,COOL
DVC-105,2026-06-07 00:30:00,26.59,26.0,26.88,0,44.2,OFF
DVC-104,2026-06-10 15:00:00,23.5,24.0,37.04,0,57.6,FAN
DVC-105,2026-06-04 09:00:00,25.82,24.0,31.48,1,1492.3,COOL
DVC-104,2026-06-14 17:00:00,23.5,24.0,36.67,1,1283.2,COOL
DVC-105,2026-06-04 22:15:00,25.51,26.0,28.94,0,31.3,OFF
DVC-103,2026-06-09 05:00:00,25.58,26.0,26.66,0,61.0,OFF
DVC-101,2026-06-09 17:15:00,24.55,24.0,36.85,1,1364.2,COOL
DVC-104,2026-06-05 08:00:00,25.54,26.0,28.87,0,57.9,FAN
DVC-103,2026-06-09 06:30:00,25.51,26.0,27.66,0,34.9,OFF
DVC-104,2026-06-05 19:15:00,24.7,24.0,34.62,0,58.3,FAN
DVC-104,2026-06-09 19:00:00,23.5,24.0,34.94,1,1243.5,COOL
DVC-103,2026-06-13 23:15:00,25.69,26.0,27.25,0,53.9,OFF
DVC-104,2026-06-09 21:15:00,23.5,26.0,30.26,0,40.6,FAN
DVC-103,2026-06-13 21:00:00,24.46,26.0,30.19,0,40.7,FAN
DVC-105,2026-06-10 06:30:00,25.97,26.0,27.54,0,41.0,OFF
DVC-103,2026-06-13 12:00:00,24.36,24.0,34.95,1,1281.0,COOL
DVC-102,2026-06-08 15:30:00,24.12,24.0,36.58,1,1302.1,COOL
DVC-105,2026-06-07 18:30:00,24.72,24.0,34.92,0,30.7,FAN
DVC-103,2026-06-13 14:45:00,24.53,24.0,36.95,0,52.8,FAN
DVC-101,2026-06-10 08:45:00,26.48,26.0,29.69,0,55.7,FAN
DVC-102,2026-06-05 05:45:00,25.48,26.0,26.38,0,62.1,OFF
DVC-104,2026-06-01 13:15:00,24.45,24.0,36.09,0,40.3,FAN
DVC-103,2026-06-13 05:00:00,25.68,26.0,26.58,0,64.1,OFF
DVC-104,2026-06-07 13:15:00,24.58,24.0,35.89,1,1252.1,COOL
DVC-104,2026-06-03 07:30:00,26.49,26.0,28.74,0,34.9,OFF
DVC-102,2026-06-13 07:15:00,25.83,26.0,27.78,0,46.7,OFF
DVC-101,2026-06-03 17:30:00,24.54,24.0,35.9,0,47.4,FAN
DVC-102,2026-06-10 05:45:00,25.68,26.0,26.18,0,40.8,OFF
DVC-104,2026-06-06 04:15:00,25.74,26.0,25.38,0,43.6,OFF
DVC-105,2026-06-14 16:45:00,24.44,24.0,35.6,1,1484.4,COOL
DVC-103,2026-06-02 13:00:00,24.31,24.0,35.86,1,1487.3,COOL
DVC-102,2026-06-12 17:00:00,24.32,24.0,36.26,1,1210.1,COOL
DVC-104,2026-06-14 02:45:00,23.5,26.0,24.81,0,55.9,OFF
DVC-105,2026-06-06 04:15:00,25.8,26.0,24.92,0,50.4,OFF
DVC-104,2026-06-09 09:15:00,23.5,24.0,31.0,1,1440.0,COOL
DVC-105,2026-06-04 10:15:00,24.27,24.0,33.94,1,1435.5,COOL
DVC-105,2026-06-05 14:45:00,24.65,24.0,37.75,0,29.4,FAN
DVC-104,2026-06-13 15:00:00,23.5,24.0,37.11,0,40.2,FAN
DVC-104,2026-06-09 03:00:00,23.5,26.0,24.29,0,41.4,OFF
DVC-103,2026-06-11 22:45:00,25.17,26.0,28.19,0,46.2,OFF
DVC-104,2026-06-13 17:00:00,23.5,24.0,35.87,0,44.0,FAN
DVC-104,2026-06-02 01:15:00,26.55,26.0,25.7,0,44.1,OFF
DVC-105,2026-06-11 13:15:00,24.57,24.0,35.92,0,39.5,FAN
DVC-105,2026-06-06 19:30:00,24.6,24.0,33.26,0,49.7,FAN
DVC-103,2026-06-06 05:00:00,25.56,26.0,25.34,0,40.5,OFF
DVC-101,2026-06-10 09:15:00,25.95,24.0,31.45,1,1713.8,COOL
DVC-103,2026-06-14 08:30:00,26.23,26.0,30.43,0,53.7,FAN
DVC-103,2026-06-05 01:15:00,26.29,26.0,25.8,0,27.6,OFF
DVC-105,2026-06-09 18:45:00,24.25,24.0,34.8,1,1586.6,COOL
DVC-103,2026-06-02 17:30:00,24.18,24.0,35.67,1,1356.2,COOL
DVC-101,2026-06-13 12:15:00,24.65,24.0,35.22,0,40.3,FAN
DVC-101,2026-06-08 23:15:00,25.57,26.0,26.6,0,38.2,OFF
DVC-102,2026-06-11 07:15:00,25.93,26.0,28.81,0,34.8,OFF
DVC-102,2026-06-11 21:30:00,24.85,26.0,30.75,0,33.9,FAN
DVC-105,2026-06-04 14:30:00,24.54,24.0,37.12,1,1548.1,COOL
DVC-101,2026-06-14 01:00:00,26.26,26.0,25.33,0,43.3,OFF
DVC-102,2026-06-04 23:30:00,26.22,26.0,28.28,0,42.1,OFF
DVC-105,2026-06-05 20:00:00,24.64,24.0,31.97,0,36.7,FAN
DVC-105,2026-06-11 17:30:00,24.36,24.0,35.71,1,1452.7,COOL
DVC-105,2026-06-06 11:30:00,24.08,24.0,34.53,1,1141.5,COOL
DVC-104,2026-06-03 19:30:00,24.44,24.0,33.71,1,1392.4,COOL
DVC-101,2026-06-03 15:45:00,24.68,24.0,37.35,0,38.1,FAN
DVC-101,2026-06-09 21:00:00,24.74,26.0,31.55,0,40.1,FAN
DVC-105,2026-06-14 10:15:00,24.63,24.0,33.26,1,1534.6,COOL
DVC-103,2026-06-11 16:45:00,24.28,24.0,36.68,1,1129.2,COOL
DVC-103,2026-06-02 02:15:00,25.29,26.0,25.35,0,44.6,OFF
DVC-105,2026-06-05 18:00:00,24.17,24.0,35.1,1,1417.2,COOL
DVC-102,2026-06-09 07:00:00,25.89,26.0,27.91,0,63.5,OFF
DVC-101,2026-06-04 18:45:00,24.49,24.0,33.7,1,1308.9,COOL
DVC-103,2026-06-13 11:00:00,24.19,24.0,34.37,1,1182.1,COOL
DVC-102,2026-06-03 15:15:00,24.27,24.0,37.22,1,1405.3,COOL
DVC-101,2026-06-05 19:00:00,24.4,24.0,34.19,1,1407.3,COOL
DVC-104,2026-06-10 22:30:00,23.5,26.0,27.95,0,43.2,OFF
DVC-103,2026-06-06 02:30:00,25.59,26.0,24.71,0,32.8,OFF
DVC-102,2026-06-08 17:00:00,24.71,24.0,37.91,0,62.7,FAN
DVC-102,2026-06-08 13:15:00,24.32,24.0,36.83,1,1391.9,COOL
DVC-105,2026-06-09 05:30:00,25.54,26.0,26.82,0,29.5,OFF
DVC-105,2026-06-14 03:45:00,26.22,26.0,25.48,0,70.2,OFF
DVC-102,2026-06-08 21:00:00,24.5,26.0,30.22,0,56.6,FAN
DVC-101,2026-06-12 17:15:00,24.4,24.0,35.83,0,47.0,FAN
DVC-105,2026-06-09 01:45:00,26.54,26.0,26.27,0,53.3,OFF
DVC-105,2026-06-08 07:45:00,26.43,26.0,29.15,0,39.5,OFF
DVC-102,2026-06-04 10:00:00,24.98,24.0,32.86,1,1477.7,COOL
DVC-101,2026-06-04 22:00:00,25.54,26.0,29.32,0,53.7,OFF
DVC-101,2026-06-01 17:45:00,24.45,24.0,34.83,1,1185.2,COOL
DVC-103,2026-06-09 18:00:00,24.48,24.0,36.32,1,1401.6,COOL
DVC-102,2026-06-07 14:45:00,24.72,24.0,36.47,0,48.4,FAN
DVC-102,2026-06-10 03:30:00,25.95,26.0,24.78,0,43.9,OFF
DVC-105,2026-06-10 04:15:00,25.42,26.0,25.65,0,35.0,OFF
DVC-102,2026-06-05 04:00:00,25.97,26.0,25.66,0,47.9,OFF
DVC-101,2026-06-03 08:30:00,25.99,26.0,31.73,0,43.5,FAN
DVC-104,2026-06-06 01:00:00,26.34,26.0,26.81,0,39.4,OFF
DVC-102,2026-06-13 17:45:00,24.53,24.0,36.14,0,53.6,FAN
DVC-101,2026-06-12 01:15:00,26.46,26.0,26.49,0,30.9,OFF
DVC-105,2026-06-06 08:30:00,26.22,26.0,29.56,0,58.4,FAN
DVC-105,2026-06-08 11:00:00,24.03,24.0,34.16,1,1281.6,COOL
DVC-101,2026-06-07 05:15:00,25.84,26.0,26.5,0,51.1,OFF
DVC-102,2026-06-06 23:00:00,26.14,26.0,27.82,0,46.6,OFF
DVC-102,2026-06-01 15:00:00,24.44,24.0,37.52,1,1579.1,COOL
DVC-103,2026-06-09 10:45:00,24.11,24.0,32.97,1,1274.1,COOL
DVC-103,2026-06-04 22:15:00,25.61,26.0,29.21,0,47.5,OFF
DVC-103,2026-06-06 02:45:00,25.74,26.0,25.21,0,45.4,OFF
DVC-103,2026-06-13 16:45:00,24.45,24.0,37.79,1,1303.5,COOL
DVC-105,2026-06-09 20:15:00,24.14,24.0,33.35,1,1434.8,COOL
DVC-105,2026-06-05 17:45:00,24.39,24.0,35.0,1,1416.3,COOL
DVC-104,2026-06-10 03:15:00,23.5,26.0,25.37,0,44.0,OFF
DVC-102,2026-06-13 21:15:00,24.88,26.0,29.72,0,50.5,FAN
DVC-102,2026-06-01 08:45:00,26.33,26.0,31.13,0,39.1,FAN
DVC-105,2026-06-07 20:15:00,24.5,24.0,32.41,0,58.4,FAN
DVC-105,2026-06-11 18:15:00,24.15,24.0,35.04,1,1200.7,COOL
DVC-104,2026-06-01 02:00:00,26.57,26.0,24.86,0,31.9,OFF
DVC-105,2026-06-13 07:45:00,26.96,26.0,29.68,0,52.1,OFF
DVC-103,2026-06-09 09:15:00,25.65,24.0,32.13,1,1232.3,COOL
DVC-105,2026-06-02 00:00:00,26.38,26.0,26.89,0,54.7,OFF
DVC-103,2026-06-08 18:45:00,24.1,24.0,34.94,1,1450.7,COOL
DVC-104,2026-06-12 14:00:00,23.5,24.0,36.34,1,1268.2,COOL
DVC-101,2026-06-11 05:45:00,25.73,26.0,26.93,0,50.2,OFF
DVC-101,2026-06-09 12:45:00,24.57,24.0,35.31,0,38.9,FAN
DVC-103,2026-06-12 03:15:00,25.88,26.0,25.57,0,44.0,OFF
DVC-104,2026-06-08 18:45:00,24.16,24.0,35.13,1,1276.7,COOL
DVC-102,2026-06-09 21:00:00,24.48,26.0,30.28,0,42.5,FAN
DVC-104,2026-06-11 02:30:00,85.0,26.0,25.56,0,50.5,OFF
DVC-102,2026-06-03 13:45:00,24.36,24.0,37.38,1,1486.4,COOL
DVC-104,2026-06-09 23:15:00,23.5,26.0,25.85,0,52.2,OFF
DVC-103,2026-06-12 19:00:00,24.41,24.0,34.71,0,26.6,FAN
DVC-104,2026-06-14 18:30:00,23.5,24.0,34.88,0,65.2,FAN
DVC-102,2026-06-13 05:00:00,25.13,26.0,26.15,0,42.0,OFF
DVC-101,2026-06-04 12:45:00,24.51,24.0,36.35,1,1341.6,COOL
DVC-103,2026-06-02 21:45:00,25.08,26.0,29.43,0,51.4,FAN
DVC-103,2026-06-02 23:30:00,26.03,26.0,27.17,0,19.6,OFF
DVC-101,2026-06-12 16:00:00,24.21,24.0,37.07,1,1372.3,COOL
DVC-102,2026-06-06 19:15:00,24.24,24.0,33.37,1,1141.3,COOL
DVC-104,2026-06-08 15:00:00,24.54,24.0,37.28,0,55.0,FAN
DVC-104,2026-06-01 10:30:00,24.65,24.0,32.51,0,43.4,FAN
DVC-105,2026-06-01 00:45:00,27.03,26.0,25.91,0,54.2,OFF
DVC-104,2026-06-11 23:45:00,23.5,26.0,27.82,0,49.3,OFF
DVC-105,2026-06-09 21:45:00,25.06,26.0,29.92,0,50.9,FAN
DVC-103,2026-06-14 17:00:00,24.72,24.0,35.85,0,37.4,FAN
DVC-105,2026-06-12 07:15:00,26.46,26.0,29.07,0,45.4,OFF
DVC-104,2026-06-02 23:30:00,26.94,26.0,27.74,0,47.5,OFF
DVC-105,2026-06-01 16:15:00,24.78,24.0,37.04,0,53.6,FAN
DVC-105,2026-06-12 14:45:00,24.18,24.0,35.75,1,1549.5,COOL
DVC-105,2026-06-13 13:30:00,24.09,24.0,35.7,1,1092.5,COOL
DVC-103,2026-06-13 07:15:00,25.65,26.0,27.62,0,69.7,OFF
DVC-101,2026-06-12 01:00:00,26.45,26.0,25.71,0,52.7,OFF
DVC-101,2026-06-07 12:15:00,24.58,24.0,35.19,0,28.9,FAN
DVC-102,2026-06-08 10:15:00,24.3,24.0,32.7,1,1138.5,COOL
DVC-101,2026-06-09 13:00:00,24.36,24.0,35.91,1,1339.2,COOL
DVC-103,2026-06-10 23:30:00,25.95,26.0,26.66,0,33.0,OFF
DVC-101,2026-06-13 02:45:00,26.06,26.0,24.11,0,48.1,OFF
DVC-101,2026-06-11 17:00:00,24.75,24.0,36.19,0,51.0,FAN
DVC-105,2026-06-06 14:00:00,24.68,24.0,37.02,0,54.2,FAN
DVC-101,2026-06-11 14:15:00,24.16,24.0,36.72,1,1279.9,COOL
DVC-104,2026-06-08 11:00:00,24.44,24.0,33.64,0,39.0,FAN
DVC-101,2026-06-06 21:30:00,25.26,26.0,30.12,0,24.7,FAN
DVC-105,2026-06-11 10:45:00,24.13,24.0,33.18,1,1394.0,COOL
DVC-105,2026-06-07 05:00:00,26.01,26.0,25.42,0,46.0,OFF
DVC-102,2026-06-07 23:00:00,25.67,26.0,27.64,0,42.1,OFF
DVC-102,2026-06-10 19:15:00,24.18,24.0,33.81,1,1236.9,COOL
DVC-104,2026-06-14 00:30:00,23.5,26.0,26.6,0,49.4,OFF
DVC-103,2026-06-14 10:30:00,24.33,24.0,32.13,1,1327.3,COOL
DVC-104,2026-06-10 09:00:00,23.5,24.0,30.6,1,1351.8,COOL
DVC-105,2026-06-03 06:00:00,25.54,26.0,27.06,0,44.7,OFF
DVC-103,2026-06-05 07:45:00,26.42,26.0,28.75,0,40.2,OFF
DVC-101,2026-06-02 18:00:00,24.34,24.0,35.15,1,1227.0,COOL
DVC-104,2026-06-12 03:00:00,23.5,26.0,24.36,0,47.3,OFF
DVC-101,2026-06-02 07:00:00,25.2,26.0,28.5,0,37.7,OFF
DVC-102,2026-06-01 23:45:00,25.75,26.0,27.72,0,47.5,OFF
DVC-105,2026-06-14 17:00:00,24.18,24.0,35.9,1,1345.3,COOL
DVC-105,2026-06-09 16:30:00,24.35,24.0,36.53,1,1536.3,COOL
DVC-104,2026-06-09 00:15:00,23.5,26.0,26.82,0,62.8,OFF
DVC-103,2026-06-02 08:15:00,26.37,26.0,30.12,1,1464.5,COOL
DVC-101,2026-06-12 03:15:00,25.91,26.0,24.97,0,42.8,OFF
DVC-105,2026-06-05 00:45:00,25.41,26.0,25.31,0,41.6,OFF
DVC-101,2026-06-11 00:15:00,26.05,26.0,26.57,0,34.1,OFF
DVC-103,2026-06-06 12:15:00,24.25,24.0,34.39,1,1143.0,COOL
DVC-104,2026-06-02 17:45:00,24.43,24.0,35.27,0,32.5,FAN
DVC-105,2026-06-06 16:30:00,24.1,24.0,37.48,1,1412.6,COOL
DVC-105,2026-06-11 22:00:00,25.4,26.0,29.48,0,47.7,OFF
DVC-105,2026-06-08 01:00:00,26.17,26.0,25.74,0,34.9,OFF
DVC-105,2026-06-06 15:30:00,24.38,24.0,37.87,1,1446.1,COOL
DVC-101,2026-06-01 17:30:00,24.69,24.0,34.99,0,36.9,FAN
DVC-101,2026-06-11 00:45:00,26.01,26.0,25.95,0,49.0,OFF
DVC-103,2026-06-13 07:30:00,25.83,26.0,28.21,0,55.9,OFF
DVC-104,2026-06-13 20:00:00,23.5,24.0,32.33,0,52.8,FAN
DVC-105,2026-06-13 10:45:00,24.4,24.0,34.69,1,1431.3,COOL
DVC-105,2026-06-13 12:00:00,24.51,24.0,34.91,1,1459.8,COOL
DVC-101,2026-06-06 10:15:00,24.52,24.0,32.4,1,1156.9,COOL
DVC-102,2026-06-02 00:45:00,25.84,26.0,25.62,0,37.3,OFF
DVC-104,2026-06-13 06:30:00,23.5,26.0,28.28,0,64.6,OFF
DVC-102,2026-06-08 01:30:00,26.13,26.0,25.46,0,40.6,OFF
DVC-105,2026-06-01 12:00:00,24.44,24.0,34.9,0,49.5,FAN
DVC-102,2026-06-08 10:00:00,24.59,24.0,31.21,1,1306.1,COOL
DVC-103,2026-06-02 14:30:00,24.2,24.0,36.98,1,1397.8,COOL
DVC-102,2026-06-10 20:30:00,24.33,24.0,31.12,0,40.3,FAN
DVC-104,2026-06-06 02:00:00,25.91,26.0,25.0,0,66.1,OFF
DVC-103,2026-06-09 11:15:00,24.38,24.0,34.07,1,1244.3,COOL
DVC-102,2026-06-14 16:30:00,24.41,24.0,35.91,1,1341.8,COOL
DVC-102,2026-06-01 14:00:00,24.02,24.0,36.51,1,1456.4,COOL
DVC-105,2026-06-09 09:00:00,25.87,24.0,31.27,1,1446.0,COOL
DVC-102,2026-06-14 05:00:00,25.47,26.0,26.87,0,37.6,OFF
DVC-101,2026-06-14 04:45:00,25.36,26.0,26.02,0,50.6,OFF
DVC-102,2026-06-09 04:15:00,24.98,26.0,26.5,0,47.1,OFF
DVC-101,2026-06-10 03:30:00,26.16,26.0,24.99,0,33.7,OFF
DVC-105,2026-06-02 13:45:00,24.43,24.0,37.57,0,38.7,FAN
DVC-105,2026-06-04 13:00:00,24.55,24.0,35.89,1,1227.1,COOL
DVC-105,2026-06-04 05:45:00,25.81,26.0,26.88,0,51.4,OFF
DVC-105,2026-06-14 10:30:00,24.39,24.0,32.07,1,1413.6,COOL
DVC-101,2026-06-14 00:45:00,26.34,26.0,26.92,0,43.6,OFF
DVC-105,2026-06-08 08:45:00,26.16,26.0,30.31,0,42.3,FAN
DVC-102,2026-06-01 13:45:00,24.35,24.0,35.11,0,36.2,FAN
DVC-102,2026-06-06 09:45:00,25.18,24.0,32.81,1,1226.6,COOL
DVC-102,2026-06-12 18:15:00,24.72,24.0,35.93,0,53.3,FAN
DVC-101,2026-06-12 06:30:00,26.36,26.0,27.61,0,33.1,OFF
DVC-101,2026-06-08 19:45:00,24.26,24.0,32.75,1,1437.8,COOL
DVC-104,2026-06-11 11:30:00,23.5,24.0,35.77,0,51.2,FAN
DVC-102,2026-06-04 15:15:00,24.14,24.0,36.05,1,1287.5,COOL
DVC-104,2026-06-04 16:15:00,24.64,24.0,36.64,0,48.9,FAN
DVC-105,2026-06-05 13:00:00,24.06,24.0,36.36,1,1272.9,COOL
DVC-101,2026-06-05 17:45:00,24.2,24.0,35.61,0,55.3,FAN
DVC-101,2026-06-13 02:15:00,26.24,26.0,24.9,0,45.0,OFF
DVC-103,2026-06-11 12:15:00,24.31,24.0,35.78,1,1377.1,COOL
DVC-104,2026-06-07 19:30:00,24.18,24.0,33.13,1,1416.0,COOL
DVC-102,2026-06-01 17:00:00,24.47,24.0,36.65,0,34.1,FAN
DVC-102,2026-06-05 17:00:00,24.51,24.0,36.73,0,45.5,FAN
DVC-102,2026-06-02 19:30:00,24.09,24.0,32.79,0,48.8,FAN
DVC-103,2026-06-05 02:00:00,26.22,26.0,24.54,0,41.6,OFF
DVC-105,2026-06-14 08:30:00,26.14,26.0,30.04,1,1467.5,COOL
DVC-105,2026-06-14 12:00:00,24.09,24.0,35.25,1,1319.9,COOL
DVC-103,2026-06-02 02:45:00,25.32,26.0,24.57,0,54.6,OFF
DVC-105,2026-06-10 18:45:00,24.26,24.0,33.43,0,54.8,FAN
DVC-102,2026-06-11 01:30:00,26.15,26.0,25.62,0,36.5,OFF
DVC-105,2026-06-11 23:15:00,25.75,26.0,27.63,0,32.4,OFF
DVC-104,2026-06-10 04:00:00,23.5,26.0,25.24,0,51.2,OFF
DVC-101,2026-06-05 01:15:00,26.06,26.0,24.77,0,36.9,OFF
DVC-101,2026-06-13 00:00:00,26.13,26.0,26.92,0,61.6,OFF
DVC-105,2026-06-01 04:15:00,26.1,26.0,25.3,0,54.0,OFF
DVC-104,2026-06-05 20:15:00,24.28,24.0,32.1,1,1454.5,COOL
DVC-101,2026-06-06 20:15:00,24.53,24.0,32.37,0,40.6,FAN
DVC-105,2026-06-06 14:45:00,24.62,24.0,36.89,0,41.4,FAN
DVC-105,2026-06-14 13:00:00,23.91,24.0,36.71,1,1335.8,COOL
DVC-105,2026-06-02 14:00:00,24.1,24.0,36.62,1,1348.1,COOL
DVC-102,2026-06-01 17:30:00,24.52,24.0,35.8,0,39.9,FAN
DVC-102,2026-06-06 05:15:00,25.48,26.0,25.93,0,42.4,OFF
DVC-102,2026-06-07 10:45:00,24.45,24.0,34.57,0,34.9,FAN
DVC-101,2026-06-09 14:00:00,24.22,24.0,35.68,1,1540.3,COOL
DVC-105,2026-06-11 12:00:00,24.09,24.0,35.02,1,1475.9,COOL
DVC-103,2026-06-13 19:15:00,24.05,24.0,33.46,1,1086.4,COOL
DVC-102,2026-06-04 12:15:00,24.28,24.0,35.24,1,1313.6,COOL
DVC-102,2026-06-07 00:45:00,26.22,26.0,26.46,0,49.1,OFF
DVC-103,2026-06-09 21:00:00,24.6,26.0,31.78,0,32.7,FAN
DVC-101,2026-06-07 21:00:00,24.71,26.0,29.98,0,41.5,FAN
DVC-104,2026-06-12 15:15:00,23.5,24.0,37.2,1,1189.5,COOL
DVC-105,2026-06-12 04:15:00,25.35,26.0,26.64,0,42.7,OFF
DVC-103,2026-06-10 12:15:00,24.23,24.0,35.4,1,1357.3,COOL
DVC-101,2026-06-01 22:15:00,25.36,26.0,29.34,0,43.1,OFF
DVC-102,2026-06-14 03:15:00,25.6,26.0,24.42,0,53.5,OFF
DVC-104,2026-06-09 00:00:00,23.5,26.0,27.75,0,50.0,OFF
DVC-101,2026-06-07 09:30:00,25.62,24.0,31.3,1,1526.8,COOL
DVC-105,2026-06-10 05:00:00,25.44,26.0,25.31,0,36.3,OFF
DVC-105,2026-06-14 15:30:00,24.79,24.0,37.17,0,31.9,FAN
DVC-104,2026-06-10 21:30:00,23.5,26.0,30.34,0,43.9,FAN
DVC-101,2026-06-04 13:30:00,24.45,24.0,36.59,1,1292.6,COOL
DVC-104,2026-06-06 15:45:00,24.13,24.0,37.36,1,1278.9,COOL
DVC-102,2026-06-08 23:00:00,25.48,26.0,27.07,0,34.7,OFF
DVC-104,2026-06-02 08:30:00,26.36,26.0,31.0,0,63.5,FAN
DVC-102,2026-06-02 04:00:00,25.56,26.0,25.16,0,45.7,OFF
DVC-103,2026-06-10 10:30:00,24.32,24.0,33.87,1,1277.6,COOL
DVC-101,2026-06-01 21:30:00,25.0,26.0,29.94,0,58.1,FAN
DVC-104,2026-06-03 16:00:00,24.26,24.0,36.77,1,1356.6,COOL
DVC-102,2026-06-14 17:45:00,24.51,24.0,35.62,0,65.4,FAN
DVC-101,2026-06-04 12:15:00,24.23,24.0,35.7,1,1407.2,COOL
DVC-102,2026-06-10 16:15:00,24.31,24.0,37.36,1,1305.4,COOL
DVC-102,2026-06-01 01:45:00,27.17,26.0,25.22,0,57.3,OFF
DVC-101,2026-06-05 11:45:00,24.33,24.0,35.24,1,1295.3,COOL
DVC-102,2026-06-02 13:30:00,24.13,24.0,36.91,1,1470.2,COOL
DVC-104,2026-06-13 08:15:00,23.5,26.0,30.52,1,1499.6,COOL
DVC-103,2026-06-12 04:15:00,25.79,26.0,25.28,0,52.9,OFF
DVC-101,2026-06-01 03:15:00,25.99,26.0,25.69,0,53.3,OFF
DVC-101,2026-06-08 00:30:00,25.85,26.0,26.74,0,32.2,OFF
DVC-102,2026-06-08 00:00:00,26.29,26.0,26.31,0,34.8,OFF
DVC-101,2026-06-10 04:15:00,26.3,26.0,25.89,0,39.8,OFF
DVC-101,2026-06-03 20:30:00,24.4,24.0,32.73,1,1091.3,COOL
DVC-102,2026-06-03 19:30:00,24.18,24.0,32.35,1,1330.5,COOL
DVC-105,2026-06-02 21:15:00,24.66,26.0,30.46,0,31.6,FAN
DVC-104,2026-06-10 10:30:00,23.5,24.0,33.81,1,1120.7,COOL
DVC-105,2026-06-02 07:00:00,26.61,26.0,28.35,0,37.3,OFF
DVC-103,2026-06-06 12:45:00,24.39,24.0,34.91,1,1325.4,COOL
DVC-105,2026-06-02 02:30:00,25.77,26.0,24.89,0,50.6,OFF
DVC-101,2026-06-09 02:45:00,25.46,26.0,24.23,0,53.1,OFF
DVC-103,2026-06-01 19:30:00,24.23,24.0,32.82,1,1473.1,COOL
DVC-105,2026-06-04 05:00:00,25.73,26.0,26.2,0,41.6,OFF
DVC-101,2026-06-01 04:45:00,26.03,26.0,25.59,0,43.4,OFF
DVC-101,2026-06-01 08:45:00,26.31,26.0,31.28,0,36.5,FAN
DVC-102,2026-06-09 20:30:00,24.44,24.0,31.89,1,1353.2,COOL
DVC-102,2026-06-05 18:45:00,24.09,24.0,34.46,1,1467.0,COOL
DVC-105,2026-06-06 21:45:00,25.43,26.0,30.08,0,39.0,FAN
DVC-102,2026-06-14 08:15:00,26.33,26.0,30.42,0,56.2,FAN
DVC-101,2026-06-11 23:45:00,26.26,26.0,27.93,0,44.6,OFF
DVC-103,2026-06-04 03:00:00,25.96,26.0,25.57,0,52.9,OFF
DVC-105,2026-06-03 17:00:00,24.88,24.0,36.03,0,29.7,FAN
DVC-101,2026-06-08 10:30:00,24.18,24.0,33.17,1,1466.1,COOL
DVC-104,2026-06-01 11:00:00,24.7,24.0,34.02,0,46.9,FAN
DVC-103,2026-06-13 01:15:00,25.37,26.0,25.43,0,47.9,OFF
DVC-101,2026-06-07 23:45:00,26.03,26.0,27.21,0,30.1,OFF
DVC-104,2026-06-13 14:00:00,23.5,24.0,36.97,0,44.4,FAN
DVC-103,2026-06-12 21:15:00,24.39,26.0,30.95,0,47.6,FAN
DVC-104,2026-06-11 22:45:00,23.5,26.0,28.87,0,42.2,OFF
DVC-104,2026-06-03 08:45:00,26.09,26.0,29.19,1,1397.7,COOL
DVC-102,2026-06-06 18:00:00,24.41,24.0,35.51,1,1359.4,COOL
DVC-102,2026-06-06 17:30:00,24.01,24.0,36.75,1,1504.7,COOL
DVC-101,2026-06-05 07:15:00,26.07,26.0,28.8,0,36.5,OFF
DVC-104,2026-06-01 07:00:00,26.93,26.0,27.24,0,55.9,OFF
DVC-102,2026-06-09 01:00:00,25.27,26.0,25.75,0,49.7,OFF
DVC-104,2026-06-02 03:30:00,26.09,26.0,25.58,0,47.0,OFF
DVC-102,2026-06-14 12:00:00,24.43,24.0,36.04,0,61.4,FAN
DVC-103,2026-06-01 23:30:00,25.42,26.0,28.25,0,41.3,OFF
DVC-103,2026-06-03 20:15:00,24.08,24.0,33.38,1,1318.8,COOL
DVC-101,2026-06-10 12:00:00,24.14,24.0,35.58,1,1431.2,COOL
DVC-102,2026-06-12 14:30:00,24.83,24.0,36.75,0,35.3,FAN
DVC-103,2026-06-05 03:30:00,26.05,26.0,25.21,0,44.0,OFF
DVC-104,2026-06-07 01:00:00,26.9,26.0,25.65,0,45.6,OFF
DVC-104,2026-06-09 15:45:00,23.5,24.0,36.72,0,40.6,FAN
DVC-103,2026-06-09 02:45:00,26.19,26.0,25.47,0,39.9,OFF
DVC-101,2026-06-01 18:15:00,24.64,24.0,35.25,0,44.8,FAN
DVC-105,2026-06-07 01:15:00,26.29,26.0,25.42,0,56.3,OFF
DVC-101,2026-06-02 16:00:00,24.26,24.0,36.22,1,1266.5,COOL
DVC-104,2026-06-14 16:30:00,23.5,24.0,37.28,1,1356.8,COOL
DVC-101,2026-06-01 05:30:00,26.03,26.0,26.97,0,35.8,OFF
DVC-105,2026-06-10 14:45:00,24.42,24.0,36.53,1,1255.8,COOL
DVC-104,2026-06-13 11:45:00,23.5,24.0,35.27,1,1255.1,COOL
DVC-103,2026-06-09 11:45:00,24.44,24.0,35.87,0,48.1,FAN
DVC-102,2026-06-02 12:30:00,24.53,24.0,35.15,0,25.5,FAN
DVC-103,2026-06-06 10:45:00,24.13,24.0,33.07,1,1475.4,COOL
DVC-102,2026-06-14 07:45:00,25.98,26.0,28.61,0,46.2,OFF
DVC-101,2026-06-12 23:30:00,26.18,26.0,27.46,0,58.4,OFF
DVC-102,2026-06-05 14:45:00,24.06,24.0,37.58,1,1247.6,COOL
DVC-105,2026-06-04 18:30:00,24.28,24.0,34.31,1,1221.1,COOL
DVC-104,2026-06-05 10:00:00,24.51,24.0,31.83,1,1306.8,COOL
DVC-105,2026-06-14 15:15:00,24.13,24.0,36.48,1,1526.6,COOL
DVC-103,2026-06-02 01:45:00,25.51,26.0,25.58,0,60.9,OFF
DVC-102,2026-06-07 09:00:00,25.79,24.0,30.29,1,1333.0,COOL
DVC-104,2026-06-07 12:00:00,24.59,24.0,36.02,1,1389.7,COOL
DVC-101,2026-06-08 21:45:00,25.25,26.0,30.09,0,36.1,FAN
DVC-104,2026-06-05 02:30:00,25.74,26.0,24.49,0,48.4,OFF
DVC-105,2026-06-02 01:30:00,26.27,26.0,25.09,0,49.1,OFF
DVC-104,2026-06-09 01:15:00,23.5,26.0,26.03,0,36.1,OFF
DVC-105,2026-06-13 09:15:00,25.96,24.0,32.11,1,1350.7,COOL
DVC-102,2026-06-01 12:45:00,24.07,24.0,35.89,1,1394.6,COOL
DVC-104,2026-06-09 13:45:00,23.5,24.0,36.71,1,1524.4,COOL
DVC-105,2026-06-14 04:00:00,26.4,26.0,24.8,0,43.9,OFF
DVC-104,2026-06-04 08:00:00,26.58,26.0,29.32,1,1414.4,COOL
DVC-105,2026-06-13 13:00:00,24.67,24.0,37.57,0,50.0,FAN
DVC-104,2026-06-12 16:30:00,23.5,24.0,36.12,1,1306.1,COOL
DVC-105,2026-06-14 23:00:00,26.1,26.0,28.2,0,56.4,OFF
DVC-104,2026-06-07 00:45:00,26.72,26.0,25.76,0,47.0,OFF
DVC-102,2026-06-11 16:15:00,24.33,24.0,37.22,1,1378.9,COOL
DVC-105,2026-06-11 19:00:00,23.91,24.0,33.69,1,1511.6,COOL
DVC-104,2026-06-01 21:00:00,24.91,26.0,30.16,0,46.7,FAN
DVC-104,2026-06-03 17:45:00,24.18,24.0,35.9,1,1386.0,COOL
DVC-102,2026-06-10 08:45:00,26.48,26.0,30.41,0,47.5,FAN
DVC-105,2026-06-03 20:00:00,24.52,24.0,32.71,0,52.5,FAN
DVC-105,2026-06-07 04:30:00,25.97,26.0,24.75,0,52.3,OFF
DVC-102,2026-06-12 13:30:00,23.98,24.0,36.55,1,1347.6,COOL
DVC-102,2026-06-11 11:00:00,24.48,24.0,32.43,0,49.6,FAN
DVC-104,2026-06-01 16:45:00,24.41,24.0,36.47,1,1299.1,COOL
DVC-104,2026-06-02 15:45:00,23.94,24.0,36.25,1,1286.2,COOL
DVC-102,2026-06-13 06:30:00,25.6,26.0,27.22,0,33.4,OFF
DVC-104,2026-06-14 20:15:00,23.5,24.0,31.67,0,36.5,FAN
DVC-102,2026-06-08 03:15:00,25.47,26.0,25.27,0,54.2,OFF
DVC-102,2026-06-11 14:15:00,24.36,24.0,35.89,0,48.8,FAN
DVC-101,2026-06-13 06:45:00,25.76,26.0,27.92,0,37.1,OFF
DVC-102,2026-06-06 17:15:00,24.31,24.0,35.93,1,1305.0,COOL
DVC-105,2026-06-05 14:30:00,24.12,24.0,36.36,1,1380.4,COOL
DVC-104,2026-06-13 20:30:00,23.5,24.0,32.91,0,56.8,FAN
DVC-101,2026-06-05 14:00:00,24.6,24.0,36.68,0,34.0,FAN
DVC-105,2026-06-08 08:00:00,26.16,26.0,29.28,1,1397.9,COOL
DVC-102,2026-06-07 12:00:00,24.32,24.0,34.74,1,1424.8,COOL
DVC-103,2026-06-04 21:00:00,24.79,26.0,30.89,0,58.8,FAN
DVC-104,2026-06-02 15:00:00,24.81,24.0,36.73,0,37.4,FAN
DVC-105,2026-06-06 12:30:00,24.14,24.0,36.3,1,1458.1,COOL
DVC-105,2026-06-06 17:30:00,24.57,24.0,34.89,0,34.3,FAN
DVC-101,2026-06-02 11:00:00,24.42,24.0,34.25,1,1485.8,COOL
DVC-103,2026-06-14 23:15:00,25.63,26.0,27.82,0,45.6,OFF
DVC-105,2026-06-04 16:45:00,24.49,24.0,37.69,1,1562.2,COOL
DVC-102,2026-06-05 09:30:00,25.44,24.0,31.17,1,1342.4,COOL
DVC-101,2026-06-11 07:45:00,26.31,26.0,29.96,0,41.9,OFF
DVC-104,2026-06-02 09:15:00,25.69,24.0,31.88,1,1545.2,COOL
DVC-105,2026-06-01 09:45:00,25.26,24.0,32.41,1,1639.6,COOL
DVC-102,2026-06-08 21:15:00,24.72,26.0,30.56,0,43.6,FAN
DVC-102,2026-06-11 12:45:00,24.76,24.0,36.74,0,37.1,FAN
DVC-105,2026-06-08 02:45:00,25.93,26.0,25.44,0,45.9,OFF
DVC-104,2026-06-03 02:45:00,26.52,26.0,24.91,0,38.1,OFF
DVC-104,2026-06-06 21:45:00,25.27,26.0,30.63,0,50.9,FAN
DVC-104,2026-06-05 00:00:00,25.79,26.0,25.96,0,47.9,OFF
DVC-104,2026-06-07 13:45:00,24.71,24.0,36.62,0,43.8,FAN
DVC-102,2026-06-12 23:00:00,25.48,26.0,29.34,0,39.5,OFF
DVC-101,2026-06-07 09:45:00,25.24,24.0,31.4,1,1341.2,COOL
DVC-101,2026-06-11 19:45:00,24.3,24.0,33.34,1,1463.3,COOL
DVC-102,2026-06-14 11:30:00,24.31,24.0,35.3,1,1355.1,COOL
DVC-103,2026-06-10 02:30:00,25.86,26.0,24.39,0,42.6,OFF
DVC-102,2026-06-10 01:45:00,26.25,26.0,24.66,0,31.7,OFF
DVC-102,2026-06-08 09:45:00,24.86,24.0,33.52,1,1211.5,COOL
DVC-104,2026-06-02 07:15:00,26.53,26.0,28.72,0,39.7,OFF
DVC-101,2026-06-03 13:00:00,24.41,24.0,37.47,0,49.1,FAN
DVC-103,2026-06-01 01:45:00,27.07,26.0,25.45,0,31.7,OFF
DVC-104,2026-06-01 22:30:00,25.79,26.0,28.37,0,33.9,OFF
DVC-101,2026-06-08 16:00:00,24.35,24.0,37.26,1,1285.9,COOL
DVC-102,2026-06-02 03:15:00,25.64,26.0,25.62,0,39.5,OFF
DVC-101,2026-06-08 17:00:00,24.62,24.0,36.8,0,48.0,FAN
DVC-102,2026-06-04 23:00:00,26.01,26.0,27.72,0,65.0,OFF
DVC-104,2026-06-03 07:00:00,26.43,26.0,27.87,0,60.4,OFF
DVC-103,2026-06-10 17:30:00,24.5,24.0,35.4,0,23.4,FAN
DVC-103,2026-06-02 12:45:00,24.52,24.0,36.33,0,44.1,FAN
DVC-101,2026-06-02 21:15:00,24.8,26.0,30.74,0,47.6,FAN
DVC-104,2026-06-04 07:15:00,26.65,26.0,28.78,0,41.5,OFF
DVC-103,2026-06-02 20:30:00,24.19,24.0,32.85,1,1375.7,COOL
DVC-104,2026-06-04 00:15:00,26.08,26.0,25.66,0,25.5,OFF
DVC-102,2026-06-11 01:15:00,25.99,26.0,25.85,0,55.5,OFF
DVC-101,2026-06-05 19:15:00,24.18,24.0,33.15,1,1423.0,COOL
DVC-105,2026-06-04 20:30:00,24.57,24.0,32.06,0,42.7,FAN
DVC-101,2026-06-02 01:45:00,25.82,26.0,25.76,0,37.8,OFF
DVC-101,2026-06-10 11:30:00,24.54,24.0,34.2,1,1266.2,COOL
DVC-102,2026-06-13 20:45:00,24.2,24.0,31.68,1,1298.2,COOL
DVC-105,2026-06-01 23:00:00,26.42,26.0,27.74,0,47.0,OFF
DVC-104,2026-06-14 00:15:00,23.5,26.0,26.98,0,56.8,OFF
DVC-101,2026-06-14 21:00:00,24.62,26.0,31.53,0,38.5,FAN
DVC-103,2026-06-12 14:00:00,24.34,24.0,37.8,1,1343.1,COOL
DVC-101,2026-06-11 03:30:00,25.31,26.0,24.45,0,55.7,OFF
DVC-101,2026-06-09 19:45:00,24.31,24.0,33.44,0,48.6,FAN
DVC-105,2026-06-13 19:00:00,24.49,24.0,34.59,0,59.7,FAN
DVC-102,2026-06-02 08:00:00,26.3,26.0,28.41,1,1429.5,COOL
DVC-102,2026-06-10 09:30:00,25.7,24.0,30.99,1,1390.5,COOL
DVC-103,2026-06-14 18:00:00,24.22,24.0,34.28,1,1031.4,COOL
DVC-101,2026-06-01 14:45:00,24.28,24.0,37.57,1,1405.2,COOL
DVC-105,2026-06-03 17:15:00,24.7,24.0,36.92,1,1384.7,COOL
DVC-105,2026-06-02 22:30:00,25.58,26.0,28.22,0,38.3,OFF
DVC-105,2026-06-06 01:15:00,25.95,26.0,24.12,0,32.0,OFF
DVC-101,2026-06-02 05:30:00,25.11,26.0,27.2,0,43.5,OFF
DVC-101,2026-06-13 12:45:00,24.11,24.0,35.93,1,1425.8,COOL
DVC-102,2026-06-11 16:45:00,24.55,24.0,36.38,0,54.2,FAN
DVC-103,2026-06-06 20:45:00,24.32,24.0,31.19,1,1284.5,COOL
DVC-102,2026-06-14 06:45:00,25.68,26.0,27.22,0,19.6,OFF
DVC-102,2026-06-04 08:00:00,26.04,26.0,30.12,1,1453.7,COOL
DVC-102,2026-06-08 07:30:00,26.44,26.0,28.49,0,41.5,OFF
DVC-105,2026-06-03 10:00:00,25.47,24.0,32.8,1,1113.9,COOL
DVC-104,2026-06-11 14:00:00,23.5,24.0,36.17,1,1280.7,COOL
DVC-101,2026-06-04 04:15:00,24.61,26.0,24.69,0,34.8,OFF
DVC-105,2026-06-09 21:30:00,24.91,26.0,29.86,0,41.9,FAN
DVC-101,2026-06-11 20:15:00,24.4,24.0,32.75,0,43.8,FAN
DVC-104,2026-06-11 06:45:00,23.5,26.0,27.52,0,38.3,OFF
DVC-103,2026-06-03 06:30:00,25.77,26.0,27.43,0,45.9,OFF
DVC-102,2026-06-08 13:00:00,24.54,24.0,36.35,0,52.8,FAN
DVC-104,2026-06-07 01:15:00,26.76,26.0,24.97,0,63.7,OFF
DVC-101,2026-06-01 12:15:00,24.39,24.0,35.55,1,1522.6,COOL
DVC-105,2026-06-12 01:30:00,25.57,26.0,26.75,0,32.6,OFF
DVC-104,2026-06-09 20:30:00,23.5,24.0,31.16,1,1265.8,COOL
DVC-102,2026-06-13 15:15:00,24.48,24.0,36.61,0,66.5,FAN
DVC-104,2026-06-07 17:45:00,24.37,24.0,35.61,0,42.9,FAN
DVC-104,2026-06-05 05:45:00,25.53,26.0,25.68,0,43.2,OFF
DVC-102,2026-06-09 06:15:00,25.13,26.0,27.15,0,57.0,OFF
DVC-101,2026-06-02 18:30:00,24.4,24.0,34.26,0,51.4,FAN
DVC-104,2026-06-04 11:30:00,24.4,24.0,33.59,0,56.9,FAN
DVC-103,2026-06-06 21:00:00,24.61,26.0,30.43,0,50.0,FAN
DVC-103,2026-06-12 22:15:00,25.05,26.0,28.74,0,65.7,OFF
DVC-104,2026-06-13 07:15:00,23.5,26.0,27.55,0,30.3,OFF
DVC-105,2026-06-02 07:15:00,26.77,26.0,29.08,0,45.8,OFF
DVC-104,2026-06-14 23:15:00,23.5,26.0,26.68,0,56.4,OFF
DVC-102,2026-06-04 22:15:00,25.77,26.0,28.46,0,49.4,OFF
DVC-104,2026-06-04 12:30:00,24.74,24.0,35.52,1,1391.9,COOL
DVC-103,2026-06-01 14:00:00,24.59,24.0,36.7,0,32.8,FAN
DVC-104,2026-06-01 22:00:00,25.5,26.0,29.55,0,39.3,OFF
DVC-103,2026-06-02 12:15:00,24.41,24.0,35.87,1,1437.3,COOL
DVC-104,2026-06-06 16:15:00,24.3,24.0,36.79,1,1238.5,COOL
DVC-104,2026-06-05 08:45:00,26.23,26.0,30.3,0,40.8,FAN
DVC-101,2026-06-14 10:30:00,24.12,24.0,33.4,1,1320.7,COOL
DVC-102,2026-06-07 11:00:00,24.18,24.0,33.63,1,1456.0,COOL
DVC-102,2026-06-13 04:00:00,25.47,26.0,24.58,0,54.5,OFF
DVC-102,2026-06-08 09:15:00,25.56,24.0,31.3,1,1201.9,COOL
DVC-101,2026-06-13 10:45:00,24.2,24.0,34.83,1,1425.9,COOL
DVC-103,2026-06-05 08:45:00,26.26,26.0,31.04,1,1343.9,COOL
DVC-101,2026-06-11 00:00:00,26.02,26.0,27.73,0,41.6,OFF
DVC-105,2026-06-09 03:45:00,25.84,26.0,25.21,0,54.3,OFF
DVC-104,2026-06-05 21:45:00,25.26,26.0,30.03,0,56.2,FAN
DVC-104,2026-06-12 19:15:00,23.5,24.0,33.62,1,1314.9,COOL
DVC-103,2026-06-14 20:15:00,24.22,24.0,32.7,1,1440.3,COOL
DVC-105,2026-06-04 18:00:00,24.64,24.0,35.17,0,22.1,FAN
DVC-104,2026-06-03 06:30:00,26.5,26.0,28.14,0,59.9,OFF
DVC-105,2026-06-03 06:30:00,25.65,26.0,25.78,0,41.0,OFF
DVC-104,2026-06-02 21:45:00,25.59,26.0,29.32,0,49.9,FAN
DVC-101,2026-06-09 11:30:00,24.45,24.0,34.28,0,65.3,FAN
DVC-103,2026-06-02 10:15:00,24.55,24.0,33.18,1,1365.8,COOL
DVC-105,2026-06-03 01:30:00,25.84,26.0,26.07,0,56.2,OFF
DVC-105,2026-06-14 05:15:00,26.29,26.0,25.93,0,44.2,OFF
DVC-102,2026-06-08 13:45:00,24.46,24.0,36.05,0,47.5,FAN
DVC-102,2026-06-08 16:45:00,24.17,24.0,36.49,1,1516.0,COOL
DVC-104,2026-06-07 15:30:00,24.05,24.0,35.82,1,1368.8,COOL
DVC-103,2026-06-05 11:15:00,24.3,24.0,34.46,1,1343.8,COOL
DVC-105,2026-06-05 01:00:00,25.39,26.0,25.35,0,41.5,OFF
DVC-101,2026-06-05 16:30:00,24.35,24.0,36.46,1,1409.1,COOL
DVC-101,2026-06-06 22:45:00,25.83,26.0,28.31,0,46.1,OFF
DVC-102,2026-06-08 19:45:00,24.31,24.0,32.72,1,1535.6,COOL
DVC-104,2026-06-04 03:45:00,26.03,26.0,25.5,0,46.8,OFF
DVC-105,2026-06-12 13:00:00,24.43,24.0,35.28,0,29.3,FAN
DVC-105,2026-06-01 01:15:00,26.91,26.0,26.47,0,51.8,OFF
DVC-103,2026-06-01 13:15:00,24.77,24.0,36.37,0,42.5,FAN
DVC-101,2026-06-10 20:30:00,24.32,24.0,31.98,1,1531.2,COOL
DVC-103,2026-06-01 09:00:00,25.86,24.0,30.41,1,1365.2,COOL
DVC-101,2026-06-05 19:45:00,24.1,24.0,31.68,1,1400.0,COOL
DVC-105,2026-06-03 14:00:00,24.59,24.0,37.09,1,1344.6,COOL
DVC-101,2026-06-12 04:45:00,25.99,26.0,25.75,0,42.6,OFF
DVC-105,2026-06-06 00:00:00,26.28,26.0,26.5,0,49.2,OFF
DVC-102,2026-06-05 16:15:00,24.0,24.0,36.86,1,1216.3,COOL
DVC-101,2026-06-01 16:45:00,24.78,24.0,36.1,1,1554.7,COOL
DVC-104,2026-06-10 19:00:00,23.5,24.0,34.48,1,1576.0,COOL
DVC-101,2026-06-07 14:30:00,24.2,24.0,36.76,1,1277.6,COOL
DVC-105,2026-06-10 16:45:00,24.2,24.0,36.55,1,1407.9,COOL
DVC-104,2026-06-06 10:30:00,24.02,24.0,34.02,1,1151.4,COOL
DVC-101,2026-06-09 19:15:00,24.37,24.0,33.87,0,47.7,FAN
DVC-103,2026-06-06 01:00:00,25.62,26.0,26.14,0,27.8,OFF
DVC-104,2026-06-01 01:45:00,26.64,26.0,24.99,0,40.1,OFF
DVC-102,2026-06-01 17:45:00,24.23,24.0,35.05,1,1370.5,COOL
DVC-104,2026-06-12 00:00:00,23.5,26.0,27.37,0,53.7,OFF
DVC-101,2026-06-03 14:30:00,24.33,24.0,36.73,1,1105.5,COOL
DVC-104,2026-06-01 08:45:00,26.02,26.0,31.44,1,1248.1,COOL
DVC-104,2026-06-09 23:30:00,23.5,26.0,26.74,0,48.8,OFF
DVC-105,2026-06-12 23:15:00,26.06,26.0,27.54,0,25.8,OFF
DVC-104,2026-06-07 19:45:00,24.61,24.0,32.41,0,44.8,FAN
DVC-104,2026-06-05 19:45:00,24.25,24.0,33.4,1,1434.9,COOL
DVC-104,2026-06-06 20:15:00,24.1,24.0,31.7,1,1238.1,COOL
DVC-104,2026-06-01 10:15:00,24.29,24.0,32.91,1,1496.9,COOL
DVC-101,2026-06-12 06:45:00,26.43,26.0,27.7,0,61.5,OFF
DVC-105,2026-06-11 16:00:00,24.41,24.0,36.91,1,1356.5,COOL
DVC-105,2026-06-10 17:15:00,24.67,24.0,36.21,1,1373.8,COOL
DVC-102,2026-06-14 22:30:00,25.6,26.0,28.62,0,53.4,OFF
DVC-105,2026-06-10 23:00:00,25.94,26.0,27.66,0,24.1,OFF
DVC-104,2026-06-01 08:00:00,26.88,26.0,29.11,1,1174.7,COOL
DVC-102,2026-06-02 16:00:00,24.65,24.0,36.84,1,1230.8,COOL
DVC-104,2026-06-02 18:30:00,24.42,24.0,34.41,1,1372.8,COOL
DVC-105,2026-06-14 11:00:00,24.59,24.0,34.34,0,36.9,FAN
DVC-103,2026-06-04 00:30:00,26.36,26.0,26.19,0,50.2,OFF
DVC-103,2026-06-05 18:00:00,23.91,24.0,35.37,1,1303.9,COOL
DVC-101,2026-06-01 19:15:00,24.25,24.0,33.75,1,1208.2,COOL
DVC-105,2026-06-08 21:00:00,24.42,26.0,31.56,0,23.5,FAN
DVC-104,2026-06-08 01:00:00,26.84,26.0,26.97,0,50.5,OFF
DVC-104,2026-06-07 10:30:00,24.13,24.0,32.61,1,1406.9,COOL
DVC-102,2026-06-05 10:00:00,24.82,24.0,31.91,1,1473.1,COOL
DVC-101,2026-06-14 02:30:00,26.14,26.0,26.1,0,37.6,OFF
DVC-102,2026-06-06 14:15:00,24.58,24.0,37.36,1,1390.9,COOL
DVC-104,2026-06-09 21:00:00,23.5,26.0,31.42,0,44.3,FAN
DVC-101,2026-06-08 22:00:00,25.3,26.0,30.2,0,51.3,OFF
DVC-101,2026-06-07 00:15:00,26.07,26.0,27.24,0,39.5,OFF
DVC-105,2026-06-10 15:00:00,24.11,24.0,37.28,1,1236.0,COOL
DVC-105,2026-06-11 00:45:00,26.42,26.0,24.85,0,28.3,OFF
DVC-102,2026-06-05 07:00:00,25.75,26.0,28.23,0,55.1,OFF
DVC-104,2026-06-04 21:15:00,24.9,26.0,29.87,0,48.9,FAN
DVC-101,2026-06-06 02:45:00,26.24,26.0,25.23,0,22.8,OFF
DVC-105,2026-06-12 23:45:00,26.1,26.0,27.73,0,36.0,OFF
DVC-102,2026-06-07 07:15:00,26.0,26.0,28.02,0,37.9,OFF
DVC-101,2026-06-08 21:30:00,25.08,26.0,30.6,0,46.3,FAN
DVC-105,2026-06-07 15:30:00,24.71,24.0,37.91,1,1330.2,COOL
DVC-102,2026-06-12 09:15:00,25.54,24.0,32.38,1,1541.1,COOL
DVC-102,2026-06-02 14:45:00,24.29,24.0,37.23,1,1310.6,COOL
DVC-105,2026-06-01 11:00:00,24.34,24.0,32.92,0,52.6,FAN
DVC-104,2026-06-08 21:45:00,25.09,26.0,29.15,0,47.2,FAN
DVC-103,2026-06-09 18:30:00,24.96,24.0,34.32,0,48.0,FAN
DVC-105,2026-06-10 00:00:00,25.59,26.0,26.79,0,59.1,OFF
DVC-101,2026-06-08 05:30:00,25.25,26.0,25.74,0,33.3,OFF
DVC-101,2026-06-09 06:30:00,25.38,26.0,26.28,0,41.9,OFF
DVC-105,2026-06-14 05:45:00,26.24,26.0,25.32,0,59.0,OFF
DVC-101,2026-06-09 16:15:00,24.12,24.0,36.45,1,1294.5,COOL
DVC-105,2026-06-03 02:30:00,25.65,26.0,24.07,0,47.1,OFF
DVC-105,2026-06-12 18:30:00,24.58,24.0,35.21,1,1508.0,COOL
DVC-102,2026-06-10 13:30:00,24.13,24.0,35.97,1,1500.6,COOL
DVC-104,2026-06-14 07:30:00,23.5,26.0,29.08,0,20.2,OFF
DVC-104,2026-06-14 13:00:00,23.5,24.0,37.53,0,22.9,FAN
DVC-104,2026-06-02 14:00:00,24.26,24.0,36.2,1,1261.9,COOL
DVC-102,2026-06-05 22:45:00,25.4,26.0,28.06,0,50.7,OFF
DVC-104,2026-06-09 04:00:00,23.5,26.0,25.8,0,32.7,OFF
DVC-105,2026-06-02 04:45:00,25.67,26.0,25.66,0,42.3,OFF
DVC-103,2026-06-14 06:30:00,25.72,26.0,25.91,0,36.0,OFF
DVC-102,2026-06-14 19:00:00,24.45,24.0,33.6,0,46.0,FAN
DVC-102,2026-06-01 16:15:00,24.61,24.0,36.19,0,39.0,FAN
DVC-104,2026-06-10 10:45:00,23.5,24.0,33.98,1,1466.6,COOL
DVC-102,2026-06-03 08:00:00,26.47,26.0,29.43,1,1418.7,COOL
DVC-104,2026-06-03 10:45:00,24.19,24.0,32.62,1,1296.2,COOL
DVC-103,2026-06-11 01:30:00,25.86,26.0,24.84,0,34.0,OFF
DVC-105,2026-06-03 05:45:00,25.34,26.0,26.93,0,60.3,OFF
DVC-103,2026-06-03 19:45:00,24.18,24.0,33.22,1,1350.1,COOL
DVC-105,2026-06-03 23:15:00,25.83,26.0,28.18,0,37.5,OFF
DVC-104,2026-06-10 20:30:00,23.5,24.0,32.19,1,1291.1,COOL
DVC-101,2026-06-04 16:00:00,24.12,24.0,36.45,1,1215.2,COOL
DVC-104,2026-06-07 21:30:00,24.82,26.0,31.25,0,20.4,FAN
DVC-104,2026-06-03 09:30:00,85.0,24.0,31.39,1,1388.5,COOL
DVC-101,2026-06-05 17:30:00,23.97,24.0,35.8,1,1431.0,COOL
DVC-104,2026-06-08 08:45:00,26.33,26.0,31.91,0,52.5,FAN
DVC-101,2026-06-11 01:00:00,25.73,26.0,25.78,0,44.6,OFF
DVC-103,2026-06-03 14:15:00,24.3,24.0,37.25,1,1162.4,COOL
DVC-101,2026-06-14 09:30:00,25.37,24.0,30.99,1,1224.3,COOL
DVC-105,2026-06-10 21:45:00,25.41,26.0,30.21,0,51.2,FAN
DVC-101,2026-06-13 13:30:00,24.33,24.0,36.12,1,1505.9,COOL
DVC-101,2026-06-09 15:15:00,24.42,24.0,35.38,1,1629.7,COOL
DVC-101,2026-06-04 06:45:00,25.21,26.0,27.49,0,52.7,OFF
DVC-104,2026-06-04 01:45:00,26.15,26.0,25.43,0,34.6,OFF
DVC-104,2026-06-14 14:15:00,23.5,24.0,36.94,1,1191.3,COOL
DVC-105,2026-06-08 07:00:00,25.77,26.0,28.21,0,39.3,OFF
DVC-103,2026-06-04 18:30:00,24.34,24.0,33.65,1,1422.5,COOL
DVC-105,2026-06-10 04:30:00,25.44,26.0,25.83,0,48.4,OFF
DVC-101,2026-06-06 02:00:00,26.14,26.0,24.69,0,49.2,OFF
DVC-105,2026-06-01 18:30:00,24.06,24.0,34.02,1,1307.8,COOL
DVC-103,2026-06-14 06:45:00,25.85,26.0,28.14,0,47.6,OFF
DVC-104,2026-06-11 06:00:00,23.5,26.0,26.26,0,54.3,OFF
DVC-104,2026-06-10 09:45:00,23.5,24.0,31.25,1,1425.2,COOL
DVC-102,2026-06-10 11:30:00,24.25,24.0,34.11,1,1358.9,COOL
DVC-105,2026-06-03 03:30:00,25.59,26.0,24.84,0,36.9,OFF
DVC-104,2026-06-12 18:00:00,23.5,24.0,35.04,1,1425.4,COOL
DVC-101,2026-06-07 07:30:00,26.41,26.0,29.16,0,24.0,OFF
DVC-102,2026-06-03 04:00:00,26.41,26.0,25.75,0,42.2,OFF
DVC-104,2026-06-04 07:45:00,26.75,26.0,28.93,0,27.5,OFF
DVC-105,2026-06-05 06:00:00,25.59,26.0,25.72,0,36.0,OFF
DVC-104,2026-06-07 22:00:00,25.33,26.0,29.49,0,53.6,OFF
DVC-103,2026-06-14 22:00:00,25.07,26.0,29.77,0,44.4,OFF
DVC-102,2026-06-07 22:30:00,25.53,26.0,27.8,0,32.7,OFF
DVC-103,2026-06-04 11:45:00,24.29,24.0,33.78,1,1250.4,COOL
DVC-103,2026-06-10 08:15:00,26.04,26.0,30.5,0,53.2,FAN
DVC-102,2026-06-03 15:45:00,24.64,24.0,37.34,1,1371.3,COOL
DVC-102,2026-06-03 01:00:00,26.59,26.0,26.09,0,36.5,OFF
DVC-101,2026-06-06 16:45:00,24.3,24.0,35.78,1,1469.5,COOL
DVC-102,2026-06-13 11:00:00,24.61,24.0,34.72,0,46.9,FAN
DVC-102,2026-06-12 11:15:00,24.57,24.0,34.14,0,38.9,FAN
DVC-105,2026-06-04 15:45:00,24.76,24.0,36.58,0,43.4,FAN
DVC-105,2026-06-08 14:30:00,24.03,24.0,37.92,1,1378.5,COOL
DVC-102,2026-06-13 13:30:00,24.22,24.0,36.38,1,1285.1,COOL
DVC-101,2026-06-03 16:45:00,24.68,24.0,35.56,0,55.2,FAN
DVC-103,2026-06-12 01:30:00,25.73,26.0,24.64,0,45.8,OFF
DVC-104,2026-06-10 22:00:00,23.5,26.0,28.65,0,35.4,OFF
DVC-101,2026-06-07 23:00:00,25.95,26.0,27.69,0,27.3,OFF
DVC-103,2026-06-06 05:45:00,25.71,26.0,26.55,0,54.1,OFF
DVC-104,2026-06-14 14:45:00,23.5,24.0,37.05,1,1125.9,COOL
DVC-102,2026-06-05 20:45:00,24.32,24.0,31.65,0,33.5,FAN
DVC-104,2026-06-10 00:45:00,23.5,26.0,25.03,0,36.2,OFF
DVC-105,2026-06-05 18:15:00,24.75,24.0,35.31,0,44.5,FAN
DVC-105,2026-06-04 08:45:00,26.07,26.0,30.17,1,1398.1,COOL
DVC-102,2026-06-14 19:45:00,24.14,24.0,33.23,1,1367.8,COOL
DVC-102,2026-06-09 18:45:00,24.62,24.0,33.81,0,46.4,FAN
DVC-104,2026-06-02 01:00:00,26.49,26.0,25.02,0,50.5,OFF
DVC-105,2026-06-08 22:30:00,25.85,26.0,29.84,0,38.8,OFF
DVC-105,2026-06-03 12:00:00,24.16,24.0,35.02,1,1412.0,COOL
DVC-102,2026-06-10 12:15:00,24.06,24.0,35.28,1,1422.4,COOL
DVC-101,2026-06-04 10:00:00,24.93,24.0,31.85,1,1270.1,COOL
DVC-102,2026-06-11 04:30:00,25.47,26.0,24.92,0,44.8,OFF
DVC-103,2026-06-03 08:15:00,26.13,26.0,30.12,0,41.2,FAN
DVC-103,2026-06-09 00:45:00,26.44,26.0,25.96,0,47.7,OFF
DVC-103,2026-06-12 12:15:00,24.21,24.0,35.57,1,1426.7,COOL
DVC-102,2026-06-03 07:00:00,26.74,26.0,27.49,0,41.9,OFF
DVC-105,2026-06-08 03:15:00,25.64,26.0,24.25,0,39.3,OFF
DVC-103,2026-06-13 03:45:00,25.38,26.0,25.63,0,38.4,OFF
DVC-104,2026-06-12 14:15:00,23.5,24.0,36.39,0,35.9,FAN
DVC-102,2026-06-03 20:45:00,24.35,24.0,31.24,1,1418.9,COOL
DVC-102,2026-06-06 01:45:00,25.97,26.0,24.77,0,28.8,OFF
DVC-103,2026-06-14 07:00:00,25.87,26.0,26.88,0,69.2,OFF
DVC-102,2026-06-06 00:30:00,26.02,26.0,26.72,0,47.8,OFF
DVC-105,2026-06-07 17:30:00,24.43,24.0,35.32,1,1406.7,COOL
DVC-103,2026-06-14 19:15:00,24.22,24.0,34.1,1,1478.0,COOL
DVC-105,2026-06-13 23:30:00,26.26,26.0,27.09,0,46.9,OFF
DVC-101,2026-06-12 00:45:00,26.51,26.0,26.28,0,35.6,OFF
DVC-103,2026-06-01 05:15:00,25.95,26.0,26.27,0,40.9,OFF
DVC-103,2026-06-09 22:00:00,25.45,26.0,28.53,0,41.3,OFF
DVC-101,2026-06-02 19:30:00,24.43,24.0,32.53,0,39.7,FAN
DVC-102,2026-06-13 04:15:00,25.41,26.0,25.38,0,56.8,OFF
DVC-103,2026-06-01 18:15:00,24.09,24.0,34.14,1,1336.0,COOL
DVC-105,2026-06-14 09:45:00,25.18,24.0,32.54,1,1441.6,COOL
DVC-104,2026-06-02 17:15:00,24.35,24.0,34.76,0,23.5,FAN
DVC-104,2026-06-10 16:30:00,23.5,24.0,36.74,1,1360.2,COOL
DVC-102,2026-06-14 01:15:00,25.91,26.0,25.22,0,44.5,OFF
DVC-105,2026-06-12 21:00:00,24.92,26.0,30.53,0,49.3,FAN
DVC-105,2026-06-13 03:45:00,26.1,26.0,24.25,0,52.1,OFF
DVC-102,2026-06-05 06:30:00,25.51,26.0,26.35,0,45.4,OFF
DVC-101,2026-06-06 04:30:00,26.13,26.0,24.26,0,59.8,OFF
DVC-105,2026-06-13 00:00:00,26.25,26.0,27.75,0,42.5,OFF
DVC-102,2026-06-04 14:30:00,24.1,24.0,36.84,1,1338.4,COOL
DVC-101,2026-06-12 00:30:00,26.49,26.0,26.31,0,36.5,OFF
DVC-104,2026-06-07 05:15:00,26.04,26.0,25.42,0,62.9,OFF
DVC-101,2026-06-02 10:45:00,24.8,24.0,35.4,0,56.8,FAN
DVC-103,2026-06-09 06:00:00,25.26,26.0,26.51,0,61.3,OFF
DVC-104,2026-06-12 05:00:00,23.5,26.0,24.94,0,43.8,OFF
DVC-103,2026-06-01 07:30:00,26.02,26.0,28.18,0,49.6,OFF
DVC-105,2026-06-10 12:45:00,23.94,24.0,36.78,1,1407.1,COOL
DVC-105,2026-06-04 19:45:00,24.43,24.0,32.5,1,1443.8,COOL
DVC-105,2026-06-02 16:15:00,24.46,24.0,36.92,1,1433.1,COOL
DVC-104,2026-06-08 20:00:00,24.25,24.0,32.21,1,1387.5,COOL
DVC-102,2026-06-06 17:00:00,24.68,24.0,36.46,0,46.3,FAN
DVC-102,2026-06-05 11:45:00,24.15,24.0,34.15,1,1352.5,COOL
DVC-101,2026-06-05 00:00:00,25.99,26.0,25.8,0,54.1,OFF
DVC-103,2026-06-05 22:30:00,25.64,26.0,28.95,0,42.4,OFF
DVC-102,2026-06-13 05:30:00,25.45,26.0,26.8,0,33.4,OFF
DVC-104,2026-06-05 07:00:00,25.67,26.0,28.01,0,61.0,OFF
DVC-103,2026-06-06 07:00:00,26.07,26.0,28.57,0,29.3,OFF
DVC-104,2026-06-05 13:30:00,24.04,24.0,35.55,1,1317.1,COOL
DVC-105,2026-06-01 22:15:00,26.02,26.0,28.96,0,46.8,OFF
DVC-103,2026-06-01 19:45:00,24.44,24.0,33.75,0,36.8,FAN
DVC-101,2026-06-13 07:00:00,25.75,26.0,27.21,0,43.3,OFF
DVC-104,2026-06-01 10:45:00,24.26,24.0,33.75,1,1346.9,COOL
DVC-105,2026-06-03 19:30:00,24.32,24.0,32.46,1,1377.4,COOL
DVC-105,2026-06-01 00:30:00,26.95,26.0,25.43,0,50.9,OFF
DVC-101,2026-06-07 15:15:00,24.1,24.0,36.32,1,1257.5,COOL
DVC-102,2026-06-06 08:30:00,26.15,26.0,30.44,1,1285.6,COOL
DVC-105,2026-06-13 19:45:00,24.54,24.0,33.2,0,35.6,FAN
DVC-101,2026-06-10 15:00:00,24.45,24.0,36.9,1,1263.2,COOL
DVC-101,2026-06-08 03:15:00,25.44,26.0,24.73,0,44.3,OFF
DVC-105,2026-06-07 19:30:00,24.23,24.0,33.89,1,1295.9,COOL
DVC-105,2026-06-09 05:00:00,25.61,26.0,26.25,0,34.7,OFF
DVC-102,2026-06-08 10:30:00,23.92,24.0,33.29,1,1175.4,COOL
DVC-103,2026-06-14 17:30:00,24.16,24.0,35.36,1,1488.0,COOL
DVC-104,2026-06-14 19:15:00,23.5,24.0,33.98,1,1472.7,COOL
DVC-101,2026-06-07 15:00:00,24.37,24.0,36.89,1,1349.1,COOL
DVC-104,2026-06-02 09:30:00,25.39,24.0,33.13,1,1515.9,COOL
DVC-105,2026-06-09 23:00:00,25.37,26.0,28.06,0,48.9,OFF
DVC-102,2026-06-10 22:30:00,25.72,26.0,28.33,0,51.2,OFF
DVC-103,2026-06-07 00:30:00,25.73,26.0,26.73,0,47.4,OFF
DVC-105,2026-06-14 13:45:00,24.22,24.0,36.97,1,1445.5,COOL
DVC-103,2026-06-05 10:15:00,24.77,24.0,33.17,1,1252.3,COOL
DVC-104,2026-06-05 04:00:00,25.62,26.0,24.99,0,53.2,OFF
DVC-105,2026-06-06 19:45:00,24.3,24.0,32.63,1,1416.4,COOL
DVC-102,2026-06-02 21:15:00,25.24,26.0,30.93,0,27.9,FAN
DVC-102,2026-06-05 19:15:00,24.92,24.0,33.91,0,51.2,FAN
DVC-103,2026-06-02 04:00:00,25.59,26.0,24.16,0,57.8,OFF
DVC-102,2026-06-14 02:15:00,25.92,26.0,24.85,0,39.4,OFF
DVC-101,2026-06-14 05:30:00,25.33,26.0,27.16,0,4257.3,OFF
DVC-101,2026-06-03 06:45:00,25.09,26.0,27.25,0,35.2,OFF
DVC-105,2026-06-11 20:45:00,24.39,24.0,30.97,0,38.1,FAN
DVC-105,2026-06-03 22:00:00,25.25,26.0,29.23,0,53.5,OFF
DVC-104,2026-06-06 09:15:00,25.68,24.0,31.23,1,1384.7,COOL
DVC-103,2026-06-13 19:45:00,24.29,24.0,32.82,1,1336.9,COOL
DVC-102,2026-06-11 02:30:00,25.86,26.0,25.01,0,45.7,OFF
DVC-101,2026-06-05 23:45:00,26.23,26.0,28.6,0,17.4,OFF
DVC-103,2026-06-11 03:30:00,25.89,26.0,24.71,0,47.0,OFF
DVC-102,2026-06-05 11:15:00,24.12,24.0,33.87,1,1458.5,COOL
DVC-101,2026-06-07 12:00:00,24.06,24.0,35.53,1,1406.4,COOL
DVC-102,2026-06-10 08:30:00,26.3,26.0,30.8,1,1452.1,COOL
DVC-102,2026-06-07 02:45:00,26.12,26.0,24.33,0,30.5,OFF
DVC-102,2026-06-11 02:15:00,25.89,26.0,24.18,0,42.5,OFF
DVC-103,2026-06-10 02:00:00,26.05,26.0,25.53,0,37.8,OFF
DVC-105,2026-06-05 19:30:00,24.6,24.0,32.37,0,35.2,FAN
DVC-101,2026-06-09 08:15:00,26.18,26.0,29.18,0,42.1,FAN
DVC-104,2026-06-12 09:00:00,23.5,24.0,30.56,1,1347.2,COOL
DVC-104,2026-06-06 05:00:00,25.62,26.0,25.55,0,34.3,OFF
DVC-104,2026-06-01 11:15:00,24.35,24.0,34.67,1,1106.9,COOL
DVC-105,2026-06-06 16:15:00,24.44,24.0,37.51,1,1278.3,COOL
DVC-102,2026-06-14 09:45:00,25.0,24.0,32.98,1,1262.6,COOL
DVC-104,2026-06-06 00:00:00,26.08,26.0,27.01,0,56.5,OFF
DVC-102,2026-06-12 06:45:00,25.66,26.0,27.69,0,59.9,OFF
DVC-102,2026-06-09 10:30:00,-99.0,24.0,32.13,0,29.2,FAN
DVC-103,2026-06-11 23:45:00,25.5,26.0,27.92,0,33.9,OFF
DVC-102,2026-06-01 12:00:00,24.16,24.0,33.91,1,1222.4,COOL
DVC-101,2026-06-08 17:45:00,24.28,24.0,34.4,1,1580.9,COOL
DVC-101,2026-06-14 00:00:00,26.12,26.0,26.65,0,66.4,OFF
DVC-101,2026-06-13 20:15:00,24.13,24.0,32.22,1,1260.2,COOL
DVC-103,2026-06-10 21:30:00,25.52,26.0,30.75,0,61.9,FAN
DVC-103,2026-06-02 05:45:00,26.09,26.0,27.8,0,57.0,OFF
DVC-105,2026-06-09 10:45:00,24.16,24.0,33.71,1,1198.5,COOL
DVC-103,2026-06-10 20:45:00,24.61,24.0,31.12,0,51.7,FAN
DVC-102,2026-06-07 03:00:00,26.21,26.0,24.74,0,33.3,OFF
DVC-101,2026-06-07 01:45:00,26.14,26.0,24.68,0,39.0,OFF
DVC-101,2026-06-14 11:30:00,24.34,24.0,34.81,1,1429.9,COOL
DVC-101,2026-06-14 23:30:00,26.67,26.0,27.61,0,41.8,OFF
DVC-101,2026-06-11 14:00:00,24.48,24.0,36.83,1,1165.6,COOL
DVC-104,2026-06-03 14:45:00,24.27,24.0,37.21,1,1436.8,COOL
DVC-104,2026-06-14 09:00:00,23.5,24.0,30.24,1,1423.2,COOL
DVC-104,2026-06-13 21:00:00,23.5,26.0,30.63,0,57.3,FAN
DVC-102,2026-06-10 11:15:00,24.58,24.0,34.74,0,43.9,FAN
DVC-105,2026-06-02 02:15:00,25.72,26.0,25.04,0,32.8,OFF
DVC-102,2026-06-11 13:30:00,24.59,24.0,35.66,0,47.0,FAN
DVC-105,2026-06-07 17:45:00,24.22,24.0,35.28,1,1277.4,COOL
DVC-104,2026-06-09 10:45:00,23.5,24.0,34.79,1,1537.8,COOL
DVC-102,2026-06-03 13:00:00,24.45,24.0,35.91,1,1427.8,COOL
DVC-105,2026-06-06 10:45:00,24.34,24.0,33.09,1,1194.2,COOL
DVC-102,2026-06-10 06:00:00,25.68,26.0,26.7,0,70.1,OFF
DVC-102,2026-06-01 12:30:00,24.34,24.0,35.67,1,1446.8,COOL
DVC-104,2026-06-11 07:00:00,23.5,26.0,27.93,0,41.1,OFF
DVC-101,2026-06-08 08:45:00,26.05,26.0,30.94,1,1426.7,COOL
DVC-104,2026-06-13 05:30:00,23.5,26.0,26.57,0,37.7,OFF
DVC-102,2026-06-04 12:30:00,24.84,24.0,36.93,0,36.9,FAN
DVC-103,2026-06-02 17:45:00,24.78,24.0,35.87,0,36.8,FAN
DVC-102,2026-06-04 05:15:00,25.72,26.0,27.11,0,37.5,OFF
DVC-103,2026-06-13 17:30:00,24.47,24.0,35.72,1,1533.4,COOL
DVC-102,2026-06-14 17:00:00,24.65,24.0,36.73,0,38.6,FAN
DVC-102,2026-06-11 15:00:00,24.4,24.0,36.51,1,1352.1,COOL
DVC-105,2026-06-05 19:00:00,24.45,24.0,33.18,0,55.9,FAN
DVC-101,2026-06-07 02:30:00,26.23,26.0,24.35,0,45.1,OFF
DVC-104,2026-06-14 03:15:00,23.5,26.0,26.17,0,45.0,OFF
DVC-101,2026-06-04 17:15:00,24.44,24.0,36.15,1,1277.7,COOL
DVC-102,2026-06-04 08:15:00,26.25,26.0,29.78,0,15.1,FAN
DVC-102,2026-06-11 22:45:00,25.81,26.0,29.49,0,43.5,OFF
DVC-105,2026-06-05 21:45:00,25.42,26.0,29.3,0,36.9,FAN
DVC-101,2026-06-02 23:15:00,26.0,26.0,28.66,0,64.2,OFF
DVC-102,2026-06-02 11:00:00,24.0,24.0,33.2,1,1485.5,COOL
DVC-105,2026-06-02 01:45:00,26.09,26.0,25.72,0,46.0,OFF
DVC-104,2026-06-11 05:00:00,23.5,26.0,26.88,0,42.1,OFF
DVC-103,2026-06-05 12:30:00,24.71,24.0,35.78,0,55.1,FAN
DVC-101,2026-06-02 23:30:00,26.21,26.0,28.38,0,4692.4,OFF
DVC-104,2026-06-05 01:00:00,26.14,26.0,25.94,0,49.7,OFF
DVC-104,2026-06-11 09:30:00,23.5,24.0,31.65,1,1351.0,COOL
DVC-103,2026-06-09 11:30:00,24.05,24.0,33.94,1,1295.3,COOL
DVC-103,2026-06-09 23:30:00,26.2,26.0,26.15,0,45.2,OFF
DVC-101,2026-06-09 07:15:00,25.7,26.0,28.98,0,17.6,OFF
DVC-104,2026-06-04 11:15:00,24.01,24.0,34.17,1,1242.2,COOL
DVC-101,2026-06-09 05:00:00,25.58,26.0,25.15,0,63.3,OFF
DVC-104,2026-06-10 05:15:00,23.5,26.0,24.2,0,58.2,OFF
DVC-101,2026-06-01 01:30:00,26.73,26.0,25.53,0,39.9,OFF
DVC-102,2026-06-11 07:00:00,25.63,26.0,28.18,0,58.4,OFF
DVC-104,2026-06-03 20:15:00,24.23,24.0,32.5,1,1337.0,COOL
DVC-104,2026-06-10 22:45:00,23.5,26.0,28.09,0,49.8,OFF
DVC-104,2026-06-11 09:00:00,23.5,24.0,31.14,1,1494.4,COOL
DVC-105,2026-06-04 15:15:00,24.47,24.0,36.49,1,1607.1,COOL
DVC-103,2026-06-01 06:30:00,25.88,26.0,27.77,0,33.6,OFF
DVC-104,2026-06-12 02:15:00,23.5,26.0,25.2,0,38.8,OFF
DVC-102,2026-06-02 08:15:00,26.09,26.0,29.59,1,1291.8,COOL
DVC-103,2026-06-02 08:45:00,26.33,26.0,30.2,0,61.2,FAN
DVC-105,2026-06-04 17:00:00,24.24,24.0,36.15,1,1457.2,COOL
DVC-104,2026-06-02 08:45:00,26.12,26.0,30.86,1,1472.3,COOL
DVC-101,2026-06-09 23:30:00,26.38,26.0,27.31,0,46.7,OFF
DVC-101,2026-06-06 18:30:00,24.17,24.0,34.6,1,1414.9,COOL
DVC-102,2026-06-12 14:45:00,24.63,24.0,37.24,1,1587.2,COOL
DVC-105,2026-06-12 21:30:00,25.4,26.0,30.47,0,56.4,FAN
DVC-101,2026-06-05 17:15:00,24.31,24.0,37.24,1,1225.6,COOL
DVC-102,2026-06-08 08:45:00,26.26,26.0,30.8,1,1209.9,COOL
DVC-104,2026-06-09 14:30:00,23.5,24.0,36.57,1,1397.8,COOL
DVC-103,2026-06-04 15:45:00,24.53,24.0,36.48,1,1341.6,COOL
DVC-105,2026-06-02 00:15:00,26.21,26.0,25.96,0,43.9,OFF
DVC-104,2026-06-10 11:15:00,23.5,24.0,33.37,0,45.7,FAN
DVC-101,2026-06-10 16:30:00,24.06,24.0,36.55,1,1299.8,COOL
DVC-105,2026-06-11 01:15:00,26.38,26.0,25.62,0,30.8,OFF
DVC-101,2026-06-04 00:00:00,25.77,26.0,26.58,0,55.3,OFF
DVC-103,2026-06-08 22:00:00,25.45,26.0,30.45,0,37.3,OFF
DVC-105,2026-06-03 17:30:00,24.32,24.0,34.98,1,1454.2,COOL
DVC-103,2026-06-04 04:00:00,25.8,26.0,24.35,0,38.7,OFF
DVC-105,2026-06-08 20:30:00,24.34,24.0,31.93,1,1426.2,COOL
DVC-104,2026-06-06 03:45:00,25.81,26.0,25.79,0,44.1,OFF
DVC-105,2026-06-13 12:30:00,24.54,24.0,36.43,0,57.5,FAN
DVC-101,2026-06-10 12:15:00,24.51,24.0,35.14,0,48.4,FAN
DVC-103,2026-06-13 04:00:00,25.46,26.0,25.93,0,41.3,OFF
DVC-103,2026-06-13 04:45:00,25.71,26.0,24.76,0,39.6,OFF
DVC-103,2026-06-12 10:00:00,24.81,24.0,33.13,1,1363.1,COOL
DVC-102,2026-06-11 12:15:00,24.53,24.0,36.21,0,26.3,FAN
DVC-103,2026-06-11 03:45:00,25.94,26.0,25.36,0,41.6,OFF
DVC-104,2026-06-02 12:00:00,24.47,24.0,35.07,0,44.4,FAN
DVC-102,2026-06-03 08:15:00,26.21,26.0,29.96,1,1442.5,COOL
DVC-102,2026-06-01 06:30:00,26.79,26.0,27.01,0,42.4,OFF
DVC-102,2026-06-09 04:45:00,24.87,26.0,25.28,0,46.9,OFF
DVC-101,2026-06-06 12:00:00,24.7,24.0,35.4,0,40.5,FAN
DVC-101,2026-06-07 00:45:00,26.22,26.0,26.23,0,4198.6,OFF
DVC-105,2026-06-06 04:45:00,25.95,26.0,26.06,0,44.5,OFF
DVC-105,2026-06-02 08:00:00,26.77,26.0,29.42,1,1621.7,COOL
DVC-103,2026-06-14 13:30:00,24.11,24.0,36.55,1,1440.5,COOL
DVC-101,2026-06-07 14:45:00,24.67,24.0,36.82,0,26.4,FAN
DVC-105,2026-06-14 18:15:00,24.61,24.0,34.75,0,40.6,FAN
DVC-103,2026-06-01 17:15:00,24.62,24.0,36.43,0,47.0,FAN
DVC-102,2026-06-09 21:45:00,25.36,26.0,30.39,0,49.1,FAN
DVC-103,2026-06-02 12:30:00,24.05,24.0,36.78,1,1514.4,COOL
DVC-104,2026-06-06 07:00:00,26.1,26.0,28.15,0,57.0,OFF
DVC-103,2026-06-13 18:15:00,24.26,24.0,34.91,1,1511.2,COOL
DVC-105,2026-06-06 02:15:00,25.95,26.0,24.99,0,59.9,OFF
DVC-104,2026-06-04 12:15:00,24.94,24.0,35.25,0,48.1,FAN
DVC-103,2026-06-04 20:30:00,24.15,24.0,31.6,1,1189.1,COOL
DVC-101,2026-06-06 18:00:00,24.69,24.0,35.42,1,1442.3,COOL
DVC-105,2026-06-11 01:00:00,26.38,26.0,25.98,0,45.4,OFF
DVC-102,2026-06-08 09:30:00,25.17,24.0,31.61,1,1488.6,COOL
DVC-102,2026-06-10 04:15:00,25.86,26.0,25.33,0,46.7,OFF
DVC-104,2026-06-12 19:00:00,23.5,24.0,33.99,0,54.5,FAN
DVC-101,2026-06-08 09:15:00,25.67,24.0,31.78,1,1266.7,COOL
DVC-105,2026-06-08 23:00:00,26.15,26.0,27.04,0,45.2,OFF
DVC-102,2026-06-13 01:45:00,25.73,26.0,24.92,0,38.7,OFF
DVC-105,2026-06-11 19:15:00,24.41,24.0,33.46,0,48.1,FAN
DVC-101,2026-06-10 13:00:00,24.34,24.0,37.06,1,1432.6,COOL
DVC-104,2026-06-14 10:15:00,23.5,24.0,31.64,1,1222.7,COOL
DVC-101,2026-06-12 08:45:00,0.0,26.0,30.61,0,51.6,FAN
DVC-104,2026-06-02 02:00:00,26.45,26.0,24.54,0,43.9,OFF
DVC-101,2026-06-13 14:15:00,24.4,24.0,37.06,1,1290.4,COOL
DVC-102,2026-06-14 10:00:00,24.7,24.0,32.98,1,1262.0,COOL
DVC-101,2026-06-09 15:00:00,24.61,24.0,37.73,0,37.3,FAN
DVC-102,2026-06-04 06:45:00,26.24,26.0,27.76,0,47.4,OFF
DVC-101,2026-06-01 23:45:00,26.05,26.0,26.18,0,35.4,OFF
DVC-102,2026-06-08 10:45:00,24.23,24.0,33.19,0,52.4,FAN
DVC-104,2026-06-02 10:00:00,24.91,24.0,32.88,1,1605.9,COOL
DVC-101,2026-06-03 23:00:00,25.64,26.0,27.33,0,15.8,OFF
DVC-105,2026-06-14 19:15:00,24.08,24.0,34.32,1,1376.6,COOL
DVC-104,2026-06-02 00:00:00,26.24,26.0,26.61,0,42.3,OFF
DVC-105,2026-06-09 01:00:00,26.54,26.0,24.81,0,51.1,OFF
DVC-101,2026-06-08 03:45:00,25.36,26.0,26.01,0,46.1,OFF
DVC-101,2026-06-12 11:15:00,24.41,24.0,34.7,1,1252.3,COOL
DVC-102,2026-06-13 22:45:00,25.94,26.0,27.76,0,55.0,OFF
DVC-101,2026-06-03 09:30:00,25.2,24.0,30.91,1,1119.5,COOL
DVC-105,2026-06-12 11:45:00,24.32,24.0,34.66,1,1459.3,COOL
DVC-101,2026-06-03 21:45:00,24.99,26.0,29.99,0,43.7,FAN
DVC-102,2026-06-12 06:15:00,25.51,26.0,27.67,0,48.8,OFF
DVC-101,2026-06-10 07:45:00,26.65,26.0,29.7,0,48.7,OFF
DVC-105,2026-06-13 09:00:00,26.31,24.0,30.88,1,1230.5,COOL
DVC-105,2026-06-03 03:45:00,25.44,26.0,24.5,0,45.4,OFF
DVC-102,2026-06-14 18:45:00,24.26,24.0,34.29,1,1373.3,COOL
DVC-103,2026-06-09 14:15:00,24.25,24.0,37.75,1,1527.4,COOL
DVC-101,2026-06-06 15:00:00,24.51,24.0,35.99,0,46.0,FAN
DVC-102,2026-06-10 13:45:00,24.59,24.0,36.9,0,43.1,FAN
DVC-101,2026-06-02 14:00:00,24.4,24.0,35.79,1,1266.7,COOL
DVC-103,2026-06-10 20:30:00,24.25,24.0,30.15,0,22.2,FAN
DVC-101,2026-06-06 16:00:00,24.39,24.0,36.64,1,1227.8,COOL
DVC-104,2026-06-02 18:00:00,24.1,24.0,34.68,1,1477.5,COOL
DVC-105,2026-06-08 21:45:00,25.14,26.0,30.12,0,56.7,FAN
DVC-101,2026-06-10 03:00:00,25.97,26.0,24.99,0,38.3,OFF
DVC-104,2026-06-01 09:00:00,25.68,24.0,30.53,1,1258.2,COOL
DVC-101,2026-06-04 23:45:00,0.0,26.0,26.29,0,48.9,OFF
DVC-102,2026-06-11 21:30:00,24.85,26.0,30.75,0,33.9,FAN
DVC-102,2026-06-10 18:15:00,24.38,24.0,35.32,1,1268.7,COOL
DVC-101,2026-06-12 18:00:00,24.32,24.0,35.1,1,1403.8,COOL
DVC-101,2026-06-08 06:45:00,25.4,26.0,27.55,0,36.5,OFF
DVC-102,2026-06-03 16:30:00,24.58,24.0,35.97,0,57.8,FAN
DVC-103,2026-06-01 18:45:00,24.37,24.0,34.48,1,1258.2,COOL
DVC-104,2026-06-08 07:00:00,26.84,26.0,28.15,0,44.4,OFF
DVC-104,2026-06-13 22:00:00,23.5,26.0,31.22,0,46.2,OFF
DVC-105,2026-06-13 03:45:00,26.1,26.0,24.25,0,52.1,OFF
DVC-105,2026-06-10 19:30:00,24.17,24.0,33.56,1,1345.9,COOL
DVC-102,2026-06-10 17:15:00,24.1,24.0,36.66,1,1363.7,COOL
DVC-102,2026-06-08 11:00:00,24.61,24.0,34.54,0,48.6,FAN
DVC-102,2026-06-02 00:00:00,25.87,26.0,27.34,0,39.2,OFF
DVC-101,2026-06-08 00:00:00,26.05,26.0,26.33,0,27.4,OFF
DVC-104,2026-06-05 18:00:00,24.0,24.0,35.11,1,1456.9,COOL
DVC-103,2026-06-14 05:00:00,26.02,26.0,25.66,0,42.4,OFF
DVC-103,2026-06-06 17:45:00,24.17,24.0,35.52,1,1363.7,COOL
DVC-101,2026-06-06 15:45:00,24.62,24.0,36.78,0,29.8,FAN
DVC-102,2026-06-12 19:00:00,24.4,24.0,34.81,0,48.3,FAN
DVC-103,2026-06-08 20:00:00,24.62,24.0,33.25,0,35.8,FAN
DVC-101,2026-06-02 07:30:00,25.57,26.0,29.58,0,47.4,OFF
DVC-103,2026-06-04 15:30:00,24.73,24.0,36.72,1,1139.0,COOL
DVC-104,2026-06-05 04:30:00,25.65,26.0,25.63,0,49.9,OFF
DVC-104,2026-06-05 23:15:00,26.02,26.0,27.78,0,41.9,OFF
DVC-102,2026-06-12 19:30:00,24.45,24.0,32.77,0,28.1,FAN
DVC-105,2026-06-08 05:30:00,25.68,26.0,26.62,0,40.9,OFF
DVC-104,2026-06-04 19:30:00,24.0,24.0,32.66,1,1415.2,COOL
DVC-103,2026-06-06 00:15:00,25.73,26.0,26.46,0,35.2,OFF
DVC-105,2026-06-12 16:00:00,24.42,24.0,37.82,0,71.4,FAN
DVC-105,2026-06-14 07:30:00,27.05,26.0,28.12,0,38.7,OFF
DVC-101,2026-06-14 19:30:00,24.21,24.0,33.47,1,1215.1,COOL
DVC-105,2026-06-04 01:30:00,26.23,26.0,25.1,0,46.0,OFF
DVC-103,2026-06-06 19:15:00,24.63,24.0,33.32,0,66.1,FAN
DVC-102,2026-06-11 10:45:00,24.19,24.0,33.4,1,1359.5,COOL
DVC-104,2026-06-13 23:45:00,23.5,26.0,26.91,0,45.0,OFF
DVC-103,2026-06-03 02:30:00,26.08,26.0,24.37,0,52.4,OFF
DVC-105,2026-06-11 15:00:00,24.43,24.0,36.77,0,42.4,FAN
DVC-102,2026-06-01 19:30:00,24.57,24.0,33.16,0,36.9,FAN
DVC-102,2026-06-14 15:30:00,24.53,24.0,37.19,1,1408.7,COOL
DVC-103,2026-06-12 20:00:00,24.45,24.0,32.28,0,49.9,FAN
DVC-103,2026-06-03 04:00:00,25.88,26.0,25.99,0,26.2,OFF
DVC-103,2026-06-06 06:15:00,25.76,26.0,27.17,0,50.4,OFF
DVC-105,2026-06-07 04:15:00,26.02,26.0,25.55,0,56.6,OFF
DVC-103,2026-06-02 07:30:00,26.68,26.0,28.27,0,39.3,OFF
DVC-102,2026-06-11 22:30:00,25.62,26.0,28.67,0,44.5,OFF
DVC-103,2026-06-14 13:15:00,24.45,24.0,35.92,0,36.8,FAN
DVC-105,2026-06-09 19:00:00,24.59,24.0,33.99,0,68.4,FAN
DVC-102,2026-06-12 10:30:00,24.05,24.0,33.69,1,1369.5,COOL
DVC-104,2026-06-11 20:15:00,23.5,24.0,30.89,1,1153.3,COOL
DVC-103,2026-06-04 21:30:00,25.39,26.0,30.47,0,33.6,FAN
DVC-103,2026-06-05 03:15:00,26.14,26.0,25.89,0,30.5,OFF
DVC-104,2026-06-06 12:30:00,24.18,24.0,35.57,1,1567.2,COOL
DVC-103,2026-06-12 18:30:00,24.36,24.0,34.79,0,46.8,FAN
DVC-104,2026-06-05 17:15:00,24.36,24.0,35.13,1,1582.8,COOL
DVC-104,2026-06-10 16:15:00,23.5,24.0,36.39,0,47.3,FAN
DVC-101,2026-06-05 19:30:00,24.48,24.0,32.34,0,26.5,FAN
DVC-105,2026-06-10 21:15:00,24.93,26.0,30.15,0,48.9,FAN
DVC-103,2026-06-06 22:00:00,25.31,26.0,29.22,0,46.5,OFF
DVC-101,2026-06-01 05:45:00,25.98,26.0,26.4,0,59.8,OFF
DVC-101,2026-06-06 16:30:00,24.55,24.0,36.67,0,35.2,FAN
DVC-104,2026-06-03 18:15:00,24.17,24.0,34.46,1,1409.3,COOL
DVC-105,2026-06-08 17:15:00,24.37,24.0,36.57,1,1544.3,COOL
DVC-102,2026-06-01 10:15:00,24.6,24.0,32.54,1,1505.5,COOL
DVC-101,2026-06-12 07:30:00,26.7,26.0,27.87,0,31.1,OFF
DVC-101,2026-06-13 03:30:00,25.77,26.0,26.53,0,46.4,OFF
DVC-102,2026-06-04 19:45:00,24.41,24.0,31.95,0,49.6,FAN
DVC-103,2026-06-11 17:45:00,24.15,24.0,34.87,1,1444.5,COOL
DVC-103,2026-06-02 21:15:00,24.66,26.0,30.95,0,49.5,FAN
DVC-101,2026-06-07 08:15:00,26.42,26.0,30.15,0,58.3,FAN
DVC-103,2026-06-06 09:30:00,25.45,24.0,31.91,1,1421.6,COOL
DVC-104,2026-06-03 17:15:00,24.82,24.0,36.84,0,48.6,FAN
DVC-103,2026-06-11 14:30:00,24.4,24.0,37.58,1,1282.9,COOL
DVC-103,2026-06-13 12:15:00,24.07,24.0,35.37,1,1213.5,COOL
DVC-104,2026-06-03 01:45:00,26.99,26.0,25.1,0,76.0,OFF
DVC-102,2026-06-09 18:30:00,24.28,24.0,34.96,1,1592.2,COOL
DVC-103,2026-06-13 04:30:00,25.7,26.0,26.71,0,45.7,OFF
DVC-105,2026-06-04 09:30:00,25.15,24.0,31.26,1,1325.8,COOL
DVC-101,2026-06-11 14:45:00,24.26,24.0,37.36,1,1316.5,COOL
DVC-101,2026-06-12 23:00:00,26.08,26.0,28.61,0,43.7,OFF
DVC-104,2026-06-05 22:45:00,25.91,26.0,28.6,0,60.3,OFF
DVC-105,2026-06-03 00:45:00,25.76,26.0,26.19,0,53.0,OFF
DVC-102,2026-06-02 23:45:00,26.55,26.0,27.38,0,26.8,OFF
DVC-103,2026-06-04 04:30:00,25.93,26.0,25.26,0,56.2,OFF
DVC-103,2026-06-06 06:00:00,25.77,26.0,27.85,0,50.6,OFF
DVC-102,2026-06-12 18:00:00,24.11,24.0,34.46,1,1268.6,COOL
DVC-103,2026-06-05 03:45:00,26.14,26.0,25.54,0,48.3,OFF
DVC-105,2026-06-14 19:00:00,24.38,24.0,35.16,0,46.0,FAN
DVC-101,2026-06-03 10:00:00,24.49,24.0,32.74,1,1465.3,COOL
DVC-101,2026-06-05 14:30:00,24.23,24.0,37.17,1,1612.3,COOL
DVC-103,2026-06-10 12:45:00,24.53,24.0,35.86,1,1441.7,COOL
DVC-104,2026-06-08 04:45:00,26.25,26.0,26.04,0,56.0,OFF
DVC-105,2026-06-05 01:45:00,25.36,26.0,25.66,0,29.6,OFF
DVC-103,2026-06-05 17:45:00,24.3,24.0,35.53,1,1371.0,COOL
DVC-101,2026-06-14 15:45:00,0.0,24.0,37.37,1,1258.8,COOL
DVC-104,2026-06-06 19:45:00,24.12,24.0,32.72,1,1276.7,COOL
DVC-102,2026-06-09 16:15:00,24.42,24.0,36.54,1,1529.0,COOL
DVC-105,2026-06-03 06:15:00,25.5,26.0,26.76,0,45.1,OFF
DVC-102,2026-06-07 23:30:00,25.9,26.0,27.52,0,37.1,OFF
DVC-104,2026-06-07 09:45:00,25.08,24.0,31.82,1,1468.0,COOL
DVC-103,2026-06-01 04:45:00,26.2,26.0,25.82,0,33.4,OFF
DVC-104,2026-06-02 16:30:00,24.6,24.0,36.62,0,63.6,FAN
DVC-105,2026-06-10 06:00:00,25.85,26.0,26.31,0,48.9,OFF
DVC-104,2026-06-03 04:15:00,26.13,26.0,25.38,0,49.0,OFF
DVC-105,2026-06-12 17:15:00,24.19,24.0,35.74,1,1563.8,COOL
DVC-104,2026-06-08 21:15:00,24.75,26.0,30.22,0,62.5,FAN
DVC-103,2026-06-12 14:15:00,24.06,24.0,36.51,1,1348.2,COOL
DVC-104,2026-06-06 17:30:00,24.32,24.0,35.82,1,1466.7,COOL
DVC-101,2026-06-14 10:15:00,24.4,24.0,33.42,1,1191.5,COOL
DVC-103,2026-06-11 04:15:00,25.83,26.0,26.6,0,52.2,OFF
DVC-101,2026-06-10 22:00:00,25.46,26.0,29.73,0,47.6,OFF
DVC-103,2026-06-01 08:45:00,26.05,26.0,30.17,1,1398.5,COOL
DVC-101,2026-06-11 09:45:00,25.4,24.0,32.66,1,1408.6,COOL
DVC-104,2026-06-11 18:30:00,23.5,24.0,35.47,1,1275.2,COOL
DVC-102,2026-06-13 10:00:00,24.97,24.0,32.29,1,1402.8,COOL
DVC-101,2026-06-04 22:45:00,25.79,26.0,28.07,0,37.9,OFF
DVC-103,2026-06-13 13:45:00,23.92,24.0,37.06,1,1525.5,COOL
DVC-102,2026-06-10 23:00:00,26.16,26.0,28.34,0,51.7,OFF
DVC-103,2026-06-05 23:00:00,25.83,26.0,27.45,0,37.9,OFF
DVC-105,2026-06-02 01:15:00,26.2,26.0,26.24,0,46.9,OFF
DVC-102,2026-06-07 06:00:00,25.98,26.0,26.73,0,44.9,OFF
DVC-101,2026-06-11 12:15:00,24.63,24.0,35.74,0,39.8,FAN
DVC-102,2026-06-03 09:45:00,25.22,24.0,32.46,1,1465.8,COOL
DVC-104,2026-06-03 11:30:00,24.04,24.0,34.69,1,1510.6,COOL
DVC-101,2026-06-13 09:45:00,25.21,24.0,32.78,1,1383.7,COOL
DVC-105,2026-06-12 16:15:00,24.26,24.0,36.86,1,1230.0,COOL
DVC-104,2026-06-06 07:45:00,26.41,26.0,29.32,0,39.2,OFF
DVC-105,2026-06-12 22:00:00,25.78,26.0,28.77,0,51.6,OFF
DVC-102,2026-06-13 07:00:00,25.88,26.0,27.71,0,31.0,OFF
DVC-102,2026-06-13 19:45:00,24.35,24.0,33.95,1,1469.5,COOL
DVC-103,2026-06-14 22:15:00,25.22,26.0,29.24,0,50.0,OFF
DVC-101,2026-06-01 10:30:00,24.28,24.0,32.9,1,1439.5,COOL
DVC-103,2026-06-14 11:15:00,24.31,24.0,34.09,1,1368.7,COOL
DVC-105,2026-06-07 10:45:00,24.5,24.0,34.99,1,1244.9,COOL
DVC-102,2026-06-06 10:30:00,24.32,24.0,32.72,1,1328.3,COOL
DVC-104,2026-06-13 22:15:00,23.5,26.0,28.63,0,40.0,OFF
DVC-102,2026-06-07 23:45:00,26.12,26.0,27.2,0,31.7,OFF
DVC-104,2026-06-08 06:30:00,26.63,26.0,27.78,0,60.9,OFF
DVC-104,2026-06-12 22:45:00,23.5,26.0,29.55,0,37.1,OFF
DVC-102,2026-06-12 15:15:00,24.09,24.0,36.64,1,1299.6,COOL
DVC-102,2026-06-06 19:30:00,24.53,24.0,33.75,0,44.5,FAN
DVC-101,2026-06-12 09:15:00,25.75,24.0,31.5,1,1159.7,COOL
DVC-104,2026-06-11 04:30:00,23.5,26.0,25.3,0,33.5,OFF
DVC-102,2026-06-11 14:45:00,24.69,24.0,36.99,0,54.1,FAN
DVC-105,2026-06-06 15:45:00,24.19,24.0,37.16,1,1258.2,COOL
DVC-104,2026-06-05 04:15:00,25.59,26.0,24.84,0,49.0,OFF
DVC-102,2026-06-04 20:00:00,24.24,24.0,33.51,1,1468.9,COOL
DVC-105,2026-06-01 00:00:00,26.86,26.0,26.49,0,46.4,OFF
DVC-102,2026-06-09 15:30:00,24.53,24.0,36.83,0,45.9,FAN
DVC-102,2026-06-01 21:00:00,24.59,26.0,31.47,0,48.6,FAN
DVC-103,2026-06-06 01:30:00,25.57,26.0,25.9,0,22.3,OFF
DVC-105,2026-06-11 01:45:00,26.39,26.0,24.76,0,54.3,OFF
DVC-101,2026-06-03 00:45:00,26.08,26.0,25.47,0,54.1,OFF
DVC-101,2026-06-03 04:00:00,25.41,26.0,24.68,0,37.2,OFF
DVC-103,2026-06-04 03:30:00,26.02,26.0,25.22,0,49.3,OFF
DVC-104,2026-06-09 15:00:00,23.5,24.0,37.85,1,1369.1,COOL
DVC-104,2026-06-05 09:15:00,25.55,24.0,30.74,1,1310.5,COOL
DVC-102,2026-06-13 10:30:00,24.46,24.0,32.87,1,1424.7,COOL
DVC-105,2026-06-01 23:45:00,26.31,26.0,27.58,0,54.4,OFF
DVC-105,2026-06-02 17:45:00,23.98,24.0,34.84,1,1427.8,COOL
DVC-102,2026-06-10 08:15:00,26.54,26.0,30.0,0,46.3,FAN
DVC-104,2026-06-03 21:00:00,24.44,26.0,31.15,0,44.0,FAN
DVC-102,2026-06-07 17:15:00,24.44,24.0,36.77,1,1448.3,COOL
DVC-104,2026-06-06 22:00:00,25.55,26.0,29.96,0,60.8,OFF
DVC-105,2026-06-07 23:30:00,26.45,26.0,27.39,0,30.2,OFF
DVC-101,2026-06-03 02:30:00,25.73,26.0,25.11,0,53.9,OFF
DVC-105,2026-06-06 14:30:00,24.03,24.0,35.79,1,1333.3,COOL
DVC-103,2026-06-08 19:45:00,24.19,24.0,33.66,1,1536.7,COOL
DVC-103,2026-06-04 09:45:00,25.52,24.0,32.25,1,1500.3,COOL
DVC-104,2026-06-02 05:30:00,26.27,26.0,27.03,0,34.6,OFF
DVC-102,2026-06-09 03:45:00,25.16,26.0,24.84,0,35.2,OFF
DVC-102,2026-06-12 08:30:00,26.39,26.0,30.08,1,1326.5,COOL
DVC-101,2026-06-09 18:30:00,24.7,24.0,35.7,0,37.4,FAN
DVC-101,2026-06-03 00:00:00,26.16,26.0,26.53,0,45.4,OFF
DVC-102,2026-06-08 13:30:00,24.09,24.0,35.81,1,1356.0,COOL
DVC-103,2026-06-05 06:30:00,26.17,26.0,27.55,0,37.0,OFF
DVC-104,2026-06-01 08:30:00,26.32,26.0,30.45,1,1393.7,COOL
DVC-103,2026-06-12 21:45:00,24.83,26.0,29.67,0,44.3,FAN
DVC-104,2026-06-14 13:15:00,23.5,24.0,35.36,1,1251.5,COOL
DVC-103,2026-06-07 01:45:00,25.44,26.0,25.21,0,35.5,OFF
DVC-104,2026-06-10 01:15:00,23.5,26.0,25.99,0,51.5,OFF
DVC-104,2026-06-09 20:45:00,23.5,24.0,31.24,0,47.0,FAN
DVC-105,2026-06-11 08:45:00,26.26,26.0,30.79,1,1312.7,COOL
DVC-101,2026-06-01 23:00:00,25.57,26.0,27.75,0,51.2,OFF
DVC-105,2026-06-06 13:15:00,24.77,24.0,36.58,0,50.9,FAN
DVC-103,2026-06-13 15:00:00,24.13,24.0,37.48,1,1346.7,COOL
DVC-101,2026-06-10 12:30:00,24.22,24.0,36.35,1,1275.6,COOL
DVC-105,2026-06-07 19:15:00,24.63,24.0,34.35,0,43.7,FAN
DVC-104,2026-06-04 20:15:00,24.42,24.0,32.03,0,60.3,FAN
DVC-105,2026-06-09 11:15:00,24.3,24.0,33.49,1,1498.8,COOL
DVC-104,2026-06-11 14:45:00,23.5,24.0,37.09,1,1281.0,COOL
DVC-102,2026-06-12 04:15:00,25.37,26.0,25.62,0,37.7,OFF
DVC-102,2026-06-13 11:15:00,24.31,24.0,34.86,1,1348.4,COOL
DVC-102,2026-06-05 02:15:00,25.84,26.0,25.02,0,39.9,OFF
DVC-102,2026-06-06 21:00:00,24.57,26.0,31.28,0,37.3,FAN
DVC-103,2026-06-10 09:45:00,25.25,24.0,31.92,1,1338.7,COOL
DVC-102,2026-06-05 13:15:00,24.94,24.0,36.04,0,43.4,FAN
DVC-102,2026-06-10 18:45:00,24.62,24.0,33.94,0,45.4,FAN
DVC-102,2026-06-11 23:15:00,26.11,26.0,28.41,0,49.5,OFF
DVC-104,2026-06-13 19:30:00,23.5,24.0,32.04,0,46.0,FAN
DVC-104,2026-06-06 22:45:00,26.28,26.0,29.47,0,52.1,OFF
DVC-102,2026-06-07 17:30:00,24.13,24.0,36.24,1,1249.6,COOL
DVC-103,2026-06-12 12:30:00,24.49,24.0,35.65,0,37.1,FAN
DVC-105,2026-06-08 22:15:00,25.64,26.0,29.12,0,41.9,OFF
DVC-102,2026-06-08 15:00:00,24.82,24.0,36.14,0,47.7,FAN
DVC-101,2026-06-13 08:30:00,26.36,26.0,30.03,0,42.2,FAN
DVC-103,2026-06-03 15:00:00,24.34,24.0,36.84,1,1384.0,COOL
DVC-103,2026-06-12 09:45:00,25.12,24.0,32.48,1,1418.4,COOL
DVC-102,2026-06-12 20:15:00,24.3,24.0,31.8,1,1292.2,COOL
DVC-103,2026-06-14 07:45:00,26.22,26.0,30.37,0,38.1,OFF
DVC-101,2026-06-09 04:15:00,25.39,26.0,25.47,0,63.9,OFF
DVC-103,2026-06-09 13:00:00,24.74,24.0,36.18,0,56.7,FAN
DVC-105,2026-06-01 02:30:00,26.67,26.0,25.46,0,38.4,OFF
DVC-104,2026-06-09 07:00:00,23.5,26.0,28.43,0,41.7,OFF
DVC-105,2026-06-14 03:30:00,26.33,26.0,25.12,0,48.2,OFF
DVC-101,2026-06-10 00:45:00,26.48,26.0,25.77,0,52.7,OFF
DVC-103,2026-06-03 06:45:00,25.83,26.0,27.69,0,75.6,OFF
DVC-105,2026-06-12 12:45:00,24.02,24.0,35.95,1,1358.4,COOL
DVC-102,2026-06-13 00:15:00,25.52,26.0,27.72,0,55.7,OFF
DVC-101,2026-06-10 04:30:00,26.31,26.0,24.79,0,55.5,OFF
DVC-102,2026-06-04 14:45:00,24.68,24.0,36.9,0,39.6,FAN
DVC-105,2026-06-02 04:15:00,25.8,26.0,26.8,0,42.8,OFF
DVC-105,2026-06-05 07:15:00,25.79,26.0,27.77,0,40.4,OFF
DVC-102,2026-06-02 16:30:00,24.08,24.0,37.96,1,1422.1,COOL
DVC-101,2026-06-13 06:15:00,25.66,26.0,27.13,0,44.1,OFF
DVC-101,2026-06-12 12:00:00,24.21,24.0,34.58,1,1272.1,COOL
DVC-104,2026-06-12 11:45:00,23.5,24.0,35.08,0,49.4,FAN
DVC-102,2026-06-06 00:45:00,26.26,26.0,25.59,0,43.8,OFF
DVC-101,2026-06-08 01:45:00,25.78,26.0,25.22,0,53.6,OFF
DVC-101,2026-06-04 09:30:00,25.47,24.0,30.84,1,1339.0,COOL
DVC-103,2026-06-04 03:45:00,25.78,26.0,24.61,0,39.7,OFF
DVC-105,2026-06-01 16:45:00,24.1,24.0,36.12,1,1463.9,COOL
DVC-105,2026-06-08 17:45:00,24.88,24.0,34.59,0,55.1,FAN
DVC-103,2026-06-05 12:15:00,24.05,24.0,34.74,1,1307.2,COOL
DVC-102,2026-06-02 22:45:00,25.95,26.0,29.02,0,27.2,OFF
DVC-105,2026-06-13 03:00:00,26.12,26.0,25.13,0,41.4,OFF
DVC-104,2026-06-03 23:45:00,26.0,26.0,27.33,0,61.0,OFF
DVC-104,2026-06-14 02:00:00,23.5,26.0,25.31,0,38.0,OFF
DVC-101,2026-06-08 19:30:00,24.42,24.0,33.3,1,3669.0,COOL
DVC-104,2026-06-07 04:30:00,26.12,26.0,25.8,0,55.0,OFF
DVC-104,2026-06-08 20:45:00,24.31,24.0,31.63,0,56.1,FAN
DVC-105,2026-06-08 16:15:00,24.54,24.0,36.96,1,1122.0,COOL
DVC-102,2026-06-06 13:00:00,24.34,24.0,36.41,1,1344.1,COOL
DVC-103,2026-06-09 08:30:00,26.11,26.0,28.76,1,1234.3,COOL
DVC-104,2026-06-13 07:00:00,23.5,26.0,27.79,0,53.3,OFF
DVC-105,2026-06-02 15:00:00,24.9,24.0,36.89,0,36.7,FAN
DVC-103,2026-06-02 22:15:00,25.23,26.0,29.34,0,62.4,OFF
DVC-104,2026-06-04 03:30:00,25.82,26.0,23.59,0,55.7,OFF
DVC-104,2026-06-09 10:00:00,23.5,24.0,32.52,1,1181.5,COOL
DVC-105,2026-06-02 13:15:00,24.36,24.0,36.13,0,46.1,FAN
DVC-102,2026-06-12 16:45:00,24.63,24.0,35.37,0,52.5,FAN
DVC-102,2026-06-05 07:45:00,26.0,26.0,28.82,0,43.3,OFF
DVC-105,2026-06-05 04:30:00,25.52,26.0,27.04,0,40.4,OFF
DVC-105,2026-06-02 14:30:00,24.45,24.0,38.6,1,1383.2,COOL
DVC-103,2026-06-07 04:00:00,25.54,26.0,25.6,0,33.3,OFF
DVC-105,2026-06-01 22:00:00,25.81,26.0,29.75,0,37.3,OFF
DVC-102,2026-06-10 14:15:00,24.16,24.0,36.73,1,1438.7,COOL
DVC-104,2026-06-08 22:30:00,25.49,26.0,29.19,0,40.4,OFF
DVC-105,2026-06-09 12:00:00,24.16,24.0,34.62,1,1190.3,COOL
DVC-104,2026-06-13 12:45:00,23.5,24.0,36.08,1,1239.4,COOL
DVC-105,2026-06-10 00:45:00,25.84,26.0,26.85,0,59.4,OFF
DVC-105,2026-06-11 19:30:00,24.1,24.0,33.16,1,1343.3,COOL
DVC-101,2026-06-05 12:45:00,24.61,24.0,35.63,0,36.3,FAN
DVC-102,2026-06-05 16:45:00,24.07,24.0,37.45,1,1311.4,COOL
DVC-105,2026-06-02 12:30:00,24.68,24.0,36.02,0,53.0,FAN
DVC-105,2026-06-03 13:45:00,24.78,24.0,36.86,0,38.6,FAN
DVC-103,2026-06-14 14:15:00,24.65,24.0,37.84,0,46.0,FAN
DVC-104,2026-06-08 14:30:00,24.3,24.0,36.68,1,1434.5,COOL
DVC-105,2026-06-05 17:30:00,24.59,24.0,36.24,0,35.3,FAN
DVC-104,2026-06-07 08:30:00,26.23,26.0,29.73,1,1297.3,COOL
DVC-101,2026-06-13 23:15:00,26.06,26.0,27.71,0,42.4,OFF
DVC-101,2026-06-11 16:00:00,24.44,24.0,35.53,1,1289.9,COOL
DVC-101,2026-06-08 15:30:00,24.8,24.0,37.12,0,31.2,FAN
DVC-104,2026-06-10 18:00:00,23.5,24.0,34.88,1,1407.5,COOL
DVC-103,2026-06-09 12:00:00,24.21,24.0,35.52,1,1467.5,COOL
DVC-103,2026-06-07 02:15:00,25.59,26.0,25.22,0,41.7,OFF
DVC-103,2026-06-02 04:30:00,25.78,26.0,25.34,0,31.2,OFF
DVC-101,2026-06-11 02:00:00,25.51,26.0,25.76,0,33.7,OFF
DVC-102,2026-06-06 20:30:00,24.06,24.0,32.56,1,1429.5,COOL
DVC-103,2026-06-13 22:15:00,25.34,26.0,29.05,0,45.1,OFF
DVC-104,2026-06-07 07:45:00,27.17,26.0,28.46,0,39.7,OFF
DVC-102,2026-06-12 03:30:00,25.35,26.0,25.34,0,27.1,OFF
DVC-101,2026-06-09 03:30:00,25.45,26.0,26.13,0,45.4,OFF
DVC-102,2026-06-03 07:30:00,26.79,26.0,28.25,0,39.4,OFF
DVC-101,2026-06-10 08:15:00,26.39,26.0,29.31,0,38.8,FAN
DVC-104,2026-06-08 16:30:00,24.3,24.0,35.62,1,1277.6,COOL
DVC-103,2026-06-06 10:30:00,24.43,24.0,33.31,1,1424.5,COOL
DVC-103,2026-06-01 12:45:00,24.43,24.0,35.86,1,1130.7,COOL
DVC-104,2026-06-04 15:30:00,24.26,24.0,37.66,1,1142.7,COOL
DVC-104,2026-06-11 16:45:00,23.5,24.0,36.87,1,1217.1,COOL
DVC-105,2026-06-02 17:00:00,24.26,24.0,36.32,1,1311.1,COOL
DVC-102,2026-06-11 21:15:00,24.84,26.0,29.34,0,45.1,FAN
DVC-105,2026-06-14 23:15:00,26.09,26.0,26.52,0,50.4,OFF
DVC-103,2026-06-05 23:45:00,25.89,26.0,27.97,0,60.9,OFF
DVC-104,2026-06-01 07:45:00,27.19,26.0,29.11,0,46.3,OFF
DVC-103,2026-06-09 10:30:00,24.48,24.0,32.45,1,1430.8,COOL
DVC-101,2026-06-05 21:15:00,24.95,26.0,30.03,0,56.0,FAN
DVC-103,2026-06-03 01:30:00,25.89,26.0,26.34,0,38.5,OFF
DVC-102,2026-06-04 23:15:00,26.16,26.0,27.26,0,54.4,OFF
DVC-102,2026-06-10 10:15:00,24.87,24.0,33.65,1,1564.9,COOL
DVC-103,2026-06-04 18:15:00,24.62,24.0,35.02,0,31.5,FAN
DVC-102,2026-06-10 08:00:00,26.27,26.0,29.42,1,1423.4,COOL
DVC-103,2026-06-11 07:45:00,26.75,26.0,28.21,0,32.8,OFF
DVC-101,2026-06-09 14:30:00,24.49,24.0,36.97,1,1545.3,COOL
DVC-105,2026-06-01 14:15:00,24.03,24.0,36.01,1,1507.1,COOL
DVC-103,2026-06-06 11:00:00,24.51,24.0,33.57,0,55.2,FAN
DVC-101,2026-06-07 19:15:00,24.38,24.0,32.99,1,1384.9,COOL
DVC-101,2026-06-13 06:00:00,25.52,26.0,26.3,0,58.5,OFF
DVC-102,2026-06-10 12:45:00,24.26,24.0,36.14,1,1281.3,COOL
DVC-104,2026-06-14 06:15:00,23.5,26.0,28.0,0,58.0,OFF
DVC-104,2026-06-07 00:00:00,26.86,26.0,26.22,0,47.1,OFF
DVC-101,2026-06-03 18:30:00,24.14,24.0,34.75,1,1567.1,COOL
DVC-103,2026-06-01 15:15:00,24.6,24.0,37.41,0,61.2,FAN
DVC-103,2026-06-03 07:00:00,25.79,26.0,28.16,0,43.7,OFF
DVC-101,2026-06-10 06:00:00,26.35,26.0,25.26,0,52.5,OFF
DVC-102,2026-06-12 17:15:00,24.11,24.0,36.94,1,1347.9,COOL
DVC-105,2026-06-11 21:00:00,24.72,26.0,30.65,0,54.3,FAN
DVC-105,2026-06-03 19:15:00,24.67,24.0,32.77,1,1633.0,COOL
DVC-105,2026-06-08 14:45:00,24.58,24.0,36.85,0,40.8,FAN
DVC-104,2026-06-11 21:30:00,23.5,26.0,30.33,0,43.3,FAN
DVC-103,2026-06-01 21:00:00,24.2,26.0,30.59,0,40.8,FAN
DVC-105,2026-06-13 11:00:00,24.05,24.0,34.46,1,1438.8,COOL
DVC-101,2026-06-04 08:30:00,26.08,26.0,30.92,0,31.4,FAN
DVC-105,2026-06-12 07:45:00,26.63,26.0,27.59,0,36.7,OFF
DVC-102,2026-06-09 15:00:00,24.38,24.0,37.01,1,1270.6,COOL
DVC-103,2026-06-11 19:15:00,24.14,24.0,33.48,1,1599.4,COOL
DVC-102,2026-06-04 22:45:00,25.99,26.0,28.32,0,40.2,OFF
DVC-103,2026-06-14 23:45:00,25.79,26.0,27.28,0,42.3,OFF
DVC-101,2026-06-06 05:15:00,25.98,26.0,26.55,0,43.2,OFF
DVC-101,2026-06-11 21:30:00,25.33,26.0,29.89,0,59.0,FAN
DVC-105,2026-06-09 16:45:00,24.19,24.0,36.89,1,1272.1,COOL
DVC-101,2026-06-10 05:30:00,26.21,26.0,26.99,0,57.2,OFF
DVC-104,2026-06-10 15:15:00,23.5,24.0,36.15,1,1320.4,COOL
DVC-102,2026-06-03 17:00:00,24.57,24.0,34.67,0,44.5,FAN
DVC-103,2026-06-10 21:00:00,24.99,26.0,31.86,0,38.2,FAN
DVC-105,2026-06-06 05:15:00,25.65,26.0,25.39,0,51.2,OFF
DVC-102,2026-06-04 03:00:00,25.81,26.0,25.06,0,60.9,OFF
DVC-103,2026-06-07 00:45:00,25.58,26.0,25.35,0,43.9,OFF
DVC-102,2026-06-09 02:15:00,25.27,26.0,24.85,0,66.4,OFF
DVC-101,2026-06-08 00:45:00,25.76,26.0,26.22,0,44.4,OFF
DVC-102,2026-06-11 15:15:00,24.21,24.0,37.21,1,1535.7,COOL
DVC-101,2026-06-10 19:30:00,24.49,24.0,33.59,0,26.6,FAN
DVC-102,2026-06-07 02:30:00,26.03,26.0,25.83,0,56.5,OFF
DVC-103,2026-06-03 07:15:00,25.78,26.0,29.15,0,41.1,OFF
DVC-104,2026-06-10 16:45:00,23.5,24.0,37.29,1,1354.5,COOL
DVC-104,2026-06-04 19:15:00,24.35,24.0,33.76,1,1306.2,COOL
DVC-104,2026-06-01 07:15:00,27.1,26.0,27.38,0,47.4,OFF
DVC-101,2026-06-14 18:15:00,24.27,24.0,34.62,1,1387.5,COOL
DVC-105,2026-06-07 00:00:00,26.5,26.0,27.79,0,31.3,OFF
DVC-102,2026-06-07 02:15:00,26.07,26.0,24.48,0,42.1,OFF
DVC-101,2026-06-04 15:15:00,25.03,24.0,37.87,0,37.4,FAN
DVC-101,2026-06-10 17:00:00,24.23,24.0,36.9,1,1482.5,COOL
DVC-101,2026-06-12 14:00:00,24.67,24.0,36.1,1,1363.6,COOL
DVC-102,2026-06-05 05:30:00,25.57,26.0,25.41,0,41.9,OFF
DVC-105,2026-06-05 04:45:00,25.48,26.0,25.68,0,47.4,OFF
DVC-102,2026-06-14 15:00:00,24.13,24.0,37.34,1,1334.2,COOL
DVC-105,2026-06-06 11:45:00,24.5,24.0,34.6,0,35.4,FAN
DVC-101,2026-06-11 08:15:00,26.28,26.0,30.62,0,47.8,FAN
DVC-103,2026-06-02 18:15:00,24.24,24.0,34.18,1,1139.0,COOL
DVC-101,2026-06-10 19:15:00,24.29,24.0,34.19,1,1360.2,COOL
DVC-104,2026-06-10 13:45:00,23.5,24.0,36.03,1,1175.6,COOL
DVC-103,2026-06-11 10:45:00,24.11,24.0,33.91,1,1474.4,COOL
DVC-102,2026-06-14 02:00:00,25.97,26.0,24.92,0,43.0,OFF
DVC-102,2026-06-02 13:45:00,24.63,24.0,36.73,0,48.2,FAN
DVC-101,2026-06-01 04:15:00,25.96,26.0,24.74,0,59.7,OFF
DVC-104,2026-06-01 09:30:00,25.23,24.0,32.36,1,1420.3,COOL
DVC-105,2026-06-13 02:30:00,26.21,26.0,24.7,0,43.0,OFF
DVC-104,2026-06-13 09:45:00,23.5,24.0,31.49,1,1308.7,COOL
DVC-103,2026-06-12 23:30:00,25.63,26.0,27.17,0,59.1,OFF
DVC-105,2026-06-01 06:00:00,26.21,26.0,26.78,0,45.4,OFF
DVC-104,2026-06-12 03:15:00,23.5,26.0,25.0,0,49.8,OFF
DVC-103,2026-06-10 18:15:00,24.26,24.0,33.66,1,1488.3,COOL
DVC-104,2026-06-08 19:30:00,24.58,24.0,33.11,0,40.4,FAN
DVC-105,2026-06-14 20:00:00,24.59,24.0,32.68,0,30.4,FAN
DVC-102,2026-06-06 07:00:00,26.16,26.0,28.86,0,27.3,OFF
DVC-103,2026-06-12 01:00:00,25.78,26.0,26.06,0,44.4,OFF
DVC-103,2026-06-13 14:15:00,24.31,24.0,36.33,1,1145.6,COOL
DVC-104,2026-06-13 14:45:00,23.5,24.0,36.62,1,1571.9,COOL
DVC-102,2026-06-14 00:45:00,26.17,26.0,25.64,0,34.6,OFF
DVC-102,2026-06-11 18:00:00,0.0,24.0,34.8,1,1374.0,COOL
DVC-103,2026-06-10 07:00:00,25.51,26.0,28.81,0,56.7,OFF
DVC-102,2026-06-09 17:15:00,24.07,24.0,35.67,1,1301.3,COOL
DVC-104,2026-06-06 02:30:00,25.89,26.0,24.61,0,66.9,OFF
DVC-104,2026-06-09 21:45:00,23.5,26.0,28.41,0,52.6,FAN
DVC-103,2026-06-05 23:30:00,25.85,26.0,27.08,0,53.5,OFF
DVC-101,2026-06-02 17:15:00,24.46,24.0,35.45,1,1156.2,COOL
DVC-105,2026-06-03 00:00:00,25.8,26.0,25.73,0,34.1,OFF
DVC-103,2026-06-02 20:45:00,24.31,24.0,31.94,0,54.0,FAN
DVC-104,2026-06-01 02:45:00,26.52,26.0,23.72,0,42.0,OFF
DVC-101,2026-06-07 11:15:00,24.21,24.0,34.35,1,1359.9,COOL
DVC-104,2026-06-14 11:00:00,23.5,24.0,33.31,0,44.9,FAN
DVC-104,2026-06-04 15:45:00,85.0,24.0,36.46,0,58.1,FAN
DVC-103,2026-06-10 09:15:00,25.81,24.0,30.06,1,1245.3,COOL
DVC-104,2026-06-13 18:45:00,23.5,24.0,34.91,1,1610.0,COOL
DVC-104,2026-06-08 14:00:00,24.12,24.0,36.89,1,1349.6,COOL
DVC-104,2026-06-14 09:45:00,23.5,24.0,32.16,1,1217.9,COOL
DVC-105,2026-06-02 19:30:00,24.23,24.0,34.66,1,1412.7,COOL
DVC-102,2026-06-07 15:30:00,24.66,24.0,36.38,0,41.8,FAN
DVC-104,2026-06-08 17:30:00,24.56,24.0,35.36,0,37.4,FAN
DVC-103,2026-06-05 09:15:00,25.85,24.0,30.92,1,1198.8,COOL
DVC-104,2026-06-03 15:30:00,24.13,24.0,36.45,1,1578.6,COOL
DVC-102,2026-06-08 06:45:00,25.95,26.0,26.02,0,62.4,OFF
DVC-104,2026-06-02 19:00:00,24.58,24.0,34.66,0,57.4,FAN
DVC-104,2026-06-13 05:15:00,23.5,26.0,26.36,0,40.7,OFF
DVC-105,2026-06-14 18:30:00,24.34,24.0,35.47,1,1508.3,COOL
DVC-105,2026-06-07 08:45:00,26.48,26.0,31.86,0,48.2,FAN
DVC-101,2026-06-08 13:45:00,24.34,24.0,37.14,1,1281.3,COOL
DVC-101,2026-06-09 04:30:00,25.4,26.0,25.48,0,22.6,OFF
DVC-101,2026-06-02 03:00:00,25.45,26.0,25.5,0,46.4,OFF
DVC-104,2026-06-03 03:30:00,26.33,26.0,24.88,0,50.7,OFF
DVC-103,2026-06-02 21:00:00,24.4,26.0,30.75,0,37.0,FAN
DVC-105,2026-06-10 22:45:00,25.9,26.0,28.25,0,56.0,OFF
DVC-102,2026-06-14 14:00:00,24.36,24.0,37.77,1,1425.0,COOL
DVC-102,2026-06-08 18:00:00,24.4,24.0,35.46,1,982.5,COOL
DVC-101,2026-06-06 19:15:00,24.47,24.0,33.03,0,26.6,FAN
DVC-105,2026-06-07 18:45:00,24.42,24.0,33.78,1,1474.4,COOL
DVC-103,2026-06-13 23:00:00,25.61,26.0,28.0,0,48.9,OFF
DVC-105,2026-06-04 15:00:00,24.81,24.0,36.89,0,36.6,FAN
DVC-105,2026-06-01 23:15:00,26.31,26.0,27.8,0,41.2,OFF
DVC-105,2026-06-04 14:15:00,24.84,24.0,36.39,0,44.0,FAN
DVC-102,2026-06-13 07:45:00,26.02,26.0,28.08,0,61.2,OFF
DVC-103,2026-06-01 16:45:00,24.54,24.0,36.07,0,42.7,FAN
DVC-101,2026-06-11 09:00:00,25.92,24.0,31.46,1,1345.8,COOL
DVC-101,2026-06-01 00:45:00,26.93,26.0,26.58,0,50.6,OFF
DVC-101,2026-06-05 13:00:00,24.42,24.0,35.88,1,1351.4,COOL
DVC-105,2026-06-08 04:45:00,25.6,26.0,26.0,0,48.4,OFF
DVC-105,2026-06-10 17:30:00,24.49,24.0,35.58,1,1346.1,COOL
DVC-102,2026-06-02 15:30:00,24.25,24.0,36.48,1,1286.2,COOL
DVC-104,2026-06-11 05:30:00,23.5,26.0,25.76,0,61.8,OFF
DVC-102,2026-06-10 20:15:00,24.14,24.0,31.92,1,1289.8,COOL
DVC-103,2026-06-05 11:30:00,24.14,24.0,33.67,1,1068.3,COOL
DVC-102,2026-06-06 06:30:00,25.96,26.0,27.46,0,40.5,OFF
DVC-101,2026-06-14 13:15:00,24.08,24.0,35.13,1,1406.4,COOL
DVC-102,2026-06-02 19:00:00,24.44,24.0,33.4,1,1370.0,COOL
DVC-104,2026-06-11 12:15:00,23.5,24.0,36.06,1,1370.6,COOL
DVC-103,2026-06-13 15:15:00,24.58,24.0,36.02,0,49.3,FAN
DVC-105,2026-06-05 06:45:00,25.79,26.0,28.24,0,49.8,OFF
DVC-101,2026-06-02 04:00:00,25.17,26.0,24.85,0,29.1,OFF
DVC-102,2026-06-10 04:45:00,25.73,26.0,26.88,0,50.2,OFF
DVC-103,2026-06-11 19:00:00,24.43,24.0,33.84,1,1110.6,COOL
DVC-105,2026-06-02 11:00:00,24.33,24.0,33.44,0,34.8,FAN
DVC-104,2026-06-03 10:00:00,24.66,24.0,33.27,1,1357.8,COOL
DVC-101,2026-06-10 17:30:00,24.62,24.0,35.95,1,1388.5,COOL
DVC-104,2026-06-03 21:45:00,25.34,26.0,30.61,0,45.1,FAN
DVC-102,2026-06-01 07:15:00,26.72,26.0,28.88,0,52.2,OFF
DVC-104,2026-06-14 11:15:00,23.5,24.0,33.3,1,1290.8,COOL
DVC-105,2026-06-09 19:15:00,24.29,24.0,33.66,1,1272.6,COOL
DVC-103,2026-06-11 13:00:00,24.17,24.0,35.75,1,1226.4,COOL
DVC-101,2026-06-05 15:45:00,24.37,24.0,36.69,1,1241.7,COOL
DVC-104,2026-06-03 14:15:00,24.65,24.0,36.97,0,36.7,FAN
DVC-105,2026-06-07 00:45:00,26.47,26.0,25.29,0,53.3,OFF
DVC-105,2026-06-04 11:30:00,24.41,24.0,35.99,1,1531.7,COOL
DVC-102,2026-06-07 15:45:00,24.38,24.0,35.91,1,1439.8,COOL
DVC-105,2026-06-08 18:30:00,24.56,24.0,35.31,0,43.9,FAN
DVC-101,2026-06-10 07:15:00,26.52,26.0,28.37,0,50.6,OFF
DVC-101,2026-06-14 04:15:00,25.27,26.0,25.25,0,34.1,OFF
DVC-101,2026-06-12 15:15:00,24.35,24.0,36.77,1,1444.2,COOL
DVC-104,2026-06-14 01:15:00,23.5,26.0,25.57,0,43.1,OFF
DVC-101,2026-06-10 21:15:00,24.66,26.0,28.42,0,52.4,FAN
DVC-105,2026-06-10 05:45:00,25.63,26.0,26.1,0,45.9,OFF
DVC-104,2026-06-09 16:00:00,23.5,24.0,36.44,1,1473.3,COOL
DVC-105,2026-06-07 01:00:00,26.33,26.0,25.78,0,47.4,OFF
DVC-102,2026-06-01 13:15:00,24.3,24.0,35.65,1,1406.8,COOL
DVC-101,2026-06-09 20:45:00,24.55,24.0,31.1,0,43.8,FAN
DVC-101,2026-06-03 01:30:00,25.79,26.0,25.45,0,59.8,OFF
DVC-105,2026-06-10 00:30:00,25.73,26.0,25.8,0,44.5,OFF
DVC-105,2026-06-14 07:45:00,27.01,26.0,29.77,0,47.8,OFF
DVC-102,2026-06-09 11:15:00,24.42,24.0,33.36,0,49.0,FAN
DVC-105,2026-06-03 19:45:00,24.17,24.0,33.28,1,1350.0,COOL
DVC-104,2026-06-10 12:15:00,23.5,24.0,34.12,1,1285.0,COOL
DVC-101,2026-06-01 08:30:00,25.96,26.0,30.59,1,1501.3,COOL
DVC-104,2026-06-11 10:45:00,23.5,24.0,33.36,0,41.3,FAN
DVC-103,2026-06-11 12:30:00,24.07,24.0,35.48,1,1405.5,COOL
DVC-101,2026-06-11 04:45:00,25.18,26.0,25.89,0,44.4,OFF
DVC-102,2026-06-13 08:15:00,26.31,26.0,28.95,0,34.2,FAN
DVC-102,2026-06-13 12:45:00,24.91,24.0,36.6,0,44.6,FAN
DVC-101,2026-06-02 10:00:00,24.72,24.0,32.74,1,1136.8,COOL
DVC-104,2026-06-14 18:15:00,23.5,24.0,33.64,1,1353.2,COOL
DVC-102,2026-06-14 12:45:00,24.36,24.0,36.41,1,1390.2,COOL
DVC-104,2026-06-11 11:45:00,23.5,24.0,34.92,1,1213.7,COOL
DVC-104,2026-06-07 11:15:00,23.93,24.0,34.11,1,1422.1,COOL
DVC-105,2026-06-08 07:30:00,26.13,26.0,28.75,0,30.1,OFF
DVC-104,2026-06-06 09:30:00,25.31,24.0,32.11,1,1334.6,COOL
DVC-103,2026-06-02 01:30:00,25.51,26.0,25.31,0,40.9,OFF
DVC-103,2026-06-11 01:45:00,25.92,26.0,25.1,0,49.6,OFF
DVC-103,2026-06-08 18:30:00,24.32,24.0,35.56,1,1192.4,COOL
DVC-104,2026-06-09 13:15:00,23.5,24.0,37.31,1,1493.7,COOL
DVC-105,2026-06-04 00:45:00,26.14,26.0,26.34,0,51.4,OFF
DVC-105,2026-06-05 11:30:00,24.16,24.0,34.07,1,1391.0,COOL
DVC-102,2026-06-02 12:45:00,24.19,24.0,35.93,1,1350.9,COOL
DVC-105,2026-06-10 19:45:00,24.51,24.0,32.92,0,49.5,FAN
DVC-104,2026-06-08 01:45:00,27.08,26.0,25.1,0,38.7,OFF
DVC-102,2026-06-07 04:15:00,26.05,26.0,24.99,0,44.7,OFF
DVC-104,2026-06-11 22:00:00,23.5,26.0,28.36,0,59.8,OFF
DVC-103,2026-06-06 14:30:00,24.1,24.0,36.23,1,1405.1,COOL
DVC-105,2026-06-13 18:15:00,24.83,24.0,35.64,0,36.8,FAN
DVC-103,2026-06-06 23:15:00,25.63,26.0,27.7,0,56.2,OFF
DVC-101,2026-06-05 05:00:00,26.2,26.0,26.12,0,36.5,OFF
DVC-103,2026-06-09 06:15:00,25.45,26.0,26.14,0,53.5,OFF
DVC-104,2026-06-11 02:45:00,23.5,26.0,24.76,0,64.2,OFF
DVC-102,2026-06-11 17:45:00,24.73,24.0,36.17,0,43.5,FAN
DVC-105,2026-06-14 04:30:00,26.27,26.0,25.09,0,46.2,OFF
DVC-103,2026-06-13 11:30:00,24.21,24.0,35.12,1,1339.1,COOL
DVC-101,2026-06-07 07:15:00,26.34,26.0,28.67,0,48.9,OFF
DVC-101,2026-06-12 16:45:00,24.33,24.0,36.24,1,1342.6,COOL
DVC-101,2026-06-11 18:30:00,24.47,24.0,34.34,0,61.7,FAN
DVC-101,2026-06-04 16:15:00,24.72,24.0,37.17,0,32.8,FAN
DVC-102,2026-06-02 15:00:00,24.75,24.0,37.2,0,28.5,FAN
DVC-101,2026-06-09 21:30:00,25.26,26.0,30.38,0,50.2,FAN
DVC-104,2026-06-03 05:30:00,26.51,26.0,25.71,0,35.4,OFF
DVC-101,2026-06-10 02:30:00,25.95,26.0,23.92,0,35.9,OFF
DVC-103,2026-06-03 09:15:00,25.43,24.0,32.07,1,1439.7,COOL
DVC-103,2026-06-02 11:45:00,24.19,24.0,35.35,1,1697.9,COOL
DVC-105,2026-06-12 00:45:00,25.73,26.0,26.02,0,29.4,OFF
DVC-105,2026-06-09 08:30:00,26.56,26.0,30.85,0,49.9,FAN
DVC-105,2026-06-02 16:00:00,24.74,24.0,37.35,0,52.1,FAN
DVC-101,2026-06-06 02:15:00,26.24,26.0,25.51,0,56.4,OFF
DVC-103,2026-06-11 18:30:00,24.18,24.0,34.24,1,1199.3,COOL
DVC-102,2026-06-12 06:30:00,25.63,26.0,27.27,0,49.8,OFF
DVC-101,2026-06-13 16:45:00,24.77,24.0,37.18,0,55.9,FAN
DVC-105,2026-06-11 10:15:00,24.77,24.0,33.6,1,1246.4,COOL
DVC-104,2026-06-03 09:15:00,25.52,24.0,32.5,1,1423.7,COOL
DVC-104,2026-06-12 01:00:00,23.5,26.0,26.12,0,38.0,OFF
DVC-105,2026-06-13 06:30:00,26.51,26.0,27.52,0,48.5,OFF
DVC-103,2026-06-07 05:00:00,25.56,26.0,26.84,0,57.8,OFF
DVC-102,2026-06-05 08:15:00,26.33,26.0,28.99,0,40.4,FAN
DVC-103,2026-06-09 01:30:00,26.45,26.0,24.56,0,40.9,OFF
DVC-104,2026-06-04 14:00:00,24.47,24.0,36.86,1,1464.8,COOL
DVC-101,2026-06-07 08:00:00,26.26,26.0,28.44,1,1393.1,COOL
DVC-102,2026-06-13 14:00:00,24.43,24.0,36.61,1,1216.9,COOL
DVC-104,2026-06-09 00:45:00,23.5,26.0,26.41,0,37.5,OFF
DVC-104,2026-06-04 23:45:00,25.73,26.0,27.46,0,54.3,OFF
DVC-101,2026-06-07 11:45:00,24.46,24.0,34.58,1,1250.0,COOL
DVC-104,2026-06-13 23:15:00,23.5,26.0,27.81,0,73.0,OFF
DVC-102,2026-06-04 03:15:00,25.74,26.0,24.12,0,64.1,OFF
DVC-103,2026-06-13 06:45:00,25.41,26.0,27.53,0,42.6,OFF
DVC-103,2026-06-09 21:45:00,25.36,26.0,31.1,0,40.4,FAN
DVC-104,2026-06-01 05:15:00,26.6,26.0,25.62,0,49.3,OFF
DVC-103,2026-06-10 01:15:00,26.31,26.0,26.26,0,30.9,OFF
DVC-102,2026-06-06 06:15:00,25.68,26.0,26.9,0,51.2,OFF
DVC-103,2026-06-01 19:00:00,24.09,24.0,34.55,1,1350.1,COOL
DVC-101,2026-06-04 03:45:00,24.74,26.0,24.92,0,47.5,OFF
DVC-101,2026-06-11 20:00:00,24.05,24.0,31.98,1,1497.4,COOL
DVC-105,2026-06-03 23:45:00,25.93,26.0,26.7,0,52.5,OFF
DVC-104,2026-06-06 05:45:00,25.71,26.0,26.53,0,44.4,OFF
DVC-101,2026-06-12 22:00:00,25.46,26.0,29.46,0,65.2,OFF
DVC-102,2026-06-01 16:45:00,24.19,24.0,36.12,1,1290.8,COOL
DVC-101,2026-06-12 19:45:00,24.3,24.0,33.7,0,59.7,FAN
DVC-101,2026-06-11 10:15:00,24.85,24.0,32.49,1,1441.7,COOL
DVC-104,2026-06-03 19:15:00,24.76,24.0,34.19,0,59.5,FAN
DVC-101,2026-06-12 02:30:00,26.25,26.0,24.41,0,42.0,OFF
DVC-103,2026-06-13 21:30:00,24.81,26.0,29.15,0,37.6,FAN
DVC-102,2026-06-08 04:15:00,25.45,26.0,25.57,0,39.1,OFF
DVC-101,2026-06-06 20:45:00,24.51,24.0,30.93,0,40.4,FAN
DVC-103,2026-06-12 04:00:00,25.85,26.0,23.29,0,44.9,OFF
DVC-105,2026-06-13 17:15:00,24.46,24.0,36.25,1,1272.6,COOL
DVC-103,2026-06-05 07:00:00,26.26,26.0,27.66,0,43.4,OFF
DVC-105,2026-06-02 10:30:00,24.36,24.0,34.24,1,1475.9,COOL
DVC-101,2026-06-11 10:00:00,25.19,24.0,32.52,1,1154.6,COOL
DVC-103,2026-06-08 21:45:00,25.25,26.0,30.51,0,42.4,FAN
DVC-102,2026-06-13 23:15:00,25.96,26.0,26.76,0,50.9,OFF
DVC-103,2026-06-04 23:15:00,26.12,26.0,27.69,0,71.2,OFF
DVC-104,2026-06-11 00:45:00,23.5,26.0,27.38,0,31.1,OFF
DVC-104,2026-06-04 04:45:00,25.98,26.0,25.43,0,45.2,OFF
DVC-103,2026-06-04 11:00:00,24.54,24.0,33.72,0,44.0,FAN
DVC-101,2026-06-13 23:45:00,26.2,26.0,25.96,0,33.7,OFF
DVC-105,2026-06-09 13:00:00,24.76,24.0,36.47,0,47.1,FAN
DVC-102,2026-06-10 11:00:00,24.11,24.0,34.63,1,1516.3,COOL
DVC-104,2026-06-05 10:30:00,24.13,24.0,33.85,1,1401.3,COOL
DVC-101,2026-06-07 21:30:00,25.01,26.0,29.68,0,41.0,FAN
DVC-101,2026-06-14 20:45:00,24.35,24.0,30.75,0,55.1,FAN
DVC-102,2026-06-08 16:30:00,24.33,24.0,36.22,1,1391.7,COOL
DVC-101,2026-06-07 18:15:00,24.02,24.0,34.72,1,1420.6,COOL
DVC-103,2026-06-05 00:15:00,26.35,26.0,26.54,0,55.3,OFF
DVC-103,2026-06-01 14:45:00,24.57,24.0,36.96,0,44.7,FAN
DVC-101,2026-06-05 22:00:00,25.79,26.0,29.28,0,54.7,OFF
DVC-102,2026-06-06 11:30:00,24.57,24.0,35.4,0,35.0,FAN
DVC-103,2026-06-11 23:00:00,25.58,26.0,28.65,0,54.1,OFF
DVC-101,2026-06-01 02:00:00,26.53,26.0,25.19,0,54.2,OFF
DVC-105,2026-06-05 02:30:00,25.16,26.0,25.67,0,65.1,OFF
DVC-105,2026-06-06 16:45:00,24.62,24.0,36.69,0,54.1,FAN
DVC-103,2026-06-12 06:30:00,26.18,26.0,27.33,0,63.2,OFF
DVC-104,2026-06-11 21:45:00,23.5,26.0,29.28,0,58.5,FAN
DVC-102,2026-06-13 05:45:00,25.44,26.0,26.53,0,36.0,OFF
DVC-105,2026-06-07 14:30:00,24.82,24.0,37.11,0,45.4,FAN
DVC-102,2026-06-13 14:45:00,24.44,24.0,36.66,1,1327.2,COOL
DVC-102,2026-06-05 19:00:00,24.27,24.0,33.97,0,50.6,FAN
DVC-104,2026-06-06 14:15:00,24.18,24.0,36.4,1,1583.5,COOL
DVC-104,2026-06-02 03:00:00,25.99,26.0,24.53,0,40.4,OFF
DVC-101,2026-06-05 00:45:00,26.03,26.0,26.33,0,47.2,OFF
DVC-101,2026-06-05 01:45:00,25.98,26.0,25.35,0,67.1,OFF
DVC-104,2026-06-12 21:45:00,23.5,26.0,29.62,0,49.2,FAN
DVC-102,2026-06-13 15:30:00,24.11,24.0,36.81,1,1421.6,COOL
DVC-101,2026-06-14 18:30:00,24.66,24.0,34.64,0,52.4,FAN
DVC-105,2026-06-07 19:00:00,24.22,24.0,34.16,1,1077.0,COOL
DVC-104,2026-06-03 22:00:00,25.46,26.0,29.01,0,36.4,OFF
DVC-103,2026-06-11 05:15:00,25.66,26.0,26.33,0,42.9,OFF
DVC-105,2026-06-08 17:00:00,24.76,24.0,36.03,0,54.8,FAN
DVC-105,2026-06-11 22:15:00,25.5,26.0,30.48,0,48.9,OFF
DVC-102,2026-06-07 01:00:00,26.23,26.0,25.83,0,55.7,OFF
DVC-105,2026-06-11 22:45:00,25.73,26.0,28.71,0,54.2,OFF
DVC-103,2026-06-11 22:15:00,24.92,26.0,28.74,0,50.1,OFF
DVC-105,2026-06-04 01:45:00,26.27,26.0,25.79,0,33.7,OFF
DVC-105,2026-06-10 16:30:00,24.36,24.0,36.77,1,1353.5,COOL
DVC-101,2026-06-12 17:00:00,24.03,24.0,36.09,1,1593.9,COOL
DVC-101,2026-06-04 11:00:00,24.75,24.0,33.58,0,51.3,FAN
DVC-101,2026-06-04 20:45:00,24.1,24.0,32.19,1,1338.6,COOL
DVC-102,2026-06-06 11:45:00,24.18,24.0,35.04,1,1158.3,COOL
DVC-104,2026-06-01 10:00:00,24.62,24.0,32.54,1,1463.3,COOL
DVC-102,2026-06-03 14:15:00,24.61,24.0,36.12,0,34.6,FAN
DVC-101,2026-06-06 13:15:00,24.48,24.0,36.65,0,36.0,FAN
DVC-102,2026-06-01 13:00:00,24.68,24.0,37.05,0,42.0,FAN
DVC-104,2026-06-14 12:15:00,23.5,24.0,34.79,0,49.7,FAN
DVC-103,2026-06-13 17:15:00,24.65,24.0,34.77,0,44.3,FAN
DVC-103,2026-06-12 20:45:00,23.98,24.0,30.93,1,1412.5,COOL
DVC-102,2026-06-14 04:15:00,25.25,26.0,24.75,0,51.2,OFF
DVC-105,2026-06-01 02:15:00,26.75,26.0,24.83,0,40.6,OFF
DVC-105,2026-06-01 21:15:00,25.37,26.0,30.75,0,44.9,FAN
DVC-105,2026-06-09 23:15:00,25.38,26.0,28.61,0,59.9,OFF
DVC-103,2026-06-03 05:15:00,25.62,26.0,26.13,0,46.2,OFF
DVC-104,2026-06-10 18:30:00,23.5,24.0,34.53,0,59.1,FAN
DVC-105,2026-06-05 08:30:00,26.23,26.0,29.84,0,42.5,FAN
DVC-101,2026-06-02 14:15:00,24.02,24.0,36.59,1,1502.7,COOL
DVC-104,2026-06-04 06:00:00,26.0,26.0,27.08,0,49.8,OFF
DVC-104,2026-06-07 05:00:00,26.09,26.0,26.21,0,39.4,OFF
DVC-101,2026-06-09 06:15:00,25.48,26.0,27.28,0,47.8,OFF
DVC-105,2026-06-09 01:30:00,26.6,26.0,24.56,0,65.8,OFF
DVC-101,2026-06-02 07:45:00,25.84,26.0,28.36,0,34.3,OFF
DVC-102,2026-06-03 13:30:00,24.6,24.0,36.75,0,52.8,FAN
DVC-101,2026-06-14 12:15:00,24.41,24.0,35.11,1,1259.3,COOL
DVC-103,2026-06-06 12:00:00,24.62,24.0,34.64,0,51.2,FAN
DVC-102,2026-06-08 20:45:00,24.27,24.0,30.88,0,55.9,FAN
DVC-101,2026-06-11 10:30:00,24.48,24.0,33.05,1,1443.9,COOL
DVC-101,2026-06-01 06:15:00,25.79,26.0,26.83,0,63.6,OFF
DVC-104,2026-06-02 22:00:00,25.85,26.0,29.31,0,55.2,OFF
DVC-104,2026-06-06 01:30:00,26.18,26.0,24.96,0,50.5,OFF
DVC-101,2026-06-08 04:30:00,25.38,26.0,25.65,0,27.7,OFF
DVC-103,2026-06-01 00:45:00,27.2,26.0,26.67,0,70.7,OFF
DVC-102,2026-06-09 22:45:00,26.03,26.0,28.02,0,41.7,OFF
DVC-104,2026-06-01 00:15:00,26.87,26.0,25.8,0,48.8,OFF
DVC-101,2026-06-10 09:45:00,25.56,24.0,33.12,1,1394.7,COOL
DVC-105,2026-06-09 04:15:00,25.76,26.0,26.1,0,38.6,OFF
DVC-104,2026-06-09 02:45:00,23.5,26.0,24.88,0,51.9,OFF
DVC-101,2026-06-02 20:15:00,24.35,24.0,32.27,1,1374.4,COOL
DVC-103,2026-06-11 08:30:00,26.2,26.0,29.88,0,30.2,FAN
DVC-104,2026-06-08 05:30:00,26.1,26.0,25.68,0,35.7,OFF
DVC-105,2026-06-10 18:30:00,24.12,24.0,35.08,1,1312.1,COOL
DVC-104,2026-06-03 18:00:00,24.57,24.0,35.58,0,43.6,FAN
DVC-104,2026-06-13 21:15:00,23.5,26.0,29.43,0,47.8,FAN
DVC-105,2026-06-05 15:00:00,24.37,24.0,38.3,1,1367.6,COOL
DVC-104,2026-06-09 02:30:00,23.5,26.0,24.71,0,39.5,OFF
DVC-102,2026-06-11 07:45:00,25.92,26.0,28.22,0,51.7,OFF
DVC-102,2026-06-07 10:15:00,24.36,24.0,32.65,1,1276.7,COOL
DVC-101,2026-06-05 08:45:00,26.38,26.0,31.42,0,26.4,FAN
DVC-103,2026-06-14 00:00:00,25.95,26.0,25.78,0,41.9,OFF
DVC-102,2026-06-09 06:45:00,25.63,26.0,28.8,0,52.7,OFF
DVC-104,2026-06-14 18:00:00,23.5,24.0,35.36,0,39.6,FAN
DVC-103,2026-06-01 10:30:00,24.17,24.0,33.66,1,1269.4,COOL
DVC-103,2026-06-06 21:45:00,25.04,26.0,29.53,0,33.2,FAN
DVC-102,2026-06-05 03:00:00,25.74,26.0,25.19,0,33.2,OFF
DVC-104,2026-06-10 12:45:00,23.5,24.0,36.7,1,1321.3,COOL
DVC-102,2026-06-14 00:15:00,26.3,26.0,27.01,0,45.1,OFF
DVC-101,2026-06-11 08:00:00,26.0,26.0,30.52,1,1443.5,COOL
DVC-103,2026-06-04 17:15:00,24.9,24.0,35.75,0,39.4,FAN
DVC-104,2026-06-03 21:30:00,25.06,26.0,29.98,0,38.0,FAN
DVC-103,2026-06-11 11:00:00,24.53,24.0,33.56,0,31.3,FAN
DVC-101,2026-06-08 06:15:00,25.13,26.0,26.47,0,35.6,OFF
DVC-105,2026-06-12 17:30:00,24.62,24.0,35.4,0,36.6,FAN
DVC-102,2026-06-04 23:45:00,26.11,26.0,26.99,0,52.8,OFF
DVC-104,2026-06-13 11:15:00,23.5,24.0,33.8,1,1227.7,COOL
DVC-104,2026-06-07 04:00:00,26.16,26.0,25.03,0,40.8,OFF
DVC-104,2026-06-01 13:30:00,24.21,24.0,36.71,1,1355.2,COOL
DVC-104,2026-06-05 06:30:00,25.46,26.0,27.07,0,42.7,OFF
DVC-104,2026-06-01 17:00:00,24.23,24.0,36.22,1,1207.9,COOL
DVC-105,2026-06-03 11:30:00,24.65,24.0,35.74,0,47.1,FAN
DVC-104,2026-06-10 14:30:00,23.5,24.0,37.88,1,1557.7,COOL
DVC-105,2026-06-12 17:45:00,24.46,24.0,34.96,1,1478.7,COOL
DVC-103,2026-06-14 05:15:00,25.88,26.0,26.45,0,44.3,OFF
DVC-104,2026-06-09 23:00:00,23.5,26.0,27.61,0,48.4,OFF
DVC-104,2026-06-07 07:00:00,26.81,26.0,27.83,0,44.4,OFF
DVC-101,2026-06-11 22:15:00,25.59,26.0,29.33,0,46.0,OFF
DVC-104,2026-06-13 16:30:00,23.5,24.0,37.18,1,1286.5,COOL
DVC-103,2026-06-09 04:15:00,25.42,26.0,24.31,0,45.7,OFF
DVC-101,2026-06-05 03:45:00,26.16,26.0,24.69,0,72.0,OFF
DVC-105,2026-06-14 08:15:00,26.47,26.0,29.46,1,1401.7,COOL
DVC-102,2026-06-03 23:45:00,25.99,26.0,27.25,0,33.8,OFF
DVC-104,2026-06-05 08:30:00,25.98,26.0,30.72,0,36.6,FAN
DVC-101,2026-06-12 18:15:00,24.16,24.0,33.7,1,1649.1,COOL
DVC-104,2026-06-14 21:00:00,23.5,26.0,30.78,0,44.9,FAN
DVC-102,2026-06-08 19:30:00,24.49,24.0,31.71,0,44.9,FAN
DVC-105,2026-06-09 21:00:00,24.28,26.0,30.91,0,54.2,FAN
DVC-105,2026-06-11 11:00:00,24.55,24.0,33.14,0,37.9,FAN
DVC-105,2026-06-13 19:15:00,24.33,24.0,33.95,1,1281.8,COOL
DVC-101,2026-06-08 12:15:00,24.74,24.0,36.19,0,48.8,FAN
DVC-102,2026-06-01 20:45:00,24.28,24.0,31.18,1,1344.8,COOL
DVC-104,2026-06-07 02:15:00,26.25,26.0,24.92,0,56.8,OFF
DVC-101,2026-06-02 00:00:00,26.12,26.0,25.96,0,28.1,OFF
DVC-102,2026-06-14 10:30:00,24.04,24.0,32.68,1,1442.2,COOL
DVC-103,2026-06-09 04:45:00,25.6,26.0,24.92,0,56.3,OFF
DVC-104,2026-06-03 21:15:00,24.8,26.0,30.5,0,65.1,FAN
DVC-101,2026-06-13 01:00:00,26.38,26.0,25.8,0,45.5,OFF
DVC-101,2026-06-06 20:30:00,24.24,24.0,31.81,1,1429.4,COOL
DVC-104,2026-06-05 02:00:00,25.86,26.0,25.1,0,50.2,OFF
DVC-105,2026-06-11 19:45:00,24.46,24.0,32.14,0,32.4,FAN
DVC-101,2026-06-14 19:15:00,24.47,24.0,34.23,0,36.9,FAN
DVC-104,2026-06-10 08:30:00,23.5,26.0,30.13,0,58.6,FAN
DVC-101,2026-06-06 22:00:00,25.6,26.0,29.78,0,63.2,OFF
DVC-105,2026-06-10 15:15:00,24.73,24.0,37.43,0,50.7,FAN
DVC-104,2026-06-03 14:00:00,24.15,24.0,36.56,1,1343.1,COOL
DVC-105,2026-06-08 19:30:00,24.15,24.0,33.24,1,1292.7,COOL
DVC-104,2026-06-11 01:15:00,23.5,26.0,24.92,0,41.4,OFF
DVC-104,2026-06-08 09:15:00,25.8,24.0,30.25,1,1272.9,COOL
DVC-102,2026-06-07 22:00:00,25.08,26.0,29.02,0,59.9,OFF
DVC-101,2026-06-12 00:00:00,26.13,26.0,26.85,0,52.0,OFF
DVC-105,2026-06-14 05:30:00,26.23,26.0,25.73,0,53.7,OFF
DVC-103,2026-06-03 06:00:00,25.78,26.0,26.91,0,34.3,OFF
DVC-101,2026-06-10 22:30:00,25.64,26.0,28.28,0,31.5,OFF
DVC-105,2026-06-06 15:15:00,24.7,24.0,36.72,0,46.7,FAN
DVC-102,2026-06-10 06:45:00,25.99,26.0,27.88,0,53.4,OFF
DVC-103,2026-06-01 11:00:00,24.37,24.0,33.76,1,1658.9,COOL
DVC-105,2026-06-07 15:15:00,24.89,24.0,37.22,0,54.8,FAN
DVC-103,2026-06-04 13:00:00,24.13,24.0,36.4,1,1432.7,COOL
DVC-105,2026-06-05 20:15:00,24.45,24.0,32.91,1,1419.5,COOL
DVC-103,2026-06-14 01:45:00,26.09,26.0,25.25,0,66.5,OFF
DVC-102,2026-06-02 09:45:00,24.98,24.0,32.39,1,1349.0,COOL
DVC-104,2026-06-05 23:45:00,26.15,26.0,27.02,0,40.0,OFF
DVC-105,2026-06-05 14:15:00,24.39,24.0,36.57,1,1318.5,COOL
DVC-105,2026-06-12 23:00:00,25.93,26.0,28.8,0,25.2,OFF
DVC-104,2026-06-12 20:30:00,23.5,24.0,32.14,0,50.7,FAN
DVC-105,2026-06-02 07:30:00,27.01,26.0,28.11,0,31.1,OFF
DVC-104,2026-06-07 21:15:00,24.66,26.0,29.93,0,45.2,FAN
DVC-103,2026-06-10 06:30:00,25.43,26.0,27.98,0,54.3,OFF
DVC-104,2026-06-12 18:45:00,23.5,24.0,35.04,1,1459.2,COOL
DVC-105,2026-06-12 05:15:00,25.68,26.0,26.25,0,29.4,OFF
DVC-105,2026-06-06 23:15:00,26.47,26.0,27.09,0,31.5,OFF
DVC-101,2026-06-03 19:15:00,24.21,24.0,33.65,1,1362.2,COOL
DVC-105,2026-06-03 16:45:00,24.24,24.0,35.73,1,1244.4,COOL
DVC-105,2026-06-13 01:45:00,26.29,26.0,24.83,0,52.1,OFF
DVC-104,2026-06-09 09:30:00,23.5,24.0,32.93,1,1399.5,COOL
DVC-104,2026-06-08 01:15:00,27.01,26.0,25.18,0,34.8,OFF
DVC-104,2026-06-05 22:30:00,25.85,26.0,29.35,0,49.1,OFF
DVC-105,2026-06-06 07:30:00,25.98,26.0,28.28,0,42.1,OFF
DVC-102,2026-06-12 11:45:00,24.57,24.0,34.65,0,30.4,FAN
DVC-104,2026-06-09 22:15:00,23.5,26.0,29.77,0,44.9,OFF
DVC-101,2026-06-02 23:00:00,25.96,26.0,27.18,0,31.0,OFF
DVC-105,2026-06-04 08:00:00,25.97,26.0,30.1,1,1152.1,COOL
DVC-103,2026-06-13 02:00:00,25.81,26.0,25.03,0,63.6,OFF
DVC-105,2026-06-14 16:00:00,24.29,24.0,36.23,1,1384.0,COOL
DVC-101,2026-06-08 01:30:00,25.89,26.0,25.69,0,48.9,OFF
DVC-103,2026-06-05 00:30:00,26.48,26.0,26.37,0,47.8,OFF
DVC-102,2026-06-07 20:45:00,24.36,24.0,32.36,0,50.5,FAN
DVC-101,2026-06-06 16:15:00,24.14,24.0,36.59,1,1320.9,COOL
DVC-103,2026-06-12 20:30:00,24.32,24.0,32.73,0,41.5,FAN
DVC-103,2026-06-09 16:15:00,24.01,24.0,36.4,1,1332.2,COOL
DVC-103,2026-06-02 09:30:00,25.55,24.0,32.89,1,1069.9,COOL
DVC-101,2026-06-05 03:00:00,26.11,26.0,25.46,0,47.5,OFF
DVC-103,2026-06-09 09:30:00,25.3,24.0,32.06,1,1561.2,COOL
DVC-101,2026-06-01 09:45:00,25.18,24.0,32.56,1,1518.1,COOL
DVC-102,2026-06-11 03:15:00,25.7,26.0,25.27,0,40.6,OFF
DVC-103,2026-06-01 12:15:00,24.25,24.0,34.73,1,1394.4,COOL
DVC-103,2026-06-12 02:30:00,25.72,26.0,25.55,0,39.0,OFF
DVC-102,2026-06-04 17:45:00,24.2,24.0,36.68,1,1596.2,COOL
DVC-103,2026-06-11 04:30:00,25.66,26.0,25.72,0,53.9,OFF
DVC-104,2026-06-12 11:00:00,23.5,24.0,33.58,1,1176.7,COOL
DVC-105,2026-06-07 05:30:00,25.79,26.0,26.03,0,29.0,OFF
DVC-102,2026-06-11 03:30:00,25.73,26.0,25.7,0,26.9,OFF
DVC-101,2026-06-01 07:45:00,26.55,26.0,28.83,0,51.5,OFF
DVC-104,2026-06-06 00:45:00,26.27,26.0,24.24,0,37.8,OFF
DVC-102,2026-06-13 22:15:00,25.65,26.0,29.37,0,21.1,OFF
DVC-104,2026-06-08 03:45:00,26.64,26.0,25.18,0,39.7,OFF
DVC-101,2026-06-02 00:30:00,26.01,26.0,26.48,0,53.4,OFF
DVC-102,2026-06-14 04:45:00,25.24,26.0,26.18,0,39.0,OFF
DVC-105,2026-06-04 03:15:00,25.91,26.0,25.23,0,58.3,OFF
DVC-101,2026-06-11 03:00:00,25.56,26.0,25.13,0,58.0,OFF
DVC-104,2026-06-02 06:30:00,26.15,26.0,27.7,0,43.2,OFF
DVC-102,2026-06-06 18:30:00,24.56,24.0,34.87,0,70.9,FAN
DVC-102,2026-06-05 10:15:00,24.53,24.0,33.18,1,1274.9,COOL
DVC-102,2026-06-08 16:00:00,24.12,24.0,37.31,1,1460.4,COOL
DVC-105,2026-06-12 05:30:00,25.73,26.0,26.38,0,48.8,OFF
DVC-103,2026-06-10 23:15:00,26.09,26.0,27.73,0,64.0,OFF
DVC-104,2026-06-13 07:30:00,23.5,26.0,28.27,0,32.5,OFF
DVC-104,2026-06-07 04:15:00,26.11,26.0,25.67,0,51.5,OFF
DVC-105,2026-06-02 05:30:00,25.58,26.0,25.92,0,45.7,OFF
DVC-101,2026-06-07 17:45:00,24.59,24.0,34.47,0,41.7,FAN
DVC-102,2026-06-08 11:45:00,24.49,24.0,34.79,0,29.3,FAN
DVC-103,2026-06-02 16:45:00,24.1,24.0,35.83,1,1323.9,COOL
DVC-103,2026-06-02 00:30:00,25.55,26.0,26.83,0,55.7,OFF
DVC-105,2026-06-06 08:00:00,26.45,26.0,29.69,0,37.9,FAN
DVC-101,2026-06-01 07:30:00,26.43,26.0,29.99,0,51.9,OFF
DVC-105,2026-06-13 07:15:00,26.87,26.0,28.23,0,53.4,OFF
DVC-104,2026-06-06 04:45:00,25.56,26.0,25.22,0,50.2,OFF
DVC-104,2026-06-08 02:00:00,26.92,26.0,24.26,0,39.8,OFF
DVC-103,2026-06-01 22:15:00,24.8,26.0,29.46,0,51.4,OFF
DVC-105,2026-06-02 00:45:00,26.24,26.0,26.22,0,55.9,OFF
DVC-103,2026-06-05 22:00:00,25.31,26.0,29.45,0,37.4,OFF
DVC-102,2026-06-12 21:30:00,25.05,26.0,30.32,0,36.8,FAN
DVC-104,2026-06-02 18:15:00,24.69,24.0,34.5,0,38.8,FAN
DVC-101,2026-06-05 22:15:00,25.77,26.0,29.18,0,49.5,OFF
DVC-102,2026-06-07 19:45:00,24.56,24.0,33.16,0,43.3,FAN
DVC-101,2026-06-07 14:00:00,24.17,24.0,36.55,1,1449.3,COOL
DVC-105,2026-06-14 06:45:00,26.91,26.0,27.26,0,36.3,OFF
DVC-103,2026-06-03 09:45:00,24.89,24.0,31.57,1,1348.0,COOL
DVC-101,2026-06-13 08:00:00,26.12,26.0,29.44,0,42.7,FAN
DVC-101,2026-06-08 16:15:00,24.2,24.0,37.17,1,1285.8,COOL
DVC-104,2026-06-12 02:00:00,23.5,26.0,25.68,0,37.4,OFF
DVC-105,2026-06-14 02:15:00,26.32,26.0,25.36,0,52.7,OFF
DVC-104,2026-06-06 12:45:00,24.66,24.0,36.5,0,34.5,FAN
DVC-104,2026-06-10 03:45:00,23.5,26.0,24.18,0,46.4,OFF
DVC-102,2026-06-08 20:15:00,24.31,24.0,32.03,0,39.1,FAN
DVC-104,2026-06-14 22:00:00,23.5,26.0,28.11,0,53.6,OFF
DVC-102,2026-06-06 10:15:00,24.62,24.0,31.82,1,1352.9,COOL
DVC-103,2026-06-03 19:30:00,24.47,24.0,33.57,0,41.5,FAN
DVC-103,2026-06-05 13:15:00,24.62,24.0,36.5,0,37.5,FAN
DVC-104,2026-06-02 10:15:00,24.54,24.0,32.67,1,1288.5,COOL
DVC-104,2026-06-14 05:00:00,23.5,26.0,25.6,0,36.0,OFF
DVC-101,2026-06-04 18:00:00,24.46,24.0,35.15,1,1312.9,COOL
DVC-101,2026-06-06 17:30:00,24.29,24.0,35.99,1,1448.3,COOL
DVC-103,2026-06-03 14:00:00,24.58,24.0,36.9,1,1323.4,COOL
DVC-103,2026-06-09 16:30:00,24.49,24.0,36.06,0,47.2,FAN
DVC-105,2026-06-09 22:30:00,25.13,26.0,28.91,0,42.4,OFF
DVC-103,2026-06-13 08:00:00,26.39,26.0,29.19,0,52.9,FAN
DVC-105,2026-06-12 10:45:00,24.27,24.0,32.79,0,44.3,FAN
DVC-103,2026-06-06 22:30:00,25.61,26.0,28.51,0,49.6,OFF
DVC-102,2026-06-02 20:00:00,24.55,24.0,31.57,1,1349.1,COOL
DVC-102,2026-06-06 03:30:00,25.48,26.0,25.62,0,51.4,OFF
DVC-105,2026-06-09 23:30:00,25.44,26.0,27.6,0,63.1,OFF
DVC-105,2026-06-13 10:15:00,25.07,24.0,32.81,1,1420.4,COOL
DVC-104,2026-06-12 13:00:00,23.5,24.0,36.13,1,1284.5,COOL
DVC-104,2026-06-09 13:30:00,23.5,24.0,35.96,0,52.0,FAN
DVC-104,2026-06-05 21:30:00,25.03,26.0,31.06,0,38.8,FAN
DVC-102,2026-06-02 20:45:00,24.45,24.0,30.91,0,45.2,FAN
DVC-101,2026-06-14 20:15:00,23.96,24.0,32.62,1,1313.4,COOL
DVC-104,2026-06-07 14:15:00,24.11,24.0,36.12,1,1517.4,COOL
DVC-105,2026-06-07 06:15:00,26.1,26.0,27.04,0,59.2,OFF
DVC-101,2026-06-06 13:45:00,24.55,24.0,37.06,0,56.1,FAN
DVC-105,2026-06-10 15:30:00,24.48,24.0,37.01,1,1281.8,COOL
DVC-105,2026-06-05 00:00:00,25.78,26.0,27.69,0,39.9,OFF
DVC-103,2026-06-14 06:15:00,25.71,26.0,27.43,0,45.1,OFF
DVC-102,2026-06-06 14:45:00,24.21,24.0,37.37,1,1444.0,COOL
DVC-102,2026-06-01 02:00:00,27.03,26.0,25.32,0,38.3,OFF
DVC-104,2026-06-09 02:15:00,23.5,26.0,25.12,0,35.7,OFF
DVC-104,2026-06-04 10:45:00,23.95,24.0,34.08,1,1438.6,COOL
DVC-104,2026-06-13 13:15:00,23.5,24.0,35.69,1,1277.6,COOL
DVC-103,2026-06-09 20:30:00,24.54,24.0,32.54,1,1480.4,COOL
DVC-105,2026-06-13 16:45:00,24.28,24.0,35.81,1,1353.4,COOL
DVC-102,2026-06-10 10:45:00,24.5,24.0,34.55,1,1291.4,COOL
DVC-104,2026-06-14 10:45:00,23.5,24.0,33.21,1,1383.2,COOL
DVC-103,2026-06-02 13:30:00,24.6,24.0,36.16,0,24.6,FAN
DVC-105,2026-06-14 14:30:00,24.22,24.0,37.91,1,1396.7,COOL
DVC-104,2026-06-10 23:30:00,23.5,26.0,27.4,0,44.0,OFF
DVC-104,2026-06-03 08:30:00,26.47,26.0,29.78,0,48.7,FAN
DVC-102,2026-06-06 16:45:00,24.26,24.0,36.77,1,1347.4,COOL
DVC-101,2026-06-05 21:00:00,24.74,26.0,31.66,0,57.4,FAN
DVC-104,2026-06-13 21:45:00,23.5,26.0,29.5,0,40.2,FAN
DVC-102,2026-06-02 10:30:00,24.24,24.0,33.57,1,1300.6,COOL
DVC-103,2026-06-06 03:30:00,25.65,26.0,25.23,0,31.3,OFF
DVC-103,2026-06-02 16:30:00,24.39,24.0,36.59,1,1451.0,COOL
DVC-105,2026-06-06 07:15:00,25.84,26.0,27.77,0,19.1,OFF
DVC-101,2026-06-05 10:00:00,24.94,24.0,32.02,1,1230.1,COOL
DVC-104,2026-06-04 10:15:00,24.65,24.0,32.51,1,1361.7,COOL
DVC-103,2026-06-10 04:00:00,25.64,26.0,25.62,0,49.1,OFF
DVC-102,2026-06-03 16:00:00,24.34,24.0,36.65,1,1196.5,COOL
DVC-104,2026-06-13 00:00:00,23.5,26.0,27.27,0,46.2,OFF
DVC-105,2026-06-06 03:45:00,25.85,26.0,24.96,0,59.8,OFF
DVC-105,2026-06-02 05:15:00,25.62,26.0,25.06,0,40.9,OFF
DVC-105,2026-06-14 21:00:00,24.76,26.0,31.26,0,46.9,FAN
DVC-102,2026-06-06 04:30:00,25.26,26.0,24.41,0,53.1,OFF
DVC-105,2026-06-03 01:15:00,25.93,26.0,25.69,0,34.4,OFF
DVC-105,2026-06-09 19:45:00,24.08,24.0,33.76,1,1401.8,COOL
DVC-101,2026-06-12 22:15:00,25.63,26.0,29.49,0,35.7,OFF
DVC-105,2026-06-07 07:30:00,26.57,26.0,29.23,0,57.5,OFF
DVC-102,2026-06-09 04:30:00,24.84,26.0,25.09,0,53.1,OFF
DVC-101,2026-06-02 00:15:00,26.02,26.0,25.89,0,60.2,OFF
DVC-105,2026-06-07 14:15:00,24.22,24.0,37.32,1,1279.3,COOL
DVC-105,2026-06-08 08:15:00,26.33,26.0,29.99,0,46.7,FAN
DVC-102,2026-06-01 16:30:00,24.39,24.0,35.51,1,1436.8,COOL
DVC-105,2026-06-06 00:45:00,25.97,26.0,26.08,0,42.7,OFF
DVC-104,2026-06-10 11:00:00,23.5,24.0,34.25,1,1192.0,COOL
DVC-104,2026-06-06 17:15:00,24.66,24.0,36.09,0,24.3,FAN
DVC-102,2026-06-05 13:30:00,24.59,24.0,36.67,1,1329.5,COOL
DVC-101,2026-06-09 15:45:00,24.83,24.0,37.82,0,51.9,FAN
DVC-101,2026-06-13 19:30:00,24.32,24.0,32.97,1,1424.4,COOL
DVC-102,2026-06-06 00:00:00,26.08,26.0,27.41,0,31.3,OFF
DVC-101,2026-06-11 01:15:00,25.66,26.0,24.8,0,36.8,OFF
DVC-104,2026-06-11 05:15:00,23.5,26.0,26.78,0,37.4,OFF
DVC-101,2026-06-03 19:45:00,24.05,24.0,33.12,1,1374.0,COOL
DVC-105,2026-06-10 01:15:00,25.73,26.0,25.89,0,53.1,OFF
DVC-104,2026-06-09 11:30:00,23.5,24.0,33.96,1,1186.4,COOL
DVC-101,2026-06-02 05:00:00,25.09,26.0,25.94,0,55.3,OFF
DVC-103,2026-06-02 11:00:00,24.15,24.0,33.27,1,1464.4,COOL
DVC-103,2026-06-03 03:15:00,25.86,26.0,24.61,0,45.2,OFF
DVC-104,2026-06-05 22:15:00,25.72,26.0,29.13,0,40.1,OFF
DVC-101,2026-06-10 04:00:00,26.42,26.0,25.34,0,50.9,OFF
DVC-104,2026-06-02 01:45:00,26.51,26.0,25.0,0,60.7,OFF
DVC-102,2026-06-12 08:00:00,26.11,26.0,29.81,0,49.5,FAN
DVC-101,2026-06-09 13:45:00,24.41,24.0,35.41,1,1520.7,COOL
DVC-105,2026-06-02 07:45:00,27.05,26.0,29.84,0,26.9,OFF
DVC-105,2026-06-03 09:00:00,26.35,24.0,29.84,1,1323.1,COOL
DVC-103,2026-06-10 13:30:00,24.61,24.0,35.61,0,34.5,FAN
DVC-104,2026-06-06 05:30:00,25.52,26.0,26.89,0,46.8,OFF
DVC-101,2026-06-14 19:45:00,24.57,24.0,31.98,0,57.0,FAN
DVC-104,2026-06-03 05:45:00,26.5,26.0,26.62,0,36.9,OFF
DVC-103,2026-06-09 17:45:00,24.69,24.0,35.81,0,52.6,FAN
DVC-105,2026-06-01 14:45:00,24.02,24.0,36.6,1,1359.6,COOL
DVC-105,2026-06-06 12:15:00,24.49,24.0,35.36,0,44.5,FAN
DVC-103,2026-06-08 21:00:00,24.63,26.0,31.49,0,44.0,FAN
DVC-103,2026-06-11 00:45:00,26.21,26.0,24.49,0,49.0,OFF
DVC-101,2026-06-06 10:30:00,24.2,24.0,34.1,1,1484.8,COOL
DVC-104,2026-06-01 07:30:00,27.17,26.0,28.83,0,52.0,OFF
DVC-102,2026-06-10 00:30:00,26.32,26.0,27.2,0,28.2,OFF
DVC-102,2026-06-04 01:15:00,25.45,26.0,25.6,0,55.5,OFF
DVC-102,2026-06-02 18:00:00,23.93,24.0,36.52,1,1316.6,COOL
DVC-104,2026-06-01 19:00:00,24.58,24.0,34.06,1,1594.4,COOL
DVC-103,2026-06-01 04:30:00,26.22,26.0,25.78,0,37.4,OFF
DVC-104,2026-06-09 06:45:00,23.5,26.0,28.41,0,45.6,OFF
DVC-104,2026-06-13 09:00:00,23.5,24.0,30.92,1,1331.7,COOL
DVC-104,2026-06-06 01:45:00,26.11,26.0,24.64,0,34.0,OFF
DVC-102,2026-06-04 08:45:00,26.21,26.0,30.27,1,1327.4,COOL
DVC-104,2026-06-07 19:15:00,24.57,24.0,35.04,0,52.9,FAN
DVC-101,2026-06-06 15:30:00,23.93,24.0,37.1,1,1348.0,COOL
DVC-105,2026-06-13 22:45:00,25.76,26.0,29.12,0,40.6,OFF
DVC-103,2026-06-09 01:00:00,26.35,26.0,25.05,0,35.1,OFF
DVC-101,2026-06-09 22:15:00,25.85,26.0,29.33,0,44.2,OFF
DVC-102,2026-06-01 23:15:00,25.66,26.0,27.18,0,50.6,OFF
DVC-102,2026-06-07 01:30:00,26.32,26.0,25.79,0,47.1,OFF
DVC-104,2026-06-05 12:00:00,24.35,24.0,35.54,1,1251.1,COOL
DVC-104,2026-06-02 21:15:00,25.02,26.0,31.43,0,42.3,FAN
DVC-105,2026-06-14 00:45:00,26.37,26.0,25.93,0,43.2,OFF
DVC-102,2026-06-10 19:45:00,24.24,24.0,32.54,1,1406.0,COOL
DVC-105,2026-06-09 12:15:00,24.66,24.0,36.5,0,46.3,FAN
DVC-102,2026-06-02 04:30:00,25.56,26.0,25.09,0,49.6,OFF
DVC-101,2026-06-07 11:00:00,24.43,24.0,33.74,0,49.6,FAN
DVC-102,2026-06-03 02:15:00,26.44,26.0,27.08,0,40.1,OFF
DVC-105,2026-06-08 05:00:00,25.67,26.0,26.02,0,57.3,OFF
DVC-105,2026-06-10 23:30:00,26.32,26.0,27.25,0,56.5,OFF
DVC-103,2026-06-03 02:15:00,26.11,26.0,25.25,0,50.8,OFF
DVC-103,2026-06-01 20:30:00,24.31,24.0,32.58,1,1300.1,COOL
DVC-104,2026-06-04 14:30:00,24.63,24.0,36.94,0,40.8,FAN
DVC-102,2026-06-04 13:15:00,24.63,24.0,36.16,0,52.8,FAN
DVC-104,2026-06-10 14:15:00,23.5,24.0,36.68,0,46.5,FAN
DVC-104,2026-06-02 14:45:00,24.12,24.0,36.7,1,1386.3,COOL
DVC-105,2026-06-09 05:15:00,25.69,26.0,25.51,0,58.3,OFF
DVC-101,2026-06-11 16:30:00,24.47,24.0,35.24,0,27.7,FAN
DVC-103,2026-06-11 05:00:00,25.51,26.0,25.16,0,35.2,OFF
DVC-102,2026-06-04 17:00:00,24.44,24.0,36.12,1,1445.5,COOL
DVC-104,2026-06-11 04:00:00,23.5,26.0,24.17,0,36.0,OFF
DVC-103,2026-06-13 09:00:00,26.0,24.0,29.67,1,1216.3,COOL
DVC-104,2026-06-08 04:15:00,26.41,26.0,24.23,0,39.8,OFF
DVC-103,2026-06-10 08:00:00,25.82,26.0,29.4,0,39.3,FAN
DVC-105,2026-06-13 14:00:00,24.33,24.0,37.59,1,1355.4,COOL
DVC-103,2026-06-06 14:00:00,24.68,24.0,36.97,0,54.2,FAN
DVC-103,2026-06-01 22:00:00,24.73,26.0,28.87,0,24.1,OFF
DVC-102,2026-06-05 06:15:00,25.59,26.0,27.01,0,18.9,OFF
DVC-102,2026-06-08 08:00:00,26.27,26.0,30.12,1,1562.2,COOL
DVC-101,2026-06-01 00:30:00,26.97,26.0,26.69,0,43.9,OFF
DVC-102,2026-06-01 18:00:00,24.69,24.0,34.53,0,49.0,FAN
DVC-105,2026-06-08 11:45:00,24.6,24.0,34.8,0,60.8,FAN
DVC-101,2026-06-04 03:30:00,24.73,26.0,25.57,0,65.0,OFF
DVC-105,2026-06-04 12:45:00,24.74,24.0,36.41,0,54.0,FAN
DVC-104,2026-06-07 02:45:00,26.14,26.0,25.06,0,53.8,OFF
DVC-101,2026-06-11 07:30:00,26.33,26.0,29.23,0,52.7,OFF
DVC-105,2026-06-13 15:30:00,23.94,24.0,35.46,1,1314.8,COOL
DVC-101,2026-06-06 22:30:00,25.74,26.0,27.84,0,44.0,OFF
DVC-102,2026-06-04 14:00:00,24.69,24.0,37.38,0,37.7,FAN
DVC-101,2026-06-06 11:00:00,24.38,24.0,34.84,1,1150.8,COOL
DVC-103,2026-06-07 00:15:00,25.76,26.0,26.38,0,41.0,OFF
DVC-103,2026-06-10 16:00:00,24.05,24.0,36.09,1,1306.3,COOL
DVC-105,2026-06-11 08:15:00,26.3,26.0,30.39,0,46.7,FAN
DVC-101,2026-06-11 12:00:00,24.24,24.0,35.7,1,1025.5,COOL
DVC-103,2026-06-14 02:15:00,26.15,26.0,25.35,0,36.6,OFF
DVC-105,2026-06-10 12:15:00,24.69,24.0,34.65,0,46.4,FAN
DVC-104,2026-06-01 13:45:00,24.69,24.0,36.22,0,32.5,FAN
DVC-104,2026-06-12 13:15:00,23.5,24.0,37.32,1,1293.7,COOL
DVC-102,2026-06-14 23:00:00,25.5,26.0,28.08,0,47.8,OFF
DVC-102,2026-06-10 07:00:00,25.95,26.0,27.35,0,54.1,OFF
DVC-101,2026-06-13 20:30:00,24.43,24.0,31.98,0,48.0,FAN
DVC-104,2026-06-11 19:45:00,23.5,24.0,32.9,1,1562.1,COOL
DVC-101,2026-06-03 15:30:00,24.1,24.0,36.8,1,1430.7,COOL
DVC-105,2026-06-11 05:30:00,25.99,26.0,25.77,0,58.1,OFF
DVC-103,2026-06-11 15:15:00,24.47,24.0,37.53,1,1364.4,COOL
DVC-103,2026-06-05 21:30:00,25.16,26.0,29.08,0,55.8,FAN
DVC-104,2026-06-12 04:45:00,23.5,26.0,25.39,0,53.6,OFF
DVC-102,2026-06-04 19:30:00,24.15,24.0,33.66,1,1309.8,COOL
DVC-103,2026-06-05 10:00:00,25.03,24.0,32.89,1,1471.5,COOL
DVC-103,2026-06-09 17:00:00,24.62,24.0,36.15,0,39.4,FAN
DVC-102,2026-06-11 09:00:00,25.95,24.0,30.69,1,1337.4,COOL
DVC-101,2026-06-04 03:00:00,24.89,26.0,26.04,0,27.0,OFF
DVC-101,2026-06-12 11:45:00,24.53,24.0,35.27,0,49.0,FAN
DVC-102,2026-06-12 04:45:00,25.15,26.0,26.26,0,37.3,OFF
DVC-105,2026-06-02 14:15:00,24.69,24.0,36.47,0,49.6,FAN
DVC-104,2026-06-13 19:45:00,23.5,24.0,32.19,1,1339.3,COOL
DVC-101,2026-06-10 18:45:00,24.05,24.0,34.85,1,1495.0,COOL
DVC-104,2026-06-13 09:30:00,23.5,24.0,32.33,1,1183.7,COOL
DVC-102,2026-06-14 09:00:00,25.97,24.0,32.08,1,1256.3,COOL
DVC-103,2026-06-05 15:15:00,24.7,24.0,37.15,0,58.7,FAN
DVC-101,2026-06-08 12:30:00,24.4,24.0,34.39,1,1351.3,COOL
DVC-105,2026-06-07 11:15:00,24.53,24.0,34.37,0,36.8,FAN
DVC-102,2026-06-02 19:15:00,24.06,24.0,34.42,1,1454.1,COOL
DVC-105,2026-06-11 17:45:00,24.09,24.0,34.96,1,1181.6,COOL
DVC-105,2026-06-05 11:45:00,24.54,24.0,36.07,0,44.7,FAN
DVC-102,2026-06-03 15:00:00,24.63,24.0,38.11,0,42.1,FAN
DVC-101,2026-06-13 03:45:00,25.83,26.0,26.2,0,50.3,OFF
DVC-105,2026-06-04 02:15:00,26.24,26.0,25.7,0,62.1,OFF
DVC-104,2026-06-02 15:15:00,24.56,24.0,36.96,1,1400.3,COOL
DVC-104,2026-06-08 07:15:00,26.87,26.0,27.91,0,38.7,OFF
DVC-104,2026-06-04 18:45:00,24.07,24.0,33.93,1,1418.6,COOL
DVC-102,2026-06-09 12:45:00,24.05,24.0,36.1,1,1224.7,COOL
DVC-101,2026-06-10 22:15:00,25.62,26.0,28.37,0,48.4,OFF
DVC-103,2026-06-02 20:00:00,24.59,24.0,32.18,1,1466.3,COOL
DVC-101,2026-06-14 02:45:00,25.95,26.0,24.72,0,41.5,OFF
DVC-101,2026-06-09 20:00:00,24.11,24.0,32.13,1,1408.4,COOL
DVC-102,2026-06-09 17:45:00,24.13,24.0,34.55,1,1251.6,COOL
DVC-104,2026-06-13 08:45:00,23.5,26.0,30.33,0,36.0,FAN
DVC-101,2026-06-03 10:45:00,24.25,24.0,33.26,1,1294.5,COOL
DVC-105,2026-06-14 01:30:00,26.28,26.0,25.08,0,37.8,OFF
DVC-102,2026-06-05 05:15:00,25.77,26.0,26.11,0,58.3,OFF
DVC-103,2026-06-03 08:45:00,25.96,26.0,32.26,1,1319.7,COOL
DVC-102,2026-06-06 21:45:00,25.11,26.0,28.81,0,46.2,FAN
DVC-104,2026-06-06 10:45:00,24.35,24.0,34.48,0,56.0,FAN
DVC-101,2026-06-05 02:00:00,25.88,26.0,24.92,0,49.2,OFF
DVC-105,2026-06-05 06:15:00,25.59,26.0,26.73,0,33.1,OFF
DVC-104,2026-06-06 21:00:00,24.37,26.0,32.03,0,45.9,FAN
DVC-103,2026-06-03 03:00:00,25.85,26.0,25.11,0,43.0,OFF
DVC-104,2026-06-08 22:00:00,25.15,26.0,28.51,0,54.6,OFF
DVC-102,2026-06-01 05:45:00,26.75,26.0,25.91,0,39.6,OFF
DVC-104,2026-06-03 08:15:00,26.28,26.0,30.06,1,1214.5,COOL
DVC-102,2026-06-01 15:15:00,24.27,24.0,37.03,1,1231.7,COOL
DVC-104,2026-06-06 18:15:00,24.17,24.0,34.9,1,1198.4,COOL
DVC-104,2026-06-11 18:15:00,23.5,24.0,35.17,0,49.6,FAN
DVC-105,2026-06-09 00:45:00,26.64,26.0,25.46,0,59.7,OFF
DVC-105,2026-06-04 06:45:00,26.07,26.0,28.02,0,25.6,OFF
DVC-103,2026-06-02 21:30:00,24.83,26.0,29.4,0,60.2,FAN
DVC-105,2026-06-04 21:30:00,25.14,26.0,30.45,0,33.5,FAN
DVC-101,2026-06-13 22:15:00,25.4,26.0,28.47,0,46.8,OFF
DVC-102,2026-06-10 02:45:00,26.18,26.0,25.38,0,50.6,OFF
DVC-101,2026-06-07 11:30:00,24.78,24.0,34.81,0,48.1,FAN
DVC-103,2026-06-02 15:00:00,24.4,24.0,35.98,1,1556.3,COOL
DVC-104,2026-06-07 23:00:00,25.97,26.0,27.99,0,59.8,OFF
DVC-101,2026-06-11 03:45:00,25.23,26.0,24.49,0,34.7,OFF
DVC-104,2026-06-14 06:00:00,23.5,26.0,27.32,0,43.3,OFF
DVC-103,2026-06-01 21:30:00,24.4,26.0,30.09,0,57.7,FAN
DVC-102,2026-06-05 01:30:00,25.94,26.0,25.38,0,61.7,OFF
DVC-105,2026-06-13 23:15:00,26.23,26.0,26.57,0,48.3,OFF
DVC-104,2026-06-04 09:45:00,25.2,24.0,32.41,1,1287.9,COOL
DVC-102,2026-06-03 23:30:00,26.06,26.0,28.6,0,29.2,OFF
DVC-101,2026-06-05 20:45:00,24.65,24.0,32.55,0,39.5,FAN
DVC-104,2026-06-14 22:30:00,23.5,26.0,27.51,0,45.8,OFF
DVC-102,2026-06-04 03:30:00,25.84,26.0,25.12,0,37.0,OFF
DVC-104,2026-06-09 05:15:00,23.5,26.0,26.71,0,42.7,OFF
DVC-102,2026-06-14 22:15:00,25.45,26.0,28.81,0,50.4,OFF
DVC-103,2026-06-02 08:30:00,26.0,26.0,29.47,1,1415.7,COOL
DVC-105,2026-06-08 17:30:00,24.17,24.0,35.72,1,1206.1,COOL
DVC-105,2026-06-05 22:00:00,25.41,26.0,30.48,0,37.3,OFF
DVC-104,2026-06-05 13:45:00,24.41,24.0,36.67,0,21.5,FAN
DVC-105,2026-06-01 17:15:00,24.25,24.0,34.59,1,1571.8,COOL
DVC-101,2026-06-14 07:15:00,25.49,26.0,29.32,0,37.7,OFF
DVC-101,2026-06-14 20:30:00,24.16,24.0,30.66,0,51.0,FAN
DVC-103,2026-06-03 22:15:00,25.2,26.0,28.94,0,56.7,OFF
DVC-104,2026-06-06 12:00:00,24.55,24.0,35.7,0,38.5,FAN
DVC-105,2026-06-06 19:15:00,24.3,24.0,33.35,1,1371.7,COOL
DVC-102,2026-06-01 17:15:00,24.15,24.0,37.35,1,1358.9,COOL
DVC-104,2026-06-02 12:30:00,24.62,24.0,35.62,0,63.4,FAN
DVC-104,2026-06-05 10:15:00,24.33,24.0,32.79,1,1404.5,COOL
DVC-103,2026-06-10 19:15:00,24.46,24.0,33.26,0,57.2,FAN
DVC-102,2026-06-12 03:45:00,25.4,26.0,24.31,0,23.3,OFF
DVC-102,2026-06-02 01:15:00,25.75,26.0,25.02,0,43.8,OFF
DVC-104,2026-06-13 22:45:00,23.5,26.0,28.8,0,38.7,OFF
DVC-105,2026-06-13 00:30:00,26.13,26.0,26.38,0,40.4,OFF
DVC-101,2026-06-07 03:15:00,26.26,26.0,25.98,0,42.9,OFF
DVC-105,2026-06-10 18:00:00,24.66,24.0,35.85,0,51.5,FAN
DVC-103,2026-06-10 19:00:00,24.12,24.0,34.77,1,1311.9,COOL
DVC-101,2026-06-10 17:15:00,24.78,24.0,36.98,0,41.6,FAN
DVC-104,2026-06-02 11:45:00,24.1,24.0,33.88,1,1467.3,COOL
DVC-102,2026-06-13 21:30:00,25.22,26.0,30.36,0,33.1,FAN
DVC-102,2026-06-01 15:45:00,24.4,24.0,37.5,1,1325.1,COOL
DVC-104,2026-06-11 03:15:00,23.5,26.0,25.57,0,20.5,OFF
DVC-103,2026-06-06 08:45:00,26.42,26.0,31.21,0,43.7,FAN
DVC-101,2026-06-14 14:30:00,23.98,24.0,36.35,1,1113.6,COOL
DVC-105,2026-06-09 07:15:00,26.46,26.0,28.52,0,59.4,OFF
DVC-102,2026-06-09 16:30:00,24.11,24.0,37.27,1,1373.6,COOL
DVC-105,2026-06-02 22:00:00,25.37,26.0,29.44,0,43.1,OFF
DVC-103,2026-06-11 09:15:00,25.76,24.0,30.7,1,1270.9,COOL
DVC-101,2026-06-13 22:00:00,25.28,26.0,30.21,0,37.7,OFF
DVC-104,2026-06-10 12:45:00,23.5,24.0,36.7,1,1321.3,COOL
DVC-102,2026-06-05 09:00:00,25.96,24.0,29.71,1,1528.9,COOL
DVC-105,2026-06-08 12:15:00,24.11,24.0,35.76,1,1236.8,COOL
DVC-105,2026-06-02 13:30:00,23.97,24.0,36.58,1,1218.7,COOL
DVC-105,2026-06-08 14:00:00,24.74,24.0,36.03,0,48.1,FAN
DVC-103,2026-06-10 01:45:00,26.1,26.0,25.66,0,49.3,OFF
DVC-101,2026-06-03 12:45:00,23.99,24.0,35.11,1,1356.9,COOL
DVC-101,2026-06-06 21:15:00,25.06,26.0,31.05,0,35.9,FAN
DVC-104,2026-06-14 05:15:00,23.5,26.0,25.38,0,40.7,OFF
DVC-105,2026-06-10 02:45:00,25.67,26.0,25.94,0,47.4,OFF
DVC-103,2026-06-01 02:30:00,26.38,26.0,25.12,0,34.6,OFF
DVC-103,2026-06-06 19:00:00,24.28,24.0,34.5,1,1311.0,COOL
DVC-105,2026-06-09 19:30:00,24.39,24.0,33.14,0,51.9,FAN
DVC-103,2026-06-10 10:45:00,23.99,24.0,32.84,1,1320.8,COOL
DVC-102,2026-06-07 14:15:00,24.64,24.0,36.97,0,50.1,FAN
DVC-105,2026-06-04 07:15:00,26.16,26.0,28.15,0,50.1,OFF
DVC-103,2026-06-13 21:15:00,24.6,26.0,30.92,0,30.6,FAN
DVC-102,2026-06-01 02:45:00,26.89,26.0,25.37,0,35.7,OFF
DVC-103,2026-06-01 13:45:00,24.16,24.0,37.43,1,1107.5,COOL
DVC-102,2026-06-08 12:15:00,24.83,24.0,35.45,0,43.8,FAN
DVC-103,2026-06-09 07:30:00,26.0,26.0,29.19,0,55.4,OFF
DVC-103,2026-06-06 05:15:00,25.5,26.0,25.72,0,28.6,OFF
DVC-105,2026-06-10 17:00:00,24.93,24.0,37.16,0,47.5,FAN
DVC-103,2026-06-09 04:00:00,25.67,26.0,25.62,0,44.4,OFF
DVC-105,2026-06-01 13:15:00,24.48,24.0,35.57,0,35.9,FAN
DVC-105,2026-06-05 00:15:00,25.84,26.0,25.53,0,50.4,OFF
DVC-102,2026-06-07 10:30:00,24.04,24.0,32.93,1,1321.8,COOL
DVC-105,2026-06-14 06:30:00,26.67,26.0,27.09,0,47.7,OFF
DVC-104,2026-06-05 21:00:00,24.74,26.0,31.27,0,52.0,FAN
DVC-104,2026-06-02 12:45:00,24.29,24.0,35.89,1,1347.1,COOL
DVC-101,2026-06-13 05:00:00,25.38,26.0,25.73,0,50.6,OFF
DVC-104,2026-06-14 23:00:00,23.5,26.0,26.94,0,37.0,OFF
DVC-105,2026-06-14 03:15:00,26.45,26.0,25.42,0,58.5,OFF
DVC-102,2026-06-13 20:00:00,24.01,24.0,33.44,1,1540.5,COOL
DVC-101,2026-06-14 00:00:00,26.12,26.0,26.65,0,66.4,OFF
DVC-103,2026-06-11 20:45:00,24.05,24.0,30.37,1,1352.0,COOL
DVC-101,2026-06-01 11:15:00,24.17,24.0,34.46,1,1340.0,COOL
DVC-103,2026-06-09 16:45:00,24.28,24.0,36.08,1,1382.6,COOL
DVC-105,2026-06-01 01:00:00,26.96,26.0,25.74,0,43.1,OFF
DVC-105,2026-06-13 06:15:00,26.34,26.0,27.42,0,58.7,OFF
DVC-102,2026-06-02 17:30:00,24.59,24.0,35.54,1,1379.8,COOL
DVC-103,2026-06-06 09:15:00,25.75,24.0,31.12,1,1069.5,COOL
DVC-105,2026-06-13 20:30:00,24.4,24.0,32.22,0,30.9,FAN
DVC-103,2026-06-05 19:30:00,24.55,24.0,32.41,0,30.9,FAN
DVC-101,2026-06-07 13:00:00,24.63,24.0,35.57,0,39.6,FAN
DVC-101,2026-06-02 06:15:00,25.08,26.0,27.15,0,54.4,OFF
DVC-103,2026-06-02 18:30:00,24.65,24.0,34.9,0,57.3,FAN
DVC-105,2026-06-08 02:00:00,26.24,26.0,25.6,0,67.0,OFF
DVC-103,2026-06-05 08:15:00,26.28,26.0,29.02,0,46.6,FAN
DVC-103,2026-06-12 09:00:00,25.92,24.0,30.94,1,1276.8,COOL
DVC-103,2026-06-10 13:15:00,24.18,24.0,36.33,1,1612.2,COOL
DVC-103,2026-06-01 00:15:00,27.17,26.0,24.75,0,29.6,OFF
DVC-102,2026-06-03 06:45:00,26.59,26.0,27.69,0,52.0,OFF
DVC-103,2026-06-10 23:45:00,25.96,26.0,27.76,0,58.1,OFF
DVC-101,2026-06-05 14:45:00,24.8,24.0,37.78,0,49.9,FAN
DVC-102,2026-06-13 08:45:00,26.07,26.0,30.37,0,35.3,FAN
DVC-102,2026-06-14 00:00:00,26.26,26.0,26.31,0,37.6,OFF
DVC-101,2026-06-02 00:45:00,26.01,26.0,25.47,0,44.0,OFF
DVC-104,2026-06-02 10:45:00,24.48,24.0,32.75,0,57.0,FAN
DVC-103,2026-06-01 06:45:00,25.79,26.0,26.84,0,58.1,OFF
DVC-104,2026-06-09 18:30:00,23.5,24.0,35.11,1,1347.6,COOL
DVC-104,2026-06-10 14:00:00,0.0,24.0,36.92,1,1315.8,COOL
DVC-102,2026-06-03 19:00:00,24.11,24.0,34.25,1,1402.1,COOL
DVC-102,2026-06-02 11:45:00,24.16,24.0,34.82,1,1397.2,COOL
DVC-103,2026-06-12 11:15:00,24.55,24.0,34.08,0,40.9,FAN
DVC-103,2026-06-03 13:00:00,23.98,24.0,36.48,1,1134.9,COOL
DVC-102,2026-06-06 12:45:00,24.62,24.0,35.58,0,18.3,FAN
DVC-103,2026-06-14 09:45:00,25.26,24.0,32.26,1,1350.3,COOL
DVC-104,2026-06-01 11:45:00,24.49,24.0,34.96,0,49.8,FAN
DVC-104,2026-06-07 23:45:00,26.51,26.0,26.15,0,37.0,OFF
DVC-102,2026-06-11 09:15:00,25.59,24.0,30.68,1,1356.9,COOL
DVC-103,2026-06-14 04:00:00,25.99,26.0,24.42,0,46.0,OFF
DVC-105,2026-06-02 23:45:00,25.87,26.0,27.76,0,53.2,OFF
DVC-101,2026-06-13 21:15:00,24.5,26.0,30.95,0,49.0,FAN
DVC-101,2026-06-05 06:15:00,25.91,26.0,26.27,0,58.0,OFF
DVC-101,2026-06-03 21:15:00,24.52,26.0,29.94,0,34.2,FAN
DVC-102,2026-06-05 23:30:00,25.97,26.0,27.05,0,44.4,OFF
DVC-101,2026-06-03 20:45:00,24.24,24.0,31.62,1,1280.2,COOL
DVC-101,2026-06-13 15:15:00,24.83,24.0,36.56,0,48.0,FAN
DVC-104,2026-06-05 14:00:00,24.01,24.0,37.34,1,1413.2,COOL
DVC-105,2026-06-13 01:15:00,26.37,26.0,26.15,0,53.7,OFF
DVC-102,2026-06-13 10:45:00,24.26,24.0,33.18,1,1209.6,COOL
DVC-103,2026-06-02 09:00:00,26.15,24.0,30.9,1,1379.7,COOL
DVC-103,2026-06-10 21:15:00,25.15,26.0,30.61,0,43.8,FAN
DVC-103,2026-06-09 00:00:00,26.46,26.0,27.08,0,32.9,OFF
DVC-102,2026-06-06 01:15:00,26.25,26.0,26.07,0,59.4,OFF
DVC-103,2026-06-06 20:30:00,24.59,24.0,30.98,0,57.7,FAN
DVC-103,2026-06-01 16:00:00,24.63,24.0,36.3,0,46.0,FAN
DVC-102,2026-06-02 14:30:00,24.57,24.0,36.64,0,45.3,FAN
DVC-102,2026-06-02 03:30:00,25.61,26.0,24.59,0,39.4,OFF
DVC-103,2026-06-13 17:45:00,24.16,24.0,34.83,1,1401.3,COOL
DVC-101,2026-06-07 06:45:00,26.42,26.0,27.29,0,28.2,OFF
DVC-105,2026-06-08 19:15:00,24.5,24.0,33.96,1,1379.1,COOL
DVC-105,2026-06-06 15:00:00,24.3,24.0,37.16,1,1275.5,COOL
DVC-105,2026-06-12 14:30:00,24.52,24.0,37.43,1,1478.4,COOL
DVC-102,2026-06-07 10:00:00,24.66,24.0,31.93,1,1444.4,COOL
DVC-101,2026-06-01 15:00:00,24.84,24.0,35.99,0,45.4,FAN
DVC-102,2026-06-12 22:45:00,25.25,26.0,28.96,0,44.3,OFF
DVC-103,2026-06-12 20:15:00,24.11,24.0,32.8,1,1204.1,COOL
DVC-102,2026-06-06 04:00:00,25.38,26.0,25.11,0,65.7,OFF
DVC-104,2026-06-10 02:15:00,23.5,26.0,24.4,0,37.5,OFF
DVC-101,2026-06-06 08:15:00,25.95,26.0,29.78,1,1217.9,COOL
DVC-101,2026-06-11 20:30:00,24.07,24.0,32.2,1,1232.6,COOL
DVC-102,2026-06-11 11:45:00,24.52,24.0,35.45,1,1244.9,COOL
DVC-104,2026-06-09 23:45:00,23.5,26.0,27.68,0,49.3,OFF
DVC-105,2026-06-05 13:15:00,24.52,24.0,36.5,0,58.4,FAN
DVC-104,2026-06-13 10:00:00,23.5,24.0,32.14,1,1246.6,COOL
DVC-105,2026-06-02 02:45:00,25.8,26.0,25.88,0,66.9,OFF
DVC-103,2026-06-04 10:45:00,24.11,24.0,32.58,1,1259.4,COOL
DVC-101,2026-06-11 02:15:00,25.59,26.0,25.14,0,23.9,OFF
DVC-104,2026-06-06 19:15:00,24.49,24.0,33.24,0,40.6,FAN
DVC-104,2026-06-08 03:15:00,26.64,26.0,24.47,0,52.1,OFF
DVC-105,2026-06-09 02:00:00,26.53,26.0,25.61,0,48.3,OFF
DVC-102,2026-06-11 16:00:00,24.63,24.0,37.62,0,39.2,FAN
DVC-104,2026-06-07 14:00:00,24.34,24.0,36.19,1,1318.9,COOL
DVC-105,2026-06-14 05:00:00,26.27,26.0,25.85,0,44.6,OFF
DVC-105,2026-06-05 12:00:00,24.34,24.0,35.59,1,1192.5,COOL
DVC-105,2026-06-11 14:15:00,24.77,24.0,36.82,1,1554.8,COOL
DVC-101,2026-06-03 11:00:00,24.65,24.0,32.71,0,54.3,FAN
DVC-103,2026-06-04 02:00:00,26.06,26.0,25.19,0,44.8,OFF
DVC-105,2026-06-10 00:15:00,25.71,26.0,27.06,0,59.4,OFF
DVC-102,2026-06-06 05:00:00,25.27,26.0,25.99,0,55.8,OFF
DVC-102,2026-06-01 03:30:00,26.43,26.0,25.15,0,47.9,OFF
DVC-104,2026-06-03 15:45:00,24.65,24.0,36.89,0,50.4,FAN
DVC-101,2026-06-14 21:15:00,24.74,26.0,30.77,0,47.5,FAN
DVC-102,2026-06-03 09:00:00,25.86,24.0,31.88,1,1304.1,COOL
DVC-104,2026-06-03 13:45:00,24.45,24.0,36.79,1,1502.6,COOL
DVC-105,2026-06-13 04:30:00,25.94,26.0,25.36,0,67.4,OFF
DVC-102,2026-06-02 05:15:00,25.53,26.0,25.41,0,61.9,OFF
DVC-102,2026-06-04 01:30:00,25.77,26.0,25.43,0,22.3,OFF
DVC-102,2026-06-02 18:15:00,24.51,24.0,35.56,0,51.0,FAN
DVC-105,2026-06-06 06:45:00,25.75,26.0,28.27,0,48.2,OFF
DVC-102,2026-06-09 03:00:00,25.04,26.0,25.33,0,32.0,OFF
DVC-101,2026-06-09 17:30:00,24.32,24.0,36.86,1,1282.0,COOL
DVC-103,2026-06-02 05:30:00,26.0,26.0,26.66,0,17.8,OFF
DVC-104,2026-06-10 07:00:00,23.5,26.0,27.54,0,39.2,OFF
DVC-101,2026-06-03 03:15:00,25.59,26.0,24.98,0,51.3,OFF
DVC-102,2026-06-09 01:30:00,25.11,26.0,24.93,0,45.4,OFF
DVC-103,2026-06-13 05:45:00,25.37,26.0,26.24,0,35.1,OFF
DVC-102,2026-06-03 12:45:00,24.72,24.0,35.59,0,55.1,FAN
DVC-103,2026-06-03 12:30:00,24.59,24.0,36.22,0,47.3,FAN
DVC-103,2026-06-11 20:30:00,24.42,24.0,31.43,0,32.8,FAN
DVC-102,2026-06-04 02:15:00,25.8,26.0,24.55,0,35.9,OFF
DVC-104,2026-06-08 23:15:00,25.9,26.0,28.14,0,48.6,OFF
DVC-104,2026-06-02 17:00:00,24.07,24.0,36.12,1,1360.2,COOL
DVC-104,2026-06-11 02:45:00,23.5,26.0,24.76,0,64.2,OFF
DVC-102,2026-06-13 04:45:00,25.34,26.0,25.82,0,42.8,OFF
DVC-104,2026-06-08 08:30:00,26.23,26.0,30.49,0,44.4,FAN
DVC-101,2026-06-02 08:30:00,26.34,26.0,29.98,0,58.6,FAN
DVC-102,2026-06-06 23:30:00,26.39,26.0,27.87,0,38.5,OFF
DVC-101,2026-06-05 11:30:00,24.61,24.0,34.03,0,55.8,FAN
DVC-105,2026-06-11 04:30:00,25.87,26.0,25.28,0,44.0,OFF
DVC-104,2026-06-05 19:00:00,24.3,24.0,33.04,0,61.2,FAN
DVC-104,2026-06-14 15:15:00,23.5,24.0,35.68,0,40.8,FAN
DVC-105,2026-06-13 00:45:00,26.18,26.0,25.19,0,32.7,OFF
DVC-105,2026-06-06 04:30:00,25.9,26.0,26.02,0,49.6,OFF
DVC-102,2026-06-01 00:30:00,27.42,26.0,25.31,0,52.5,OFF
DVC-101,2026-06-09 16:45:00,24.18,24.0,35.84,1,1438.8,COOL
DVC-101,2026-06-07 12:30:00,24.32,24.0,35.51,1,1498.5,COOL
DVC-105,2026-06-04 03:30:00,25.89,26.0,24.56,0,53.2,OFF
DVC-102,2026-06-02 08:30:00,26.42,26.0,31.09,0,49.0,FAN
DVC-105,2026-06-08 03:00:00,25.84,26.0,24.72,0,25.8,OFF
DVC-103,2026-06-01 10:00:00,24.73,24.0,32.51,1,1428.4,COOL
DVC-102,2026-06-14 09:30:00,25.26,24.0,31.6,1,1153.5,COOL
DVC-104,2026-06-07 08:00:00,26.82,26.0,29.35,1,1471.9,COOL
DVC-105,2026-06-02 15:45:00,24.06,24.0,36.93,1,1315.3,COOL
DVC-104,2026-06-03 08:00:00,26.54,26.0,28.18,1,1284.2,COOL
DVC-103,2026-06-03 18:15:00,24.35,24.0,34.18,1,1152.5,COOL
DVC-103,2026-06-12 22:30:00,25.01,26.0,27.52,0,40.8,OFF
DVC-105,2026-06-13 22:30:00,25.6,26.0,28.47,0,54.9,OFF
DVC-104,2026-06-07 22:30:00,25.76,26.0,29.88,0,40.8,OFF
DVC-102,2026-06-10 20:45:00,24.0,24.0,31.19,1,1337.9,COOL
DVC-103,2026-06-12 13:30:00,24.28,24.0,36.66,1,1217.9,COOL
DVC-105,2026-06-08 09:15:00,25.66,24.0,30.86,1,1372.6,COOL
DVC-105,2026-06-13 10:00:00,25.39,24.0,31.93,1,1292.1,COOL
DVC-105,2026-06-13 05:15:00,26.12,26.0,25.85,0,44.4,OFF
DVC-102,2026-06-01 04:00:00,26.56,26.0,25.19,0,27.4,OFF
DVC-101,2026-06-11 21:00:00,24.92,26.0,30.54,0,50.3,FAN
DVC-103,2026-06-13 18:45:00,24.47,24.0,33.83,1,1289.5,COOL
DVC-103,2026-06-05 10:30:00,24.39,24.0,32.99,1,1494.8,COOL
DVC-103,2026-06-12 19:30:00,24.5,24.0,33.9,0,64.4,FAN
DVC-105,2026-06-06 22:45:00,26.29,26.0,29.11,0,51.6,OFF
DVC-104,2026-06-14 11:45:00,23.5,24.0,34.38,1,1393.4,COOL
DVC-103,2026-06-02 12:15:00,24.41,24.0,35.87,1,1437.3,COOL
DVC-103,2026-06-01 03:45:00,26.04,26.0,24.87,0,36.7,OFF
DVC-105,2026-06-04 22:30:00,25.56,26.0,28.48,0,28.9,OFF
DVC-103,2026-06-11 15:00:00,24.67,24.0,37.55,0,25.3,FAN
DVC-101,2026-06-03 10:15:00,24.09,24.0,33.65,1,1113.1,COOL
DVC-105,2026-06-04 20:00:00,24.04,24.0,32.09,1,1158.7,COOL
DVC-101,2026-06-08 08:00:00,26.07,26.0,30.08,0,48.9,FAN
DVC-101,2026-06-14 10:45:00,24.46,24.0,33.39,0,38.5,FAN
DVC-102,2026-06-05 20:15:00,24.35,24.0,33.19,0,39.5,FAN
DVC-103,2026-06-12 08:30:00,26.31,26.0,30.11,0,56.5,FAN
DVC-103,2026-06-06 15:30:00,24.63,24.0,36.52,0,44.0,FAN
DVC-104,2026-06-01 06:15:00,26.74,26.0,26.9,0,43.1,OFF
DVC-102,2026-06-07 21:00:00,24.8,26.0,31.06,0,50.8,FAN
DVC-105,2026-06-03 18:00:00,24.33,24.0,35.91,0,43.4,FAN
DVC-103,2026-06-12 18:15:00,24.08,24.0,36.37,1,1307.2,COOL
DVC-104,2026-06-10 00:15:00,23.5,26.0,26.21,0,51.5,OFF
DVC-104,2026-06-08 05:45:00,26.03,26.0,26.12,0,37.5,OFF
DVC-103,2026-06-12 22:45:00,25.13,26.0,27.57,0,42.0,OFF
DVC-103,2026-06-13 03:30:00,25.46,26.0,24.65,0,29.2,OFF
DVC-104,2026-06-03 15:15:00,24.39,24.0,36.59,1,1345.9,COOL
DVC-102,2026-06-02 22:00:00,25.66,26.0,29.29,0,58.7,OFF
DVC-104,2026-06-11 20:00:00,23.5,24.0,32.66,0,47.2,FAN
DVC-104,2026-06-05 16:45:00,24.22,24.0,36.7,1,1150.9,COOL
DVC-105,2026-06-08 16:45:00,24.23,24.0,35.85,1,1255.1,COOL
DVC-103,2026-06-04 08:30:00,26.27,26.0,29.9,0,48.2,FAN
DVC-101,2026-06-10 11:00:00,24.06,24.0,34.04,1,1256.8,COOL
DVC-104,2026-06-08 17:00:00,24.57,24.0,37.08,1,1175.2,COOL
DVC-103,2026-06-09 19:00:00,24.56,24.0,33.65,1,1234.7,COOL
DVC-101,2026-06-08 19:15:00,24.74,24.0,33.12,0,45.8,FAN
DVC-104,2026-06-12 01:30:00,23.5,26.0,23.84,0,43.6,OFF
DVC-101,2026-06-06 11:15:00,24.1,24.0,34.07,1,1243.5,COOL
DVC-102,2026-06-03 12:00:00,24.75,24.0,35.91,0,59.4,FAN
DVC-102,2026-06-12 16:00:00,24.05,24.0,35.07,1,1461.0,COOL
DVC-104,2026-06-14 01:00:00,23.5,26.0,25.1,0,35.5,OFF
DVC-103,2026-06-09 23:45:00,26.28,26.0,26.74,0,53.2,OFF
DVC-105,2026-06-08 06:30:00,25.63,26.0,27.07,0,47.7,OFF
DVC-101,2026-06-11 22:00:00,25.5,26.0,28.87,0,50.3,OFF
DVC-102,2026-06-08 22:00:00,25.13,26.0,30.18,0,46.2,OFF
DVC-103,2026-06-03 11:45:00,24.74,24.0,35.39,0,46.2,FAN
DVC-103,2026-06-08 20:30:00,24.15,24.0,31.57,1,1144.8,COOL
DVC-105,2026-06-12 10:00:00,24.59,24.0,31.47,1,1381.8,COOL
DVC-105,2026-06-01 15:00:00,24.52,24.0,37.17,0,39.5,FAN
DVC-101,2026-06-08 15:45:00,24.6,24.0,36.98,1,1306.3,COOL
DVC-103,2026-06-06 10:15:00,24.76,24.0,33.0,1,1258.1,COOL
DVC-104,2026-06-10 21:45:00,23.5,26.0,30.01,0,39.8,FAN
DVC-104,2026-06-03 03:45:00,26.24,26.0,24.57,0,56.2,OFF
DVC-105,2026-06-07 14:00:00,24.43,24.0,37.02,1,1414.0,COOL
DVC-105,2026-06-01 03:30:00,26.44,26.0,25.66,0,45.6,OFF
DVC-102,2026-06-09 09:00:00,25.83,24.0,30.61,1,1201.0,COOL
DVC-102,2026-06-11 19:30:00,24.45,24.0,33.32,1,1087.6,COOL
DVC-101,2026-06-09 18:15:00,24.19,24.0,34.98,1,1530.1,COOL
DVC-104,2026-06-06 15:15:00,24.61,24.0,36.12,0,41.7,FAN
DVC-105,2026-06-01 03:15:00,26.47,26.0,24.72,0,55.3,OFF
DVC-101,2026-06-13 04:45:00,25.44,26.0,24.47,0,45.8,OFF
DVC-104,2026-06-03 07:15:00,26.53,26.0,28.55,0,24.1,OFF
DVC-101,2026-06-10 04:45:00,26.25,26.0,24.92,0,45.4,OFF
DVC-105,2026-06-03 11:15:00,24.24,24.0,34.49,1,1396.5,COOL
DVC-102,2026-06-09 12:30:00,24.36,24.0,36.0,1,1479.9,COOL
DVC-105,2026-06-11 06:15:00,26.17,26.0,28.03,0,44.3,OFF
DVC-102,2026-06-12 02:45:00,25.52,26.0,24.15,0,26.5,OFF
DVC-105,2026-06-10 11:00:00,24.64,24.0,33.53,0,56.1,FAN
DVC-105,2026-06-12 19:30:00,24.17,24.0,33.27,1,1362.4,COOL
DVC-104,2026-06-06 04:00:00,25.9,26.0,24.98,0,36.6,OFF
DVC-105,2026-06-02 19:15:00,24.61,24.0,34.24,0,27.5,FAN
DVC-102,2026-06-04 04:45:00,25.91,26.0,25.96,0,41.1,OFF
DVC-101,2026-06-12 21:45:00,25.3,26.0,29.5,0,55.5,FAN
DVC-104,2026-06-01 06:45:00,26.76,26.0,27.43,0,34.8,OFF
DVC-105,2026-06-14 22:45:00,25.85,26.0,29.18,0,46.9,OFF
DVC-103,2026-06-02 22:00:00,25.14,26.0,29.51,0,62.0,OFF
DVC-104,2026-06-13 10:45:00,23.5,24.0,33.02,1,1517.1,COOL
DVC-102,2026-06-11 04:00:00,25.54,26.0,25.67,0,61.3,OFF
DVC-101,2026-06-10 13:30:00,24.6,24.0,37.36,0,27.4,FAN
DVC-101,2026-06-06 04:45:00,26.05,26.0,24.72,0,24.5,OFF
DVC-104,2026-06-04 18:30:00,24.46,24.0,34.71,1,1397.9,COOL
DVC-102,2026-06-02 23:30:00,26.43,26.0,27.53,0,50.2,OFF
DVC-104,2026-06-11 15:00:00,23.5,24.0,38.36,1,1540.9,COOL
DVC-101,2026-06-05 05:15:00,26.08,26.0,25.85,0,47.2,OFF
DVC-105,2026-06-02 09:45:00,25.33,24.0,31.3,1,1440.0,COOL
DVC-102,2026-06-04 09:00:00,25.95,24.0,31.22,1,1153.1,COOL
DVC-105,2026-06-03 20:45:00,24.17,24.0,31.23,1,1332.9,COOL
DVC-101,2026-06-07 13:30:00,24.82,24.0,37.51,0,56.8,FAN
DVC-102,2026-06-11 23:45:00,26.18,26.0,27.29,0,52.9,OFF
DVC-101,2026-06-11 23:30:00,26.25,26.0,26.52,0,54.8,OFF
DVC-103,2026-06-14 23:30:00,25.78,26.0,26.93,0,43.2,OFF
DVC-104,2026-06-02 23:00:00,26.62,26.0,27.62,0,24.0,OFF
DVC-104,2026-06-04 08:30:00,26.38,26.0,30.32,0,30.3,FAN
DVC-102,2026-06-04 21:15:00,25.05,26.0,29.91,0,42.4,FAN
DVC-104,2026-06-07 13:30:00,24.23,24.0,36.56,1,1257.7,COOL
DVC-105,2026-06-02 20:30:00,24.33,24.0,32.38,1,1422.3,COOL
DVC-101,2026-06-03 03:45:00,25.56,26.0,24.38,0,45.7,OFF
DVC-105,2026-06-06 01:00:00,26.1,26.0,27.53,0,50.7,OFF
DVC-105,2026-06-09 18:15:00,24.11,24.0,35.14,1,1103.2,COOL
DVC-102,2026-06-04 21:30:00,25.51,26.0,30.37,0,58.1,FAN
DVC-103,2026-06-10 12:00:00,24.59,24.0,35.87,0,34.9,FAN
DVC-103,2026-06-09 18:15:00,24.25,24.0,34.86,1,1342.5,COOL
DVC-102,2026-06-13 18:45:00,24.13,24.0,34.53,1,1435.8,COOL
DVC-105,2026-06-09 02:45:00,25.99,26.0,25.29,0,42.6,OFF
DVC-102,2026-06-12 15:30:00,24.61,24.0,37.23,0,32.0,FAN
DVC-105,2026-06-10 05:15:00,25.37,26.0,26.38,0,42.9,OFF
DVC-102,2026-06-04 10:30:00,24.31,24.0,32.61,1,1332.4,COOL
DVC-102,2026-06-09 12:15:00,24.65,24.0,36.23,0,45.3,FAN
DVC-104,2026-06-13 05:45:00,23.5,26.0,26.01,0,39.4,OFF
DVC-105,2026-06-03 19:00:00,24.85,24.0,33.57,0,75.0,FAN
DVC-101,2026-06-10 10:30:00,24.53,24.0,33.16,1,1240.9,COOL
DVC-102,2026-06-02 02:00:00,25.77,26.0,25.15,0,56.2,OFF
DVC-104,2026-06-03 17:00:00,24.18,24.0,35.98,1,1246.3,COOL
DVC-103,2026-06-05 02:45:00,26.14,26.0,24.42,0,24.0,OFF
DVC-102,2026-06-03 06:30:00,26.69,26.0,27.73,0,40.3,OFF
DVC-105,2026-06-02 05:45:00,25.72,26.0,26.73,0,47.8,OFF
DVC-101,2026-06-06 07:15:00,26.26,26.0,28.63,0,41.5,OFF
DVC-105,2026-06-09 22:00:00,25.06,26.0,29.45,0,57.5,OFF
DVC-103,2026-06-05 19:15:00,24.27,24.0,33.48,1,1286.6,COOL
DVC-103,2026-06-11 18:00:00,24.66,24.0,34.93,0,49.7,FAN
DVC-102,2026-06-12 03:00:00,25.44,26.0,26.22,0,60.1,OFF
DVC-105,2026-06-09 18:30:00,24.62,24.0,34.54,0,37.6,FAN
DVC-101,2026-06-01 03:30:00,26.0,26.0,25.33,0,4803.8,OFF
DVC-105,2026-06-04 09:45:00,24.97,24.0,32.25,1,1445.4,COOL
DVC-105,2026-06-10 22:30:00,25.92,26.0,29.11,0,50.8,OFF
DVC-104,2026-06-13 21:30:00,23.5,26.0,30.73,0,28.7,FAN
DVC-102,2026-06-03 02:30:00,26.52,26.0,24.34,0,44.0,OFF
DVC-103,2026-06-02 05:00:00,25.85,26.0,26.75,0,45.5,OFF
DVC-105,2026-06-07 21:45:00,25.54,26.0,30.57,0,38.9,FAN
DVC-103,2026-06-04 09:30:00,25.7,24.0,31.5,1,1233.1,COOL
DVC-104,2026-06-04 07:30:00,26.6,26.0,29.21,0,34.6,OFF
DVC-102,2026-06-11 21:00:00,24.54,26.0,31.21,0,57.5,FAN
DVC-102,2026-06-01 05:15:00,26.66,26.0,25.99,0,34.1,OFF
DVC-105,2026-06-01 10:45:00,24.09,24.0,32.72,1,1352.4,COOL
DVC-104,2026-06-10 20:15:00,23.5,24.0,32.78,0,41.7,FAN
DVC-103,2026-06-12 16:15:00,24.31,24.0,36.16,1,1385.5,COOL
DVC-103,2026-06-14 19:00:00,24.45,24.0,34.77,0,44.8,FAN
DVC-101,2026-06-10 20:00:00,24.11,24.0,32.73,1,1342.5,COOL
DVC-102,2026-06-13 01:00:00,25.75,26.0,26.64,0,57.3,OFF
DVC-105,2026-06-03 21:00:00,24.43,26.0,31.67,0,56.1,FAN
DVC-101,2026-06-11 13:30:00,24.21,24.0,35.92,1,1316.0,COOL
DVC-103,2026-06-02 11:15:00,24.66,24.0,35.39,0,56.0,FAN
DVC-102,2026-06-12 04:00:00,25.34,26.0,25.2,0,44.5,OFF
DVC-105,2026-06-07 20:00:00,24.15,24.0,30.67,1,1281.1,COOL
DVC-101,2026-06-03 00:30:00,26.16,26.0,25.58,0,30.6,OFF
DVC-105,2026-06-07 13:45:00,24.76,24.0,36.98,1,1263.2,COOL
DVC-104,2026-06-12 08:30:00,23.5,26.0,30.11,0,53.2,FAN
DVC-102,2026-06-03 12:15:00,24.51,24.0,35.23,1,1465.5,COOL
DVC-102,2026-06-01 19:00:00,24.39,24.0,34.49,1,1447.5,COOL
DVC-103,2026-06-01 09:45:00,25.06,24.0,32.05,1,1259.7,COOL
DVC-105,2026-06-14 13:30:00,24.45,24.0,38.22,1,1222.7,COOL
DVC-104,2026-06-04 21:00:00,24.61,26.0,31.51,0,38.5,FAN
DVC-102,2026-06-13 06:00:00,25.4,26.0,26.05,0,55.3,OFF
DVC-105,2026-06-13 21:15:00,24.9,26.0,31.44,0,44.7,FAN
DVC-103,2026-06-10 01:00:00,26.25,26.0,26.11,0,47.6,OFF
DVC-103,2026-06-04 13:15:00,24.55,24.0,36.49,0,35.1,FAN
DVC-103,2026-06-05 19:45:00,24.39,24.0,32.91,1,1330.6,COOL
DVC-103,2026-06-03 20:45:00,24.26,24.0,31.81,1,1344.5,COOL
DVC-104,2026-06-14 04:45:00,23.5,26.0,25.22,0,43.7,OFF
DVC-103,2026-06-02 01:00:00,25.59,26.0,25.73,0,38.4,OFF
DVC-103,2026-06-13 12:45:00,24.31,24.0,36.77,1,1503.0,COOL
DVC-101,2026-06-01 12:45:00,24.8,24.0,36.37,0,60.2,FAN
DVC-103,2026-06-06 06:30:00,25.78,26.0,27.5,0,49.6,OFF
DVC-104,2026-06-08 23:30:00,26.04,26.0,26.25,0,64.6,OFF
DVC-101,2026-06-03 14:00:00,24.79,24.0,38.54,0,45.1,FAN
DVC-102,2026-06-14 05:45:00,25.36,26.0,26.69,0,53.5,OFF
DVC-102,2026-06-04 15:30:00,24.55,24.0,36.59,0,46.6,FAN
DVC-105,2026-06-06 22:00:00,25.67,26.0,29.86,0,50.2,OFF
DVC-101,2026-06-12 23:15:00,26.15,26.0,28.28,0,32.1,OFF
DVC-101,2026-06-09 05:15:00,25.5,26.0,25.92,0,54.1,OFF
DVC-103,2026-06-13 09:45:00,25.14,24.0,32.66,1,1339.3,COOL
DVC-101,2026-06-04 03:15:00,24.78,26.0,24.09,0,35.9,OFF
DVC-105,2026-06-07 03:45:00,26.05,26.0,25.28,0,38.7,OFF
DVC-102,2026-06-08 14:00:00,24.31,24.0,35.75,1,1285.2,COOL
DVC-102,2026-06-03 22:45:00,25.84,26.0,28.35,0,50.9,OFF
DVC-104,2026-06-04 11:45:00,24.05,24.0,34.42,1,1305.7,COOL
DVC-102,2026-06-14 06:15:00,25.57,26.0,27.11,0,52.4,OFF
DVC-101,2026-06-04 15:00:00,24.29,24.0,36.05,1,1429.2,COOL
DVC-101,2026-06-02 13:30:00,24.18,24.0,36.45,1,1356.4,COOL
DVC-105,2026-06-13 14:45:00,24.17,24.0,37.23,1,1401.6,COOL
DVC-105,2026-06-01 04:45:00,25.93,26.0,24.4,0,57.4,OFF
DVC-102,2026-06-14 15:15:00,24.83,24.0,37.22,0,38.9,FAN
DVC-102,2026-06-08 07:45:00,26.49,26.0,29.22,0,63.7,OFF
DVC-103,2026-06-03 02:00:00,26.04,26.0,24.96,0,47.0,OFF
DVC-105,2026-06-10 22:15:00,25.64,26.0,29.79,0,47.1,OFF
DVC-103,2026-06-03 14:45:00,24.52,24.0,36.94,1,1260.1,COOL
DVC-104,2026-06-10 13:00:00,23.5,24.0,36.42,1,1251.7,COOL
DVC-104,2026-06-01 15:45:00,24.5,24.0,37.2,1,1389.5,COOL
DVC-101,2026-06-03 04:30:00,25.26,26.0,26.01,0,43.6,OFF
DVC-101,2026-06-14 00:15:00,26.08,26.0,25.55,0,37.3,OFF
DVC-101,2026-06-13 04:30:00,25.55,26.0,24.77,0,51.1,OFF
DVC-103,2026-06-10 06:45:00,25.47,26.0,26.68,0,77.0,OFF
DVC-105,2026-06-07 06:30:00,26.12,26.0,28.41,0,30.7,OFF
DVC-103,2026-06-11 02:30:00,25.93,26.0,24.93,0,19.7,OFF
DVC-102,2026-06-06 11:00:00,24.37,24.0,34.01,0,33.7,FAN
DVC-105,2026-06-11 13:00:00,24.11,24.0,35.79,1,1250.7,COOL
DVC-101,2026-06-10 15:45:00,24.2,24.0,37.13,1,1208.3,COOL
DVC-105,2026-06-12 04:45:00,25.39,26.0,26.32,0,37.1,OFF
DVC-103,2026-06-06 09:00:00,26.1,24.0,31.66,1,1143.9,COOL
DVC-102,2026-06-09 17:00:00,24.35,24.0,35.81,1,1551.6,COOL
DVC-104,2026-06-10 05:00:00,23.5,26.0,25.41,0,55.8,OFF
DVC-102,2026-06-10 03:15:00,26.15,26.0,25.2,0,46.9,OFF
DVC-101,2026-06-13 02:00:00,85.0,26.0,24.49,0,64.2,OFF
DVC-105,2026-06-05 10:15:00,24.94,24.0,33.77,1,1262.2,COOL
DVC-105,2026-06-11 10:00:00,25.13,24.0,33.68,1,1355.6,COOL
DVC-103,2026-06-04 07:00:00,26.21,26.0,27.82,0,33.3,OFF
DVC-104,2026-06-05 07:45:00,25.44,26.0,28.97,0,69.4,OFF
DVC-102,2026-06-06 08:00:00,26.16,26.0,28.55,1,1411.4,COOL
DVC-101,2026-06-05 00:30:00,26.01,26.0,26.5,0,45.6,OFF
DVC-104,2026-06-07 00:15:00,26.86,26.0,26.35,0,64.5,OFF
DVC-103,2026-06-06 01:15:00,25.58,26.0,26.01,0,38.7,OFF
DVC-105,2026-06-08 23:45:00,26.48,26.0,28.27,0,34.5,OFF
DVC-105,2026-06-14 20:45:00,24.56,24.0,30.59,1,1201.8,COOL
DVC-101,2026-06-12 16:15:00,24.76,24.0,36.68,0,31.6,FAN
DVC-104,2026-06-04 17:00:00,24.4,24.0,35.99,1,1397.8,COOL
DVC-105,2026-06-06 13:45:00,24.29,24.0,35.27,1,1428.2,COOL
DVC-105,2026-06-08 16:00:00,24.74,24.0,36.74,0,56.0,FAN
DVC-104,2026-06-01 05:45:00,26.78,26.0,25.74,0,37.5,OFF
DVC-101,2026-06-06 17:15:00,24.5,24.0,36.39,1,1233.4,COOL
DVC-105,2026-06-07 22:45:00,26.35,26.0,28.32,0,32.8,OFF
DVC-104,2026-06-14 00:00:00,23.5,26.0,27.26,0,34.5,OFF
DVC-101,2026-06-06 14:30:00,24.36,24.0,35.51,1,1126.7,COOL
DVC-101,2026-06-06 05:45:00,25.97,26.0,25.59,0,51.5,OFF
DVC-102,2026-06-06 08:15:00,26.51,26.0,29.82,0,59.9,FAN
DVC-103,2026-06-01 08:30:00,26.44,26.0,31.7,0,41.5,FAN
DVC-102,2026-06-14 10:45:00,24.43,24.0,33.95,0,50.3,FAN
DVC-103,2026-06-04 01:00:00,26.43,26.0,25.75,0,57.6,OFF
DVC-105,2026-06-10 21:00:00,24.68,26.0,30.47,0,58.6,FAN
DVC-101,2026-06-05 14:15:00,24.44,24.0,37.08,1,1368.1,COOL
DVC-103,2026-06-01 06:15:00,25.95,26.0,28.02,0,44.0,OFF
DVC-102,2026-06-07 13:30:00,24.06,24.0,37.14,1,1333.2,COOL
DVC-101,2026-06-04 02:45:00,24.88,26.0,25.21,0,23.2,OFF
DVC-101,2026-06-05 05:30:00,26.14,26.0,26.17,0,48.3,OFF
DVC-103,2026-06-11 22:00:00,24.78,26.0,28.38,0,42.3,OFF
DVC-103,2026-06-07 02:30:00,25.51,26.0,25.95,0,54.2,OFF
DVC-101,2026-06-02 16:15:00,24.76,24.0,36.25,0,45.0,FAN
DVC-101,2026-06-07 20:45:00,24.57,24.0,31.2,0,34.9,FAN
DVC-104,2026-06-03 02:30:00,26.62,26.0,25.07,0,52.0,OFF
DVC-105,2026-06-14 10:45:00,24.0,24.0,33.13,1,1234.2,COOL
DVC-105,2026-06-06 18:45:00,24.14,24.0,33.14,1,1642.0,COOL
DVC-105,2026-06-05 05:15:00,25.6,26.0,26.12,0,46.8,OFF
DVC-102,2026-06-08 19:15:00,24.14,24.0,33.77,1,1618.7,COOL
DVC-102,2026-06-07 08:15:00,26.15,26.0,28.77,1,1157.6,COOL
DVC-103,2026-06-01 04:00:00,25.95,26.0,24.63,0,42.7,OFF
DVC-105,2026-06-02 23:30:00,25.77,26.0,27.5,0,49.6,OFF
DVC-103,2026-06-13 15:30:00,24.21,24.0,36.52,1,1220.1,COOL
DVC-101,2026-06-08 21:00:00,24.69,26.0,30.45,0,47.4,FAN
DVC-101,2026-06-11 15:30:00,24.26,24.0,37.19,1,1269.7,COOL
DVC-101,2026-06-13 00:15:00,26.12,26.0,26.15,0,38.5,OFF
DVC-105,2026-06-08 00:45:00,26.2,26.0,25.76,0,60.4,OFF
DVC-104,2026-06-03 04:30:00,26.02,26.0,25.32,0,58.4,OFF
DVC-104,2026-06-14 20:00:00,23.5,24.0,33.12,1,1285.8,COOL
DVC-104,2026-06-07 23:30:00,26.35,26.0,27.18,0,61.5,OFF
DVC-104,2026-06-14 09:30:00,23.5,24.0,32.5,1,1395.1,COOL
DVC-105,2026-06-11 17:00:00,24.11,24.0,37.08,1,1243.6,COOL
DVC-105,2026-06-01 18:45:00,24.4,24.0,33.78,0,57.4,FAN
DVC-102,2026-06-03 17:45:00,24.63,24.0,35.26,1,1457.7,COOL
DVC-103,2026-06-05 14:45:00,24.41,24.0,36.59,1,1298.1,COOL
DVC-101,2026-06-11 05:15:00,25.22,26.0,25.09,0,65.6,OFF
DVC-105,2026-06-09 02:15:00,26.5,26.0,25.07,0,41.7,OFF
DVC-105,2026-06-10 01:45:00,25.56,26.0,25.59,0,30.8,OFF
DVC-101,2026-06-12 09:30:00,25.55,24.0,31.39,1,1538.2,COOL
DVC-104,2026-06-06 19:00:00,24.13,24.0,34.97,1,1303.6,COOL
DVC-101,2026-06-04 13:15:00,24.7,24.0,36.56,0,19.0,FAN
DVC-104,2026-06-09 09:00:00,23.5,24.0,32.19,1,1461.4,COOL
DVC-105,2026-06-06 02:00:00,26.04,26.0,25.07,0,62.3,OFF
DVC-105,2026-06-05 17:00:00,24.45,24.0,34.97,0,41.4,FAN
DVC-103,2026-06-10 08:30:00,26.1,26.0,31.17,0,37.5,FAN
DVC-101,2026-06-10 18:30:00,24.38,24.0,35.22,1,1406.0,COOL
DVC-101,2026-06-05 06:30:00,26.0,26.0,26.46,0,51.0,OFF
DVC-101,2026-06-14 05:45:00,25.3,26.0,27.36,0,48.2,OFF
DVC-104,2026-06-08 13:45:00,24.46,24.0,36.64,0,42.3,FAN
DVC-103,2026-06-10 11:15:00,24.15,24.0,34.64,1,1344.2,COOL
DVC-101,2026-06-05 07:45:00,26.07,26.0,29.19,0,48.4,OFF
DVC-101,2026-06-14 17:00:00,24.21,24.0,36.07,1,1230.6,COOL
DVC-105,2026-06-10 05:30:00,25.54,26.0,27.0,0,36.8,OFF
DVC-101,2026-06-14 07:45:00,25.41,26.0,28.94,0,34.4,OFF
DVC-102,2026-06-12 03:15:00,25.4,26.0,25.2,0,47.2,OFF
DVC-101,2026-06-12 15:30:00,24.16,24.0,37.16,1,1341.3,COOL
DVC-102,2026-06-07 04:45:00,26.05,26.0,23.93,0,45.1,OFF
DVC-103,2026-06-10 11:30:00,24.47,24.0,33.65,0,41.0,FAN
DVC-104,2026-06-01 18:45:00,24.78,24.0,33.86,0,54.1,FAN
DVC-101,2026-06-11 18:00:00,24.34,24.0,34.94,1,1476.2,COOL
DVC-101,2026-06-07 13:15:00,24.27,24.0,34.93,1,1339.5,COOL
DVC-101,2026-06-04 08:00:00,25.78,26.0,29.92,0,42.1,FAN
DVC-102,2026-06-11 10:30:00,24.35,24.0,32.67,1,1498.3,COOL
DVC-101,2026-06-08 05:15:00,25.36,26.0,24.66,0,63.4,OFF
DVC-103,2026-06-07 01:30:00,25.59,26.0,24.75,0,34.6,OFF
DVC-102,2026-06-04 04:30:00,25.9,26.0,25.74,0,58.0,OFF
DVC-101,2026-06-10 02:45:00,25.88,26.0,23.84,0,54.7,OFF
DVC-102,2026-06-08 11:30:00,24.02,24.0,34.62,1,1308.2,COOL
DVC-102,2026-06-09 01:15:00,25.22,26.0,26.3,0,52.6,OFF
DVC-105,2026-06-11 03:45:00,26.11,26.0,24.64,0,37.2,OFF
DVC-105,2026-06-04 23:45:00,25.75,26.0,26.62,0,38.0,OFF
DVC-104,2026-06-12 16:15:00,23.5,24.0,36.35,0,60.0,FAN
DVC-105,2026-06-12 02:45:00,25.66,26.0,25.57,0,30.3,OFF
DVC-105,2026-06-08 23:30:00,26.36,26.0,26.86,0,45.6,OFF
DVC-103,2026-06-12 12:45:00,24.1,24.0,35.34,1,1848.1,COOL
DVC-101,2026-06-13 09:30:00,25.4,24.0,32.7,1,1403.4,COOL
DVC-104,2026-06-10 09:15:00,23.5,24.0,31.11,1,1377.3,COOL
DVC-101,2026-06-13 07:15:00,25.77,26.0,28.86,0,32.7,OFF
DVC-105,2026-06-14 21:30:00,24.97,26.0,30.11,0,26.1,FAN
DVC-103,2026-06-11 18:45:00,24.66,24.0,33.89,0,52.1,FAN
DVC-104,2026-06-05 13:15:00,24.35,24.0,36.17,1,1396.7,COOL
DVC-103,2026-06-08 18:00:00,24.21,24.0,35.03,1,1004.7,COOL
DVC-104,2026-06-13 17:30:00,23.5,24.0,35.07,1,1434.9,COOL
DVC-101,2026-06-14 13:45:00,24.29,24.0,37.13,1,1313.5,COOL
DVC-102,2026-06-02 20:30:00,24.1,24.0,31.97,1,1368.3,COOL
DVC-105,2026-06-08 00:15:00,26.55,26.0,27.07,0,38.4,OFF
DVC-101,2026-06-06 15:15:00,24.31,24.0,36.49,1,1602.8,COOL
DVC-104,2026-06-08 09:00:00,25.96,24.0,31.17,1,1381.4,COOL
DVC-102,2026-06-11 15:30:00,24.53,24.0,35.86,0,35.9,FAN
DVC-103,2026-06-03 12:45:00,24.37,24.0,35.6,1,1291.4,COOL
DVC-103,2026-06-02 23:15:00,26.02,26.0,27.57,0,32.8,OFF
DVC-103,2026-06-01 12:00:00,24.6,24.0,35.3,0,35.5,FAN
DVC-105,2026-06-02 09:15:00,25.95,24.0,31.13,1,1461.4,COOL
DVC-102,2026-06-06 13:30:00,24.44,24.0,37.52,0,57.4,FAN
DVC-104,2026-06-03 23:15:00,26.06,26.0,28.21,0,39.3,OFF
DVC-101,2026-06-07 18:30:00,24.48,24.0,35.76,0,35.3,FAN
DVC-103,2026-06-02 00:00:00,25.59,26.0,27.39,0,52.5,OFF
DVC-105,2026-06-06 03:15:00,25.57,26.0,24.72,0,53.8,OFF
DVC-102,2026-06-06 16:15:00,24.7,24.0,34.84,0,53.0,FAN
DVC-105,2026-06-07 22:30:00,26.1,26.0,29.58,0,30.1,OFF
DVC-105,2026-06-09 06:30:00,25.94,26.0,26.7,0,43.2,OFF
DVC-102,2026-06-01 22:45:00,25.61,26.0,27.96,0,48.4,OFF
DVC-103,2026-06-10 05:00:00,25.41,26.0,25.39,0,46.0,OFF
DVC-104,2026-06-06 15:00:00,24.08,24.0,38.03,1,1458.6,COOL
DVC-104,2026-06-05 09:00:00,25.88,24.0,31.26,1,1414.5,COOL
DVC-105,2026-06-08 14:15:00,24.36,24.0,37.58,1,1175.5,COOL
DVC-104,2026-06-13 16:00:00,23.5,24.0,36.48,1,1351.4,COOL
DVC-103,2026-06-05 15:30:00,24.31,24.0,38.18,1,1261.4,COOL
DVC-101,2026-06-12 03:30:00,25.98,26.0,24.93,0,45.2,OFF
DVC-101,2026-06-14 21:45:00,25.51,26.0,30.95,0,59.3,FAN
DVC-103,2026-06-04 20:00:00,24.06,24.0,32.0,1,1306.0,COOL
DVC-102,2026-06-12 12:30:00,24.38,24.0,36.58,0,51.4,FAN
DVC-103,2026-06-02 23:45:00,26.11,26.0,26.79,0,26.2,OFF
DVC-104,2026-06-03 03:00:00,26.39,26.0,24.49,0,43.0,OFF
DVC-101,2026-06-12 07:45:00,26.69,26.0,28.15,0,55.8,OFF
DVC-104,2026-06-14 22:45:00,23.5,26.0,27.75,0,42.4,OFF
DVC-104,2026-06-04 02:45:00,25.98,26.0,24.81,0,50.1,OFF
DVC-105,2026-06-09 14:15:00,24.58,24.0,36.84,0,36.3,FAN
DVC-101,2026-06-01 14:15:00,24.84,24.0,37.78,0,48.6,FAN
DVC-103,2026-06-10 04:45:00,25.56,26.0,25.44,0,37.4,OFF
DVC-102,2026-06-11 01:00:00,26.06,26.0,26.06,0,60.4,OFF
DVC-102,2026-06-07 09:15:00,25.41,24.0,31.58,1,1451.3,COOL
DVC-104,2026-06-09 20:15:00,23.5,24.0,31.62,0,54.2,FAN
DVC-104,2026-06-10 00:30:00,23.5,26.0,24.84,0,32.6,OFF
DVC-104,2026-06-06 11:45:00,24.07,24.0,36.23,1,1335.7,COOL
DVC-105,2026-06-01 05:15:00,25.85,26.0,26.82,0,45.7,OFF
DVC-103,2026-06-14 21:00:00,24.47,26.0,30.9,0,57.5,FAN
DVC-105,2026-06-08 01:45:00,26.08,26.0,24.66,0,48.8,OFF
DVC-103,2026-06-04 15:00:00,24.24,24.0,36.3,1,1323.7,COOL
DVC-105,2026-06-01 02:00:00,26.61,26.0,25.7,0,40.5,OFF
DVC-101,2026-06-13 13:00:00,24.86,24.0,35.81,0,41.3,FAN
DVC-105,2026-06-07 07:15:00,26.4,26.0,28.64,0,48.7,OFF
DVC-104,2026-06-03 12:15:00,24.83,24.0,36.83,0,42.0,FAN
DVC-105,2026-06-05 05:00:00,25.56,26.0,25.63,0,38.2,OFF
DVC-103,2026-06-10 10:15:00,24.57,24.0,33.71,1,1401.8,COOL
DVC-103,2026-06-10 14:15:00,24.55,24.0,36.68,0,41.8,FAN
DVC-104,2026-06-08 18:15:00,24.52,24.0,34.17,0,53.2,FAN
DVC-101,2026-06-04 19:30:00,24.31,24.0,32.85,0,44.7,FAN
DVC-103,2026-06-09 13:45:00,24.84,24.0,36.37,0,40.4,FAN
DVC-104,2026-06-08 19:15:00,24.21,24.0,33.07,1,1656.2,COOL
DVC-104,2026-06-02 07:30:00,26.72,26.0,28.88,0,35.2,OFF
DVC-101,2026-06-08 03:30:00,25.33,26.0,25.53,0,43.6,OFF
DVC-103,2026-06-14 16:15:00,23.98,24.0,36.91,1,1182.3,COOL
DVC-104,2026-06-01 19:45:00,24.33,24.0,31.72,0,39.3,FAN
DVC-102,2026-06-05 11:00:00,24.35,24.0,34.0,1,1349.0,COOL
DVC-102,2026-06-10 05:00:00,25.72,26.0,26.55,0,37.0,OFF
DVC-101,2026-06-04 02:15:00,25.17,26.0,24.89,0,37.0,OFF
DVC-101,2026-06-01 22:00:00,25.22,26.0,29.74,0,17.5,OFF
DVC-105,2026-06-05 13:30:00,24.34,24.0,36.56,1,1206.7,COOL
DVC-101,2026-06-10 23:45:00,26.04,26.0,27.29,0,61.4,OFF
DVC-101,2026-06-02 09:30:00,25.31,24.0,30.9,1,1359.4,COOL
DVC-104,2026-06-07 04:45:00,26.13,26.0,25.48,0,36.4,OFF
DVC-101,2026-06-02 15:45:00,24.65,24.0,36.17,0,63.0,FAN
DVC-102,2026-06-03 03:00:00,26.47,26.0,25.25,0,44.5,OFF
DVC-104,2026-06-03 01:00:00,26.59,26.0,25.47,0,50.3,OFF
DVC-105,2026-06-04 23:30:00,25.62,26.0,26.67,0,35.6,OFF
DVC-101,2026-06-03 07:15:00,25.51,26.0,28.49,0,29.1,OFF
DVC-105,2026-06-10 20:15:00,24.58,24.0,33.33,0,38.1,FAN
DVC-103,2026-06-04 13:45:00,24.86,24.0,36.95,0,46.4,FAN
DVC-105,2026-06-09 14:00:00,24.18,24.0,37.48,1,1337.1,COOL
DVC-103,2026-06-03 13:30:00,24.14,24.0,37.48,1,1531.0,COOL
DVC-104,2026-06-08 10:00:00,24.94,24.0,33.76,1,1501.0,COOL
DVC-101,2026-06-03 18:00:00,24.01,24.0,35.53,1,1206.7,COOL
DVC-105,2026-06-10 20:00:00,24.29,24.0,32.97,1,1417.5,COOL
DVC-103,2026-06-14 03:45:00,25.94,26.0,24.87,0,37.0,OFF
DVC-104,2026-06-07 16:30:00,24.6,24.0,36.49,1,1366.9,COOL
DVC-105,2026-06-12 22:45:00,25.83,26.0,27.15,0,48.2,OFF
DVC-104,2026-06-01 17:30:00,24.43,24.0,35.63,1,1153.7,COOL
DVC-105,2026-06-10 11:45:00,24.42,24.0,36.06,0,43.6,FAN
DVC-105,2026-06-06 17:15:00,24.19,24.0,35.66,1,1118.3,COOL
DVC-102,2026-06-10 15:00:00,24.14,24.0,38.13,1,1441.8,COOL
DVC-104,2026-06-09 13:00:00,23.5,24.0,36.01,0,25.0,FAN
DVC-101,2026-06-05 23:00:00,26.25,26.0,28.64,0,4214.5,OFF
DVC-101,2026-06-06 01:15:00,26.23,26.0,25.52,0,50.0,OFF
DVC-103,2026-06-13 12:30:00,24.59,24.0,35.66,0,43.6,FAN
DVC-104,2026-06-01 16:15:00,25.03,24.0,36.73,0,39.8,FAN
DVC-101,2026-06-06 07:00:00,26.26,26.0,27.66,0,60.7,OFF
DVC-101,2026-06-06 06:45:00,26.04,26.0,27.93,0,57.1,OFF
DVC-101,2026-06-14 11:45:00,24.13,24.0,35.46,1,1456.6,COOL
DVC-104,2026-06-04 23:30:00,25.68,26.0,28.39,0,45.2,OFF
DVC-105,2026-06-05 22:15:00,25.43,26.0,29.29,0,37.7,OFF
DVC-104,2026-06-01 04:00:00,26.32,26.0,26.05,0,47.1,OFF
DVC-103,2026-06-04 15:15:00,24.94,24.0,37.28,0,46.3,FAN
DVC-105,2026-06-14 11:15:00,24.3,24.0,33.57,1,1413.7,COOL
DVC-102,2026-06-12 05:45:00,25.57,26.0,25.96,0,43.3,OFF
DVC-101,2026-06-08 09:45:00,25.01,24.0,32.59,1,1285.0,COOL
DVC-103,2026-06-10 22:30:00,26.11,26.0,28.76,0,43.2,OFF
DVC-103,2026-06-12 02:15:00,25.65,26.0,25.44,0,63.4,OFF
DVC-101,2026-06-02 21:45:00,25.27,26.0,30.49,0,22.2,FAN
DVC-105,2026-06-06 10:30:00,24.72,24.0,33.2,1,1396.7,COOL
DVC-103,2026-06-11 17:00:00,24.81,24.0,36.83,0,40.9,FAN
DVC-104,2026-06-09 01:30:00,23.5,26.0,25.04,0,29.0,OFF
DVC-102,2026-06-03 11:15:00,24.28,24.0,35.24,1,1345.8,COOL
DVC-103,2026-06-09 21:30:00,25.0,26.0,29.7,0,37.7,FAN
DVC-105,2026-06-03 08:00:00,26.4,26.0,29.42,0,34.9,FAN
DVC-103,2026-06-04 19:45:00,24.38,24.0,32.46,1,1399.9,COOL
DVC-102,2026-06-03 09:15:00,25.63,24.0,31.23,1,1367.5,COOL
DVC-104,2026-06-11 14:30:00,23.5,24.0,37.79,0,31.9,FAN
DVC-103,2026-06-03 01:45:00,26.06,26.0,25.41,0,46.6,OFF
DVC-102,2026-06-02 21:45:00,25.51,26.0,30.66,0,23.4,FAN
DVC-102,2026-06-01 22:15:00,25.08,26.0,29.41,0,44.3,OFF
DVC-104,2026-06-06 21:15:00,24.61,26.0,30.66,0,40.4,FAN
DVC-104,2026-06-09 16:45:00,23.5,24.0,36.32,1,1241.1,COOL
DVC-101,2026-06-09 23:45:00,26.38,26.0,27.09,0,45.0,OFF
DVC-101,2026-06-04 08:45:00,26.31,26.0,31.06,0,50.5,FAN
DVC-105,2026-06-13 20:45:00,24.22,24.0,31.6,1,1298.4,COOL
DVC-105,2026-06-02 15:30:00,24.37,24.0,36.78,1,1408.4,COOL
DVC-104,2026-06-10 02:45:00,23.5,26.0,24.92,0,53.5,OFF
DVC-104,2026-06-12 19:45:00,23.5,24.0,32.19,1,1458.3,COOL
DVC-104,2026-06-12 21:00:00,23.5,26.0,30.07,0,44.6,FAN
DVC-101,2026-06-04 02:00:00,25.25,26.0,25.38,0,33.4,OFF
DVC-103,2026-06-07 05:30:00,25.6,26.0,25.14,0,50.8,OFF
DVC-103,2026-06-02 16:00:00,24.2,24.0,36.58,1,1325.2,COOL
DVC-103,2026-06-04 10:30:00,24.49,24.0,33.85,1,1476.4,COOL
DVC-105,2026-06-08 13:30:00,24.52,24.0,36.58,0,36.4,FAN
DVC-101,2026-06-09 10:30:00,24.12,24.0,33.17,1,1197.7,COOL
DVC-102,2026-06-09 06:00:00,25.03,26.0,26.73,0,48.6,OFF
DVC-104,2026-06-13 00:30:00,23.5,26.0,27.19,0,46.8,OFF
DVC-105,2026-06-13 17:00:00,24.76,24.0,36.36,0,49.2,FAN
DVC-104,2026-06-08 11:30:00,24.64,24.0,35.06,0,32.2,FAN
DVC-101,2026-06-04 01:15:00,25.48,26.0,24.08,0,41.0,OFF
DVC-103,2026-06-11 02:00:00,-99.0,26.0,25.6,0,38.7,OFF
DVC-101,2026-06-10 01:15:00,26.53,26.0,25.59,0,27.7,OFF
DVC-105,2026-06-02 03:45:00,25.91,26.0,24.9,0,30.6,OFF
DVC-102,2026-06-10 16:30:00,24.06,24.0,36.05,1,1245.0,COOL
DVC-103,2026-06-13 23:30:00,25.82,26.0,27.47,0,43.0,OFF
DVC-103,2026-06-12 13:15:00,24.48,24.0,36.66,1,1248.3,COOL
DVC-101,2026-06-09 12:00:00,23.99,24.0,35.0,1,1346.3,COOL
DVC-105,2026-06-10 13:15:00,24.35,24.0,36.45,1,1341.5,COOL
DVC-101,2026-06-08 20:30:00,23.99,24.0,32.85,1,1467.1,COOL
DVC-102,2026-06-10 12:00:00,24.43,24.0,35.56,1,1380.3,COOL
DVC-103,2026-06-10 00:15:00,26.42,26.0,26.96,0,57.6,OFF
DVC-105,2026-06-07 08:00:00,26.66,26.0,29.62,1,1226.5,COOL
DVC-105,2026-06-13 08:30:00,26.3,26.0,31.03,1,1491.7,COOL
DVC-103,2026-06-05 04:00:00,26.0,26.0,25.66,0,40.1,OFF
DVC-104,2026-06-12 22:00:00,23.5,26.0,29.37,0,39.9,OFF
DVC-102,2026-06-01 06:00:00,26.84,26.0,26.67,0,58.6,OFF
DVC-104,2026-06-01 03:45:00,26.3,26.0,26.48,0,27.6,OFF
DVC-101,2026-06-06 07:45:00,26.62,26.0,28.89,0,56.2,OFF
DVC-102,2026-06-02 09:00:00,25.81,24.0,30.5,1,1430.9,COOL
DVC-104,2026-06-11 19:30:00,23.5,24.0,32.95,0,32.5,FAN
DVC-105,2026-06-01 23:30:00,26.17,26.0,27.27,0,51.6,OFF
DVC-104,2026-06-12 22:15:00,23.5,26.0,29.69,0,48.8,OFF
DVC-103,2026-06-13 20:15:00,24.2,24.0,31.16,1,1315.7,COOL
DVC-104,2026-06-04 10:00:00,24.87,24.0,33.63,1,1351.5,COOL
DVC-105,2026-06-03 22:30:00,25.54,26.0,29.97,0,39.6,OFF
DVC-105,2026-06-04 04:30:00,25.77,26.0,25.18,0,63.9,OFF
DVC-105,2026-06-11 04:00:00,25.94,26.0,25.19,0,39.9,OFF
DVC-105,2026-06-12 00:15:00,25.58,26.0,26.14,0,46.3,OFF
DVC-105,2026-06-14 06:00:00,26.35,26.0,27.61,0,43.0,OFF
DVC-105,2026-06-05 20:45:00,24.53,24.0,31.41,0,46.4,FAN
DVC-101,2026-06-12 11:30:00,24.09,24.0,35.01,1,1392.2,COOL
DVC-104,2026-06-11 10:15:00,23.5,24.0,33.34,1,1584.9,COOL
DVC-102,2026-06-01 11:45:00,24.31,24.0,34.9,1,1417.0,COOL
DVC-105,2026-06-08 11:30:00,24.23,24.0,33.84,1,1340.7,COOL
DVC-101,2026-06-07 03:45:00,26.04,26.0,25.26,0,44.3,OFF
DVC-105,2026-06-10 11:30:00,24.16,24.0,33.89,1,1281.4,COOL
DVC-101,2026-06-04 11:45:00,24.77,24.0,34.23,0,46.6,FAN
DVC-104,2026-06-06 06:45:00,25.8,26.0,27.71,0,44.4,OFF
DVC-104,2026-06-14 22:15:00,23.5,26.0,29.21,0,46.4,OFF
DVC-101,2026-06-09 15:30:00,24.15,24.0,37.19,1,1309.9,COOL
DVC-103,2026-06-11 06:15:00,25.88,26.0,27.07,0,36.0,OFF
DVC-101,2026-06-05 18:30:00,24.77,24.0,34.85,0,21.2,FAN
DVC-104,2026-06-02 09:00:00,25.9,24.0,30.51,1,1304.0,COOL
DVC-102,2026-06-02 21:30:00,25.43,26.0,31.49,0,56.5,FAN
DVC-101,2026-06-06 00:30:00,26.21,26.0,26.29,0,57.9,OFF
DVC-104,2026-06-02 04:00:00,26.07,26.0,25.2,0,28.0,OFF
DVC-101,2026-06-08 11:15:00,24.96,24.0,34.74,0,50.6,FAN
DVC-103,2026-06-10 18:30:00,24.73,24.0,34.78,0,56.3,FAN
DVC-102,2026-06-11 23:00:00,26.0,26.0,27.83,0,37.0,OFF
DVC-101,2026-06-08 20:45:00,24.3,24.0,32.07,0,59.3,FAN
DVC-104,2026-06-09 11:15:00,23.5,24.0,34.5,1,1522.8,COOL
DVC-105,2026-06-08 20:15:00,24.6,24.0,33.08,0,42.8,FAN
DVC-102,2026-06-04 17:30:00,24.43,24.0,34.97,0,65.6,FAN
DVC-105,2026-06-13 01:30:00,26.35,26.0,26.26,0,40.2,OFF
DVC-102,2026-06-14 05:30:00,25.36,26.0,25.7,0,65.4,OFF
DVC-101,2026-06-09 10:15:00,24.49,24.0,33.06,1,1372.1,COOL
DVC-103,2026-06-10 22:15:00,26.1,26.0,29.93,0,43.7,OFF
DVC-104,2026-06-12 12:00:00,23.5,24.0,35.29,1,1334.4,COOL
DVC-101,2026-06-05 08:30:00,26.15,26.0,30.18,1,1604.5,COOL
DVC-104,2026-06-11 16:00:00,23.5,24.0,35.89,1,1182.7,COOL
DVC-102,2026-06-14 01:45:00,25.9,26.0,25.39,0,44.4,OFF
DVC-101,2026-06-04 20:00:00,24.32,24.0,32.67,0,49.1,FAN
DVC-103,2026-06-09 19:45:00,24.33,24.0,32.19,1,1535.1,COOL
DVC-105,2026-06-03 13:15:00,24.5,24.0,36.54,1,1169.8,COOL
DVC-102,2026-06-07 17:00:00,24.62,24.0,36.73,0,35.3,FAN
DVC-101,2026-06-05 01:30:00,25.98,26.0,24.07,0,44.7,OFF
DVC-105,2026-06-10 04:45:00,25.44,26.0,26.73,0,58.7,OFF
DVC-102,2026-06-12 19:15:00,24.08,24.0,34.05,1,1350.5,COOL
DVC-105,2026-06-13 11:30:00,24.25,24.0,34.03,1,1227.4,COOL
DVC-104,2026-06-06 00:30:00,26.24,26.0,26.23,0,66.8,OFF
DVC-103,2026-06-13 17:00:00,24.2,24.0,35.27,1,1689.5,COOL
DVC-103,2026-06-06 08:15:00,26.44,26.0,29.75,0,39.6,FAN
DVC-105,2026-06-12 02:15:00,25.88,26.0,25.76,0,55.1,OFF
DVC-101,2026-06-10 06:30:00,26.21,26.0,26.85,0,32.5,OFF
DVC-103,2026-06-10 08:45:00,26.26,26.0,30.09,0,51.3,FAN
DVC-103,2026-06-06 15:45:00,24.29,24.0,37.31,1,1385.3,COOL
DVC-105,2026-06-06 10:00:00,25.12,24.0,32.72,1,1320.1,COOL
DVC-103,2026-06-03 04:30:00,25.84,26.0,25.55,0,53.9,OFF
DVC-105,2026-06-05 01:30:00,25.35,26.0,24.86,0,36.9,OFF
DVC-103,2026-06-04 06:30:00,26.07,26.0,27.4,0,36.9,OFF
DVC-102,2026-06-08 00:30:00,26.27,26.0,26.46,0,53.0,OFF
DVC-101,2026-06-07 14:15:00,24.5,24.0,35.72,0,28.3,FAN
DVC-101,2026-06-05 12:30:00,23.96,24.0,36.32,1,1505.0,COOL
DVC-101,2026-06-03 23:30:00,25.84,26.0,27.51,0,55.3,OFF
DVC-101,2026-06-09 07:45:00,25.76,26.0,29.09,0,37.5,OFF
DVC-103,2026-06-06 23:00:00,25.64,26.0,25.88,0,46.0,OFF
DVC-103,2026-06-01 21:45:00,24.58,26.0,29.05,0,32.5,FAN
DVC-105,2026-06-13 05:45:00,26.16,26.0,26.32,0,47.4,OFF
DVC-105,2026-06-09 17:00:00,24.78,24.0,36.22,0,57.2,FAN
DVC-104,2026-06-03 00:15:00,26.75,26.0,26.7,0,37.5,OFF
DVC-102,2026-06-10 15:45:00,24.24,24.0,36.87,1,1300.1,COOL
DVC-103,2026-06-05 14:00:00,24.56,24.0,37.56,0,42.3,FAN
DVC-104,2026-06-02 04:15:00,25.99,26.0,24.75,0,44.8,OFF
DVC-103,2026-06-04 00:00:00,26.25,26.0,27.74,0,51.5,OFF
DVC-101,2026-06-08 12:45:00,24.15,24.0,35.09,1,1280.8,COOL
DVC-103,2026-06-04 16:30:00,24.61,24.0,37.01,0,40.0,FAN
DVC-102,2026-06-04 08:30:00,26.45,26.0,29.93,0,35.0,FAN
DVC-102,2026-06-05 23:00:00,25.58,26.0,26.71,0,45.8,OFF
DVC-102,2026-06-11 12:30:00,24.27,24.0,36.25,1,1319.2,COOL
DVC-104,2026-06-09 22:30:00,23.5,26.0,28.6,0,52.0,OFF
DVC-105,2026-06-04 13:45:00,24.44,24.0,36.41,1,1346.4,COOL
DVC-104,2026-06-07 11:00:00,24.3,24.0,34.81,1,1386.0,COOL
DVC-102,2026-06-02 01:45:00,25.74,26.0,25.77,0,29.4,OFF
DVC-105,2026-06-13 01:00:00,26.29,26.0,24.59,0,42.8,OFF
DVC-104,2026-06-07 19:00:00,24.02,24.0,33.87,1,1357.0,COOL
DVC-104,2026-06-03 20:30:00,24.52,24.0,32.24,0,30.6,FAN
DVC-101,2026-06-13 21:45:00,24.96,26.0,30.76,0,42.5,FAN
DVC-102,2026-06-07 08:30:00,26.33,26.0,29.28,0,25.5,FAN
DVC-105,2026-06-01 17:30:00,24.46,24.0,34.64,0,46.8,FAN
DVC-101,2026-06-13 17:30:00,24.38,24.0,36.01,0,48.8,FAN
DVC-101,2026-06-07 01:30:00,26.23,26.0,25.28,0,54.1,OFF
DVC-104,2026-06-11 01:00:00,23.5,26.0,25.74,0,41.3,OFF
DVC-102,2026-06-02 04:45:00,25.63,26.0,26.45,0,43.1,OFF
DVC-104,2026-06-12 22:30:00,23.5,26.0,29.45,0,32.7,OFF
DVC-101,2026-06-02 19:15:00,24.24,24.0,32.92,1,1161.3,COOL
DVC-101,2026-06-10 05:15:00,26.15,26.0,26.18,0,36.9,OFF
DVC-101,2026-06-13 01:45:00,26.49,26.0,24.47,0,4735.9,OFF
DVC-104,2026-06-07 20:45:00,24.07,24.0,31.1,1,1283.0,COOL
DVC-102,2026-06-12 23:45:00,25.52,26.0,26.78,0,54.0,OFF
DVC-104,2026-06-02 06:15:00,26.17,26.0,26.16,0,41.4,OFF
DVC-105,2026-06-04 12:00:00,24.6,24.0,35.91,0,42.6,FAN
DVC-103,2026-06-09 05:30:00,25.57,26.0,25.25,0,45.7,OFF
DVC-104,2026-06-05 17:45:00,24.4,24.0,36.0,0,35.2,FAN
DVC-101,2026-06-07 09:15:00,25.79,24.0,31.66,1,1622.8,COOL
DVC-104,2026-06-03 19:45:00,24.25,24.0,33.11,1,1442.9,COOL
DVC-102,2026-06-04 20:15:00,24.47,24.0,32.28,0,55.0,FAN
DVC-102,2026-06-07 23:15:00,25.73,26.0,28.33,0,41.7,OFF
DVC-102,2026-06-14 08:30:00,26.03,26.0,30.93,1,1149.0,COOL
DVC-104,2026-06-02 08:15:00,26.05,26.0,29.06,1,1348.6,COOL
DVC-102,2026-06-03 20:30:00,24.51,24.0,32.05,0,61.2,FAN
DVC-101,2026-06-07 01:00:00,26.19,26.0,24.36,0,57.2,OFF
DVC-105,2026-06-02 10:00:00,25.06,24.0,33.53,1,1273.7,COOL
DVC-101,2026-06-01 05:15:00,25.96,26.0,25.6,0,34.1,OFF
DVC-101,2026-06-10 07:00:00,26.42,26.0,27.75,0,50.5,OFF
DVC-105,2026-06-09 07:00:00,26.19,26.0,26.81,0,53.3,OFF
DVC-105,2026-06-06 08:45:00,26.38,26.0,30.59,0,32.8,FAN
DVC-102,2026-06-14 01:00:00,26.07,26.0,26.16,0,41.4,OFF
DVC-103,2026-06-13 07:00:00,25.44,26.0,27.54,0,44.2,OFF
DVC-102,2026-06-06 22:00:00,25.07,26.0,29.17,0,44.6,OFF
DVC-103,2026-06-10 16:15:00,24.49,24.0,36.01,0,39.5,FAN
DVC-103,2026-06-05 06:00:00,25.94,26.0,27.06,0,55.4,OFF
DVC-104,2026-06-10 03:00:00,23.5,26.0,25.34,0,40.1,OFF
DVC-105,2026-06-05 16:30:00,24.33,24.0,36.29,1,1233.5,COOL
DVC-105,2026-06-11 18:45:00,24.31,24.0,35.26,1,1459.5,COOL
DVC-101,2026-06-02 01:30:00,25.99,26.0,25.24,0,49.0,OFF
DVC-103,2026-06-14 15:00:00,24.67,24.0,37.09,0,42.0,FAN
DVC-101,2026-06-07 20:30:00,24.24,24.0,32.51,0,43.2,FAN
DVC-103,2026-06-03 07:30:00,25.84,26.0,28.0,0,53.4,OFF
DVC-101,2026-06-14 13:00:00,24.35,24.0,36.23,1,1375.0,COOL
DVC-101,2026-06-14 22:00:00,25.65,26.0,29.73,0,41.8,OFF
DVC-104,2026-06-02 13:15:00,24.53,24.0,35.82,1,1179.0,COOL
DVC-102,2026-06-05 12:15:00,24.46,24.0,35.86,1,1346.4,COOL
DVC-105,2026-06-09 11:00:00,24.6,24.0,34.23,0,37.1,FAN
DVC-103,2026-06-01 07:00:00,25.93,26.0,28.12,0,36.4,OFF
DVC-101,2026-06-09 14:45:00,24.12,24.0,36.92,1,1636.8,COOL
DVC-102,2026-06-06 06:00:00,25.46,26.0,26.04,0,35.6,OFF
DVC-104,2026-06-03 13:15:00,24.14,24.0,37.4,1,1313.9,COOL
DVC-102,2026-06-11 20:00:00,24.55,24.0,33.03,0,56.7,FAN
DVC-101,2026-06-08 15:15:00,24.26,24.0,36.87,1,1120.1,COOL
DVC-104,2026-06-01 23:30:00,25.94,26.0,26.23,0,45.4,OFF
DVC-101,2026-06-05 13:30:00,24.48,24.0,36.15,0,45.9,FAN
DVC-101,2026-06-10 00:00:00,26.4,26.0,26.34,0,49.4,OFF
DVC-105,2026-06-07 01:45:00,26.09,26.0,26.29,0,49.4,OFF
DVC-102,2026-06-10 01:15:00,26.27,26.0,25.95,0,44.5,OFF
DVC-103,2026-06-04 05:45:00,25.7,26.0,25.18,0,28.1,OFF
DVC-102,2026-06-07 00:15:00,26.41,26.0,27.2,0,25.7,OFF
DVC-105,2026-06-11 09:45:00,25.42,24.0,31.91,1,1371.9,COOL
DVC-105,2026-06-01 20:15:00,24.52,24.0,31.31,0,51.3,FAN
DVC-102,2026-06-09 06:30:00,25.35,26.0,25.93,0,52.6,OFF
DVC-104,2026-06-05 18:15:00,24.62,24.0,35.28,0,45.1,FAN
DVC-103,2026-06-08 23:30:00,26.1,26.0,28.48,0,48.7,OFF
DVC-101,2026-06-06 23:00:00,26.01,26.0,28.16,0,58.8,OFF
DVC-101,2026-06-08 16:45:00,24.27,24.0,35.03,1,1451.2,COOL
DVC-101,2026-06-07 02:00:00,26.29,26.0,25.63,0,47.2,OFF
DVC-101,2026-06-14 22:30:00,26.15,26.0,30.33,0,48.6,OFF
DVC-103,2026-06-09 08:15:00,26.42,26.0,29.74,0,43.6,FAN
DVC-102,2026-06-11 21:45:00,25.11,26.0,29.42,0,29.5,FAN
DVC-102,2026-06-12 12:15:00,24.14,24.0,35.8,1,1416.5,COOL
DVC-105,2026-06-12 06:00:00,25.69,26.0,25.21,0,38.6,OFF
DVC-103,2026-06-06 16:00:00,24.79,24.0,35.45,0,56.5,FAN
DVC-101,2026-06-04 17:00:00,24.75,24.0,36.34,0,40.1,FAN
DVC-102,2026-06-13 19:30:00,24.5,24.0,34.15,0,58.9,FAN
DVC-105,2026-06-05 23:30:00,26.33,26.0,27.66,0,40.5,OFF
DVC-101,2026-06-01 17:00:00,24.55,24.0,36.71,1,1417.6,COOL
DVC-104,2026-06-08 05:00:00,26.25,26.0,25.68,0,54.6,OFF
DVC-104,2026-06-02 22:30:00,26.12,26.0,28.45,0,64.2,OFF
DVC-103,2026-06-11 12:45:00,24.54,24.0,37.18,0,35.7,FAN
DVC-105,2026-06-05 03:00:00,24.95,26.0,24.85,0,45.1,OFF
DVC-101,2026-06-01 08:00:00,26.25,26.0,29.14,1,1411.6,COOL
DVC-105,2026-06-12 15:45:00,24.05,24.0,37.99,1,1336.9,COOL
DVC-101,2026-06-01 18:00:00,24.27,24.0,34.69,1,1371.4,COOL
DVC-103,2026-06-03 15:45:00,24.43,24.0,37.55,1,1345.0,COOL
DVC-105,2026-06-05 02:15:00,25.2,26.0,25.62,0,41.6,OFF
DVC-104,2026-06-01 17:15:00,24.8,24.0,36.05,0,46.4,FAN
DVC-101,2026-06-07 00:30:00,26.19,26.0,26.09,0,50.5,OFF
DVC-103,2026-06-11 08:15:00,26.04,26.0,29.23,1,1220.7,COOL
DVC-105,2026-06-12 02:30:00,25.78,26.0,24.26,0,66.8,OFF
DVC-102,2026-06-08 19:00:00,24.34,24.0,34.96,1,1229.2,COOL
DVC-103,2026-06-06 17:30:00,24.56,24.0,35.66,0,35.3,FAN
DVC-104,2026-06-02 07:00:00,26.46,26.0,28.9,0,58.8,OFF
DVC-103,2026-06-12 11:30:00,24.37,24.0,34.09,1,1349.5,COOL
DVC-104,2026-06-13 19:00:00,23.5,24.0,34.22,1,1195.9,COOL
DVC-104,2026-06-10 13:30:00,23.5,24.0,36.0,0,62.3,FAN
DVC-103,2026-06-02 00:15:00,25.49,26.0,26.78,0,50.7,OFF
DVC-104,2026-06-01 03:30:00,26.25,26.0,25.52,0,54.0,OFF
DVC-103,2026-06-14 13:45:00,24.43,24.0,36.51,0,27.2,FAN
DVC-104,2026-06-14 23:30:00,23.5,26.0,27.6,0,58.3,OFF
DVC-105,2026-06-08 01:30:00,26.23,26.0,26.1,0,35.2,OFF
DVC-104,2026-06-09 19:15:00,23.5,24.0,33.74,0,53.7,FAN
DVC-103,2026-06-11 06:30:00,25.96,26.0,28.79,0,50.4,OFF
DVC-103,2026-06-12 00:45:00,25.67,26.0,25.51,0,53.1,OFF
DVC-103,2026-06-05 18:15:00,24.22,24.0,34.5,0,36.9,FAN
DVC-105,2026-06-13 13:45:00,24.6,24.0,37.69,0,42.8,FAN
DVC-105,2026-06-04 17:45:00,24.24,24.0,36.2,1,1244.7,COOL
DVC-101,2026-06-09 06:45:00,25.39,26.0,27.59,0,53.7,OFF
DVC-101,2026-06-04 07:00:00,25.13,26.0,28.04,0,47.2,OFF
DVC-103,2026-06-03 16:45:00,24.11,24.0,35.54,1,1682.1,COOL
DVC-104,2026-06-05 04:45:00,25.64,26.0,27.23,0,38.2,OFF
DVC-102,2026-06-07 15:00:00,24.47,24.0,37.04,1,1295.5,COOL
DVC-101,2026-06-02 05:45:00,25.22,26.0,26.35,0,38.0,OFF
DVC-102,2026-06-07 12:30:00,24.38,24.0,35.3,0,44.4,FAN
DVC-102,2026-06-09 07:15:00,26.1,26.0,28.69,0,52.1,OFF
DVC-102,2026-06-05 14:15:00,0.0,24.0,37.54,0,40.2,FAN
DVC-104,2026-06-09 11:45:00,23.5,24.0,34.38,0,50.2,FAN
DVC-104,2026-06-09 22:00:00,23.5,26.0,29.22,0,36.8,OFF
DVC-105,2026-06-11 04:15:00,25.85,26.0,26.82,0,65.1,OFF
DVC-104,2026-06-10 10:00:00,23.5,24.0,32.69,1,1223.1,COOL
DVC-101,2026-06-09 01:15:00,25.8,26.0,26.43,0,46.4,OFF
DVC-104,2026-06-12 20:00:00,23.5,24.0,31.55,0,51.2,FAN
DVC-103,2026-06-14 11:45:00,24.5,24.0,34.29,0,41.5,FAN
DVC-102,2026-06-13 14:30:00,24.72,24.0,36.0,0,48.5,FAN
DVC-105,2026-06-08 11:15:00,24.42,24.0,33.8,0,50.7,FAN
DVC-105,2026-06-07 09:00:00,26.31,24.0,31.95,1,1239.0,COOL
DVC-103,2026-06-11 20:00:00,24.49,24.0,32.76,0,38.7,FAN
DVC-105,2026-06-01 06:30:00,26.19,26.0,27.46,0,45.3,OFF
DVC-102,2026-06-04 00:45:00,25.71,26.0,26.04,0,57.2,OFF
DVC-105,2026-06-11 20:30:00,24.23,24.0,31.44,1,1448.5,COOL
DVC-101,2026-06-02 03:15:00,25.31,26.0,23.98,0,33.5,OFF
DVC-105,2026-06-04 12:15:00,24.42,24.0,35.37,1,1433.8,COOL
DVC-103,2026-06-04 05:30:00,25.89,26.0,24.81,0,59.7,OFF
DVC-101,2026-06-12 06:00:00,26.23,26.0,26.9,0,50.9,OFF
DVC-104,2026-06-14 02:30:00,23.5,26.0,24.27,0,59.8,OFF
DVC-104,2026-06-07 17:30:00,23.95,24.0,37.0,1,1389.3,COOL
DVC-103,2026-06-05 21:45:00,25.18,26.0,28.64,0,58.0,FAN
DVC-103,2026-06-01 01:00:00,27.07,26.0,26.41,0,37.8,OFF
DVC-102,2026-06-08 17:30:00,24.25,24.0,36.72,1,1310.7,COOL
DVC-105,2026-06-03 00:15:00,25.77,26.0,26.22,0,39.1,OFF
DVC-104,2026-06-01 13:00:00,24.02,24.0,36.47,1,1437.2,COOL
DVC-104,2026-06-13 01:15:00,23.5,26.0,25.37,0,38.3,OFF
DVC-105,2026-06-14 09:30:00,25.51,24.0,31.65,1,1457.2,COOL
DVC-103,2026-06-14 11:00:00,24.51,24.0,33.47,0,40.4,FAN
DVC-101,2026-06-13 07:45:00,25.93,26.0,29.45,0,37.2,OFF
DVC-103,2026-06-09 18:45:00,24.72,24.0,35.39,1,1398.9,COOL
DVC-103,2026-06-11 10:00:00,24.9,24.0,32.44,1,1275.2,COOL
DVC-102,2026-06-14 17:15:00,24.41,24.0,36.18,1,1388.0,COOL
DVC-102,2026-06-04 18:45:00,24.35,24.0,34.77,1,1443.3,COOL
DVC-103,2026-06-04 14:00:00,24.7,24.0,37.59,1,1139.9,COOL
DVC-105,2026-06-01 10:30:00,24.48,24.0,33.18,1,1353.7,COOL
DVC-102,2026-06-07 08:45:00,26.0,26.0,30.07,1,1369.5,COOL
DVC-101,2026-06-10 01:30:00,26.36,26.0,25.62,0,55.5,OFF
DVC-104,2026-06-06 14:30:00,24.74,24.0,36.82,0,59.3,FAN
DVC-104,2026-06-08 00:45:00,26.65,26.0,25.07,0,33.4,OFF
DVC-104,2026-06-14 17:15:00,23.5,24.0,36.63,0,56.0,FAN
DVC-104,2026-06-10 19:30:00,23.5,24.0,33.82,1,1066.1,COOL
DVC-105,2026-06-07 12:45:00,24.79,24.0,36.67,0,34.5,FAN
DVC-101,2026-06-02 02:45:00,25.49,26.0,24.81,0,43.5,OFF
DVC-104,2026-06-12 03:30:00,23.5,26.0,25.08,0,58.3,OFF
DVC-103,2026-06-06 21:30:00,24.82,26.0,29.91,0,45.7,FAN
DVC-103,2026-06-07 03:30:00,25.42,26.0,25.19,0,21.7,OFF
DVC-103,2026-06-08 22:15:00,25.56,26.0,28.62,0,53.9,OFF
DVC-102,2026-06-12 01:00:00,25.89,26.0,25.42,0,39.3,OFF
DVC-101,2026-06-10 14:30:00,24.21,24.0,37.02,1,1417.8,COOL
DVC-102,2026-06-05 15:15:00,24.38,24.0,36.98,1,1317.9,COOL
DVC-101,2026-06-10 14:45:00,24.77,24.0,36.64,0,31.3,FAN
DVC-104,2026-06-04 16:00:00,24.25,24.0,36.18,1,1171.5,COOL
DVC-104,2026-06-04 14:45:00,24.31,24.0,37.11,1,1575.2,COOL
DVC-101,2026-06-06 04:15:00,26.12,26.0,25.12,0,55.5,OFF
DVC-103,2026-06-05 02:30:00,26.1,26.0,25.0,0,37.3,OFF
DVC-102,2026-06-14 16:45:00,24.13,24.0,36.86,1,1305.9,COOL
DVC-104,2026-06-11 13:30:00,23.5,24.0,36.19,1,1586.8,COOL
DVC-103,2026-06-11 11:30:00,24.57,24.0,34.46,0,54.8,FAN
DVC-103,2026-06-06 20:15:00,24.21,24.0,33.25,1,1372.3,COOL
DVC-105,2026-06-12 01:00:00,25.82,26.0,24.62,0,57.5,OFF
DVC-101,2026-06-07 02:15:00,26.37,26.0,26.31,0,46.2,OFF
DVC-103,2026-06-05 14:30:00,24.66,24.0,36.74,0,51.3,FAN
DVC-105,2026-06-02 22:45:00,25.56,26.0,29.04,0,24.9,OFF
DVC-104,2026-06-06 03:30:00,26.03,26.0,25.54,0,47.8,OFF
DVC-103,2026-06-01 05:45:00,25.8,26.0,26.87,0,36.1,OFF
DVC-105,2026-06-07 16:00:00,23.99,24.0,37.09,1,1304.2,COOL
DVC-104,2026-06-14 21:15:00,23.5,26.0,30.41,0,47.7,FAN
DVC-105,2026-06-01 02:45:00,26.63,26.0,25.5,0,44.0,OFF
DVC-103,2026-06-05 16:00:00,24.61,24.0,37.21,0,41.6,FAN
DVC-101,2026-06-03 09:15:00,25.54,24.0,31.22,1,1300.8,COOL
DVC-104,2026-06-06 18:45:00,24.31,24.0,34.29,1,1469.4,COOL
DVC-104,2026-06-12 15:45:00,23.5,24.0,36.28,1,1436.1,COOL
DVC-102,2026-06-04 12:00:00,24.56,24.0,35.03,0,42.0,FAN
DVC-105,2026-06-06 01:45:00,25.95,26.0,25.48,0,48.5,OFF
DVC-101,2026-06-01 15:30:00,24.31,24.0,37.05,1,1137.9,COOL
DVC-102,2026-06-11 04:15:00,25.54,26.0,25.35,0,46.8,OFF
DVC-102,2026-06-12 20:00:00,24.62,24.0,32.85,0,26.6,FAN
DVC-105,2026-06-14 14:45:00,24.64,24.0,36.87,0,56.3,FAN
DVC-102,2026-06-06 23:45:00,26.44,26.0,26.83,0,38.5,OFF
DVC-101,2026-06-02 09:45:00,24.93,24.0,31.56,1,1413.9,COOL
DVC-105,2026-06-11 16:45:00,24.43,24.0,36.13,1,1434.8,COOL
DVC-103,2026-06-11 09:30:00,25.37,24.0,31.48,1,1192.3,COOL
DVC-104,2026-06-09 08:00:00,23.5,26.0,28.99,0,50.9,FAN
DVC-103,2026-06-06 04:15:00,25.5,26.0,25.16,0,54.1,OFF
DVC-104,2026-06-02 06:00:00,26.22,26.0,25.6,0,43.3,OFF
DVC-105,2026-06-07 07:45:00,26.82,26.0,29.34,0,54.1,OFF
DVC-102,2026-06-08 22:30:00,25.33,26.0,28.89,0,41.2,OFF
DVC-103,2026-06-03 03:15:00,25.86,26.0,24.61,0,45.2,OFF
DVC-104,2026-06-01 14:30:00,24.78,24.0,37.38,0,43.4,FAN
DVC-104,2026-06-11 16:30:00,23.5,24.0,36.07,0,29.7,FAN
DVC-105,2026-06-08 06:45:00,25.7,26.0,28.26,0,53.6,OFF
DVC-101,2026-06-14 06:45:00,25.37,26.0,27.68,0,45.6,OFF
DVC-104,2026-06-01 20:15:00,24.46,24.0,32.24,0,43.8,FAN
DVC-102,2026-06-07 16:00:00,24.13,24.0,36.58,1,1416.3,COOL
DVC-103,2026-06-12 17:15:00,24.59,24.0,35.35,0,57.4,FAN
DVC-104,2026-06-09 21:30:00,23.5,26.0,30.58,0,50.5,FAN
DVC-105,2026-06-09 11:30:00,24.76,24.0,35.22,0,32.7,FAN
DVC-102,2026-06-04 01:00:00,25.53,26.0,25.95,0,53.4,OFF
DVC-102,2026-06-01 06:45:00,26.7,26.0,27.56,0,54.4,OFF
DVC-102,2026-06-14 07:00:00,25.83,26.0,27.97,0,42.4,OFF
DVC-104,2026-06-11 15:45:00,23.5,24.0,38.03,0,43.0,FAN
DVC-105,2026-06-05 03:45:00,25.24,26.0,26.17,0,41.7,OFF
DVC-101,2026-06-11 16:15:00,24.13,24.0,36.46,1,1288.7,COOL
DVC-102,2026-06-01 00:00:00,27.2,26.0,26.97,0,39.5,OFF
DVC-102,2026-06-14 08:45:00,26.22,26.0,31.51,0,29.0,FAN
DVC-104,2026-06-09 05:00:00,23.5,26.0,26.0,0,40.5,OFF
DVC-104,2026-06-01 15:00:00,24.36,24.0,37.24,1,1295.3,COOL
DVC-103,2026-06-04 16:00:00,24.32,24.0,37.09,1,1239.1,COOL
DVC-103,2026-06-12 11:00:00,24.09,24.0,34.36,1,1374.4,COOL
DVC-105,2026-06-03 05:00:00,24.99,26.0,25.76,0,58.6,OFF
DVC-105,2026-06-14 23:45:00,25.95,26.0,27.1,0,51.9,OFF
DVC-102,2026-06-09 11:00:00,24.16,24.0,33.51,1,1203.4,COOL
DVC-102,2026-06-09 00:30:00,25.39,26.0,24.37,0,30.4,OFF
DVC-105,2026-06-03 20:15:00,24.17,24.0,31.76,1,1184.7,COOL
DVC-102,2026-06-01 01:30:00,27.14,26.0,25.84,0,42.5,OFF
DVC-103,2026-06-09 02:00:00,26.43,26.0,25.46,0,52.3,OFF
DVC-103,2026-06-13 16:00:00,24.32,24.0,36.82,1,1351.1,COOL
DVC-103,2026-06-11 10:15:00,24.7,24.0,33.44,1,1258.6,COOL
DVC-104,2026-06-08 23:00:00,25.84,26.0,28.16,0,62.0,OFF
DVC-104,2026-06-14 14:30:00,23.5,24.0,37.41,0,41.5,FAN
DVC-101,2026-06-10 03:15:00,26.02,26.0,24.88,0,37.2,OFF
DVC-102,2026-06-08 22:45:00,25.43,26.0,28.39,0,46.6,OFF
DVC-102,2026-06-10 22:45:00,26.01,26.0,28.44,0,49.7,OFF
DVC-104,2026-06-12 04:30:00,23.5,26.0,26.11,0,37.4,OFF
DVC-101,2026-06-14 02:00:00,26.03,26.0,25.67,0,72.4,OFF
DVC-101,2026-06-08 16:30:00,24.5,24.0,35.57,0,52.8,FAN
DVC-102,2026-06-11 13:00:00,24.45,24.0,36.16,1,1297.9,COOL
DVC-103,2026-06-14 12:45:00,24.35,24.0,35.71,1,1390.4,COOL
DVC-104,2026-06-12 14:45:00,23.5,24.0,36.38,1,1473.5,COOL
DVC-104,2026-06-11 09:15:00,23.5,24.0,31.53,1,1413.8,COOL
DVC-102,2026-06-01 04:30:00,26.64,26.0,25.35,0,31.8,OFF
DVC-103,2026-06-11 21:30:00,24.3,26.0,30.33,0,34.0,FAN
DVC-102,2026-06-13 19:15:00,24.05,24.0,33.6,1,1225.6,COOL
DVC-103,2026-06-02 19:45:00,24.88,24.0,32.18,0,40.0,FAN
DVC-102,2026-06-09 02:00:00,25.22,26.0,25.71,0,39.1,OFF
DVC-105,2026-06-04 10:00:00,24.66,24.0,32.95,1,1393.4,COOL
DVC-102,2026-06-12 01:30:00,25.97,26.0,25.32,0,14.8,OFF
DVC-102,2026-06-07 06:45:00,26.06,26.0,28.77,0,56.7,OFF
DVC-105,2026-06-08 05:15:00,25.57,26.0,24.84,0,38.3,OFF
DVC-102,2026-06-14 17:30:00,24.1,24.0,36.44,1,1279.8,COOL
DVC-103,2026-06-10 19:45:00,24.63,24.0,32.33,0,56.6,FAN
DVC-104,2026-06-05 14:30:00,24.21,24.0,37.6,1,1254.6,COOL
DVC-104,2026-06-02 21:00:00,24.68,26.0,30.64,0,47.6,FAN
DVC-105,2026-06-06 12:45:00,24.48,24.0,36.65,0,22.9,FAN
DVC-105,2026-06-03 15:45:00,24.65,24.0,37.2,0,48.7,FAN
DVC-105,2026-06-04 00:30:00,26.11,26.0,26.38,0,27.9,OFF
DVC-104,2026-06-02 15:30:00,24.33,24.0,36.63,1,1431.6,COOL
DVC-102,2026-06-02 00:15:00,25.74,26.0,26.07,0,61.2,OFF
DVC-101,2026-06-02 06:45:00,25.08,26.0,28.48,0,30.9,OFF
DVC-102,2026-06-05 03:30:00,25.91,26.0,25.87,0,28.4,OFF
DVC-103,2026-06-11 06:00:00,25.8,26.0,27.17,0,48.7,OFF
DVC-103,2026-06-05 16:30:00,24.04,24.0,36.4,1,1505.7,COOL
DVC-104,2026-06-10 00:45:00,23.5,26.0,25.03,0,36.2,OFF
DVC-104,2026-06-11 17:15:00,23.5,24.0,36.35,1,1379.8,COOL
DVC-101,2026-06-06 17:00:00,24.78,24.0,36.62,0,45.7,FAN
DVC-104,2026-06-09 14:00:00,23.5,24.0,37.07,0,53.6,FAN
DVC-101,2026-06-13 18:45:00,24.58,24.0,33.99,1,1292.8,COOL
DVC-101,2026-06-10 23:30:00,26.05,26.0,27.35,0,48.4,OFF
DVC-105,2026-06-04 05:15:00,25.73,26.0,25.05,0,43.9,OFF
DVC-102,2026-06-10 21:45:00,25.26,26.0,30.42,0,56.8,FAN
DVC-104,2026-06-01 12:30:00,24.55,24.0,36.53,1,1552.0,COOL
DVC-103,2026-06-12 10:15:00,24.44,24.0,31.85,1,1441.1,COOL
DVC-103,2026-06-01 22:30:00,24.94,26.0,29.09,0,54.2,OFF
DVC-104,2026-06-05 01:45:00,25.79,26.0,24.83,0,43.7,OFF
DVC-105,2026-06-04 09:15:00,25.44,24.0,30.49,1,1342.7,COOL
DVC-102,2026-06-04 19:15:00,24.34,24.0,33.48,0,47.2,FAN
DVC-102,2026-06-01 21:30:00,24.68,26.0,30.98,0,50.6,FAN
DVC-104,2026-06-13 08:30:00,23.5,26.0,30.35,1,1618.1,COOL
DVC-103,2026-06-01 00:30:00,27.21,26.0,25.65,0,36.4,OFF
DVC-102,2026-06-03 05:15:00,26.38,26.0,26.75,0,56.3,OFF
DVC-105,2026-06-09 17:15:00,24.57,24.0,36.0,1,1332.2,COOL
DVC-102,2026-06-13 09:15:00,25.52,24.0,31.62,1,1297.6,COOL
DVC-101,2026-06-12 05:45:00,26.23,26.0,27.35,0,55.8,OFF
DVC-104,2026-06-03 03:15:00,26.42,26.0,25.21,0,40.1,OFF
DVC-104,2026-06-11 21:00:00,23.5,26.0,31.33,0,46.5,FAN
DVC-104,2026-06-03 12:45:00,24.21,24.0,36.95,1,1392.5,COOL
DVC-104,2026-06-09 07:45:00,23.5,26.0,29.04,0,55.5,OFF
DVC-105,2026-06-10 13:00:00,24.58,24.0,36.77,0,40.1,FAN
DVC-101,2026-06-04 01:30:00,25.38,26.0,25.31,0,57.9,OFF
DVC-101,2026-06-13 03:00:00,25.97,26.0,24.41,0,29.2,OFF
DVC-104,2026-06-09 17:15:00,23.5,24.0,35.75,1,1476.2,COOL
DVC-104,2026-06-10 09:30:00,23.5,24.0,31.97,1,1358.8,COOL
DVC-102,2026-06-11 06:45:00,25.54,26.0,27.18,0,64.7,OFF
DVC-104,2026-06-08 11:15:00,24.21,24.0,34.34,1,1286.2,COOL
DVC-102,2026-06-02 13:15:00,24.39,24.0,37.02,1,1318.3,COOL
DVC-105,2026-06-11 11:15:00,24.32,24.0,34.99,1,1337.0,COOL
DVC-101,2026-06-07 05:45:00,25.95,26.0,25.42,0,41.8,OFF
DVC-101,2026-06-11 06:45:00,25.84,26.0,27.87,0,46.4,OFF
DVC-102,2026-06-12 15:00:00,24.43,24.0,37.28,1,1487.5,COOL
DVC-101,2026-06-07 15:45:00,24.44,24.0,37.2,1,1534.5,COOL
DVC-104,2026-06-08 20:30:00,24.12,24.0,32.02,1,1461.8,COOL
DVC-101,2026-06-04 06:15:00,25.14,26.0,27.31,0,41.9,OFF
DVC-101,2026-06-04 17:45:00,24.74,24.0,35.42,0,47.7,FAN
DVC-101,2026-06-08 11:45:00,24.35,24.0,34.34,1,1530.5,COOL
DVC-104,2026-06-02 12:15:00,24.18,24.0,36.28,1,1148.2,COOL
DVC-102,2026-06-01 23:00:00,25.62,26.0,28.33,0,52.2,OFF
DVC-102,2026-06-09 07:30:00,26.15,26.0,27.88,0,44.6,OFF
DVC-103,2026-06-09 15:45:00,24.67,24.0,37.04,0,48.1,FAN
DVC-101,2026-06-07 05:30:00,25.93,26.0,26.38,0,49.8,OFF
DVC-104,2026-06-03 00:00:00,26.79,26.0,27.25,0,41.9,OFF
DVC-101,2026-06-08 23:45:00,25.6,26.0,26.71,0,22.6,OFF
DVC-101,2026-06-08 13:30:00,24.67,24.0,36.71,0,56.0,FAN
DVC-103,2026-06-08 21:15:00,24.88,26.0,30.49,0,67.2,FAN
DVC-104,2026-06-12 23:15:00,23.5,26.0,27.15,0,23.3,OFF
DVC-104,2026-06-03 04:45:00,26.22,26.0,26.42,0,38.7,OFF
DVC-104,2026-06-05 15:15:00,24.36,24.0,36.61,1,1312.1,COOL
DVC-105,2026-06-11 14:30:00,24.47,24.0,36.72,1,1461.7,COOL
DVC-102,2026-06-04 12:45:00,24.51,24.0,36.2,1,1606.0,COOL
DVC-103,2026-06-09 07:45:00,26.28,26.0,29.85,0,45.5,OFF
DVC-102,2026-06-04 06:15:00,26.11,26.0,27.39,0,46.8,OFF
DVC-102,2026-06-07 02:00:00,26.38,26.0,25.32,0,57.7,OFF
DVC-104,2026-06-07 22:45:00,25.9,26.0,28.32,0,59.0,OFF
DVC-102,2026-06-12 19:45:00,24.17,24.0,32.54,1,1313.6,COOL
DVC-103,2026-06-14 04:45:00,26.06,26.0,25.01,0,27.0,OFF
DVC-103,2026-06-14 20:45:00,24.22,24.0,30.99,1,1540.7,COOL
DVC-102,2026-06-13 13:00:00,24.73,24.0,36.43,1,1176.7,COOL
DVC-102,2026-06-13 10:15:00,24.67,24.0,33.25,1,1322.8,COOL
DVC-101,2026-06-02 12:45:00,24.48,24.0,35.9,0,43.0,FAN
DVC-101,2026-06-06 19:00:00,24.18,24.0,33.55,1,1469.5,COOL
DVC-105,2026-06-05 15:30:00,24.66,24.0,37.34,0,39.7,FAN
DVC-101,2026-06-13 09:15:00,25.59,24.0,31.31,1,1246.7,COOL
DVC-103,2026-06-04 09:00:00,26.3,24.0,30.41,1,1260.3,COOL
DVC-105,2026-06-09 06:45:00,26.06,26.0,28.19,0,37.8,OFF
DVC-102,2026-06-10 19:00:00,24.36,24.0,34.38,1,1315.2,COOL
DVC-105,2026-06-07 08:15:00,26.46,26.0,30.26,1,1254.9,COOL
DVC-102,2026-06-10 15:30:00,24.46,24.0,37.16,1,1214.6,COOL
DVC-101,2026-06-07 07:00:00,26.46,26.0,27.62,0,40.7,OFF
DVC-101,2026-06-02 15:30:00,24.18,24.0,36.65,1,1218.0,COOL
DVC-104,2026-06-08 01:30:00,27.14,26.0,26.5,0,27.0,OFF
DVC-105,2026-06-10 06:15:00,25.82,26.0,26.87,0,52.4,OFF
DVC-103,2026-06-10 21:45:00,25.73,26.0,28.84,0,48.3,FAN
DVC-105,2026-06-02 11:30:00,24.26,24.0,34.61,0,47.1,FAN
DVC-105,2026-06-01 00:15:00,26.82,26.0,25.4,0,40.1,OFF
DVC-102,2026-06-05 23:45:00,25.92,26.0,26.15,0,35.8,OFF
DVC-102,2026-06-06 22:45:00,25.99,26.0,28.49,0,73.0,OFF
DVC-102,2026-06-10 03:00:00,26.07,26.0,25.75,0,54.9,OFF
DVC-104,2026-06-11 23:15:00,23.5,26.0,26.74,0,41.8,OFF
DVC-105,2026-06-01 05:45:00,26.0,26.0,26.92,0,44.7,OFF
DVC-102,2026-06-07 18:45:00,24.93,24.0,34.67,0,17.9,FAN
DVC-102,2026-06-09 19:45:00,24.33,24.0,34.22,1,1585.8,COOL
DVC-102,2026-06-12 13:00:00,24.62,24.0,36.24,0,43.1,FAN
DVC-102,2026-06-05 01:15:00,25.81,26.0,26.48,0,43.6,OFF
DVC-104,2026-06-14 06:30:00,23.5,26.0,28.38,0,63.6,OFF
DVC-101,2026-06-12 02:45:00,26.32,26.0,25.29,0,50.5,OFF
DVC-105,2026-06-09 10:15:00,24.28,24.0,32.82,1,1399.0,COOL
DVC-102,2026-06-09 10:15:00,24.23,24.0,32.14,1,1413.9,COOL
DVC-105,2026-06-14 21:45:00,25.25,26.0,30.7,0,51.0,FAN
DVC-102,2026-06-02 05:00:00,25.57,26.0,25.92,0,47.9,OFF
DVC-103,2026-06-02 13:15:00,24.08,24.0,37.04,1,1145.2,COOL
DVC-105,2026-06-07 08:30:00,26.19,26.0,28.76,1,1145.5,COOL
DVC-102,2026-06-03 21:30:00,25.12,26.0,30.1,0,49.5,FAN
DVC-105,2026-06-03 22:45:00,25.8,26.0,28.48,0,47.2,OFF
DVC-102,2026-06-13 05:15:00,25.21,26.0,26.86,0,40.9,OFF
DVC-105,2026-06-04 07:00:00,26.08,26.0,28.48,0,47.3,OFF
DVC-101,2026-06-06 23:30:00,26.04,26.0,27.46,0,52.7,OFF
DVC-104,2026-06-02 19:45:00,24.55,24.0,32.63,0,47.9,FAN
DVC-104,2026-06-05 05:15:00,25.5,26.0,25.96,0,51.8,OFF
DVC-105,2026-06-08 12:00:00,24.37,24.0,35.63,1,1237.0,COOL
DVC-105,2026-06-01 19:15:00,24.41,24.0,34.38,0,48.6,FAN
DVC-103,2026-06-02 05:15:00,25.88,26.0,25.32,0,44.0,OFF
DVC-102,2026-06-13 15:45:00,24.56,24.0,36.36,0,41.5,FAN
DVC-102,2026-06-03 18:15:00,24.17,24.0,34.53,1,1589.8,COOL
DVC-104,2026-06-01 04:15:00,26.32,26.0,25.43,0,50.8,OFF
DVC-101,2026-06-03 03:30:00,25.72,26.0,24.55,0,67.7,OFF
DVC-104,2026-06-08 14:45:00,24.03,24.0,36.51,1,1377.8,COOL
DVC-104,2026-06-06 03:00:00,26.15,26.0,25.32,0,26.5,OFF
DVC-101,2026-06-13 16:00:00,24.79,24.0,35.71,0,54.3,FAN
DVC-104,2026-06-03 00:45:00,26.61,26.0,25.97,0,28.4,OFF
DVC-104,2026-06-09 14:45:00,23.5,24.0,36.56,0,39.3,FAN
DVC-105,2026-06-06 04:00:00,25.86,26.0,25.55,0,44.7,OFF
DVC-103,2026-06-04 20:15:00,24.32,24.0,32.56,0,53.0,FAN
DVC-104,2026-06-05 05:00:00,25.63,26.0,26.13,0,37.9,OFF
DVC-102,2026-06-06 13:15:00,24.01,24.0,37.45,1,1465.8,COOL
DVC-104,2026-06-14 04:30:00,23.5,26.0,25.86,0,33.3,OFF
DVC-102,2026-06-12 20:30:00,24.07,24.0,30.51,1,1344.8,COOL
DVC-101,2026-06-06 22:15:00,25.65,26.0,29.18,0,47.2,OFF
DVC-104,2026-06-11 15:30:00,23.5,24.0,37.1,1,1329.2,COOL
DVC-102,2026-06-13 07:30:00,25.97,26.0,27.99,0,24.3,OFF
DVC-103,2026-06-11 13:45:00,24.34,24.0,37.22,1,1151.0,COOL
DVC-101,2026-06-01 09:30:00,25.38,24.0,31.29,1,1324.9,COOL
DVC-101,2026-06-05 12:15:00,24.36,24.0,34.41,0,52.9,FAN
DVC-104,2026-06-03 04:00:00,26.13,26.0,25.81,0,33.6,OFF
DVC-102,2026-06-10 12:30:00,24.45,24.0,35.36,0,52.1,FAN
DVC-103,2026-06-01 02:00:00,26.82,26.0,25.54,0,42.7,OFF
DVC-103,2026-06-11 20:15:00,24.22,24.0,31.82,1,1419.5,COOL
DVC-102,2026-06-11 07:30:00,25.96,26.0,27.94,0,34.7,OFF
DVC-103,2026-06-09 10:00:00,24.94,24.0,32.24,1,1413.3,COOL
DVC-101,2026-06-02 03:45:00,25.1,26.0,25.26,0,46.6,OFF
DVC-103,2026-06-10 20:00:00,24.34,24.0,31.89,1,1403.3,COOL
DVC-101,2026-06-06 06:30:00,25.93,26.0,28.8,0,46.5,OFF
DVC-104,2026-06-01 01:30:00,26.46,26.0,24.53,0,45.7,OFF
DVC-102,2026-06-11 12:00:00,24.15,24.0,34.11,1,1262.9,COOL
DVC-102,2026-06-10 11:45:00,24.7,24.0,35.99,0,48.4,FAN
DVC-105,2026-06-02 03:00:00,25.82,26.0,24.91,0,38.6,OFF
DVC-102,2026-06-06 04:15:00,25.32,26.0,25.15,0,60.6,OFF
DVC-102,2026-06-04 00:00:00,26.04,26.0,25.33,0,47.5,OFF
DVC-103,2026-06-04 22:30:00,25.85,26.0,29.42,0,53.3,OFF
DVC-105,2026-06-01 06:45:00,26.2,26.0,27.11,0,23.9,OFF
DVC-103,2026-06-02 03:00:00,25.41,26.0,25.66,0,56.1,OFF
DVC-105,2026-06-14 14:00:00,24.66,24.0,35.98,0,56.7,FAN
DVC-102,2026-06-04 00:15:00,26.13,26.0,26.68,0,26.6,OFF
DVC-103,2026-06-05 04:15:00,26.1,26.0,26.16,0,33.0,OFF
DVC-101,2026-06-03 14:15:00,24.59,24.0,36.18,1,1170.3,COOL
DVC-101,2026-06-08 19:00:00,24.26,24.0,33.78,1,1377.7,COOL
DVC-101,2026-06-09 02:30:00,25.6,26.0,25.09,0,45.8,OFF
DVC-101,2026-06-03 23:15:00,25.83,26.0,27.38,0,14.5,OFF
DVC-101,2026-06-03 16:15:00,24.34,24.0,36.46,1,1182.4,COOL
DVC-101,2026-06-06 20:00:00,24.29,24.0,32.51,1,1265.7,COOL
DVC-101,2026-06-14 05:15:00,25.38,26.0,26.37,0,32.9,OFF
DVC-103,2026-06-03 19:15:00,24.01,24.0,33.29,1,1454.5,COOL
DVC-101,2026-06-13 22:30:00,25.73,26.0,29.71,0,42.0,OFF
DVC-102,2026-06-04 09:30:00,25.54,24.0,30.43,1,1245.9,COOL
DVC-105,2026-06-13 09:45:00,25.56,24.0,32.0,1,1263.9,COOL
DVC-101,2026-06-05 04:15:00,26.05,26.0,25.44,0,35.6,OFF
DVC-105,2026-06-10 10:30:00,24.46,24.0,33.17,1,1526.7,COOL
DVC-104,2026-06-08 05:15:00,26.29,26.0,25.81,0,38.9,OFF
DVC-103,2026-06-05 12:00:00,24.31,24.0,36.47,1,1430.6,COOL
DVC-104,2026-06-12 07:30:00,23.5,26.0,28.04,0,30.5,OFF
DVC-101,2026-06-09 19:00:00,24.06,24.0,34.08,1,1187.0,COOL
DVC-101,2026-06-02 22:15:00,25.59,26.0,29.99,0,46.3,OFF
DVC-103,2026-06-06 11:30:00,24.61,24.0,34.93,0,36.9,FAN
DVC-105,2026-06-14 13:15:00,24.72,24.0,37.47,0,49.6,FAN
DVC-104,2026-06-09 06:15:00,23.5,26.0,27.35,0,48.4,OFF
DVC-105,2026-06-07 14:45:00,24.49,24.0,37.38,1,1232.9,COOL
DVC-104,2026-06-08 13:30:00,24.02,24.0,37.43,1,1357.9,COOL
DVC-105,2026-06-13 16:30:00,24.45,24.0,36.39,1,1348.9,COOL
DVC-101,2026-06-08 02:30:00,25.76,26.0,25.8,0,49.0,OFF
DVC-102,2026-06-05 17:45:00,24.51,24.0,35.67,0,48.7,FAN
DVC-101,2026-06-11 14:30:00,24.66,24.0,36.75,0,38.9,FAN
DVC-104,2026-06-11 00:30:00,23.5,26.0,25.78,0,47.7,OFF
DVC-101,2026-06-14 23:00:00,26.48,26.0,27.52,0,46.7,OFF
DVC-102,2026-06-03 09:30:00,25.44,24.0,31.52,1,1123.2,COOL
DVC-104,2026-06-10 04:15:00,23.5,26.0,25.16,0,36.6,OFF
DVC-103,2026-06-01 20:00:00,24.16,24.0,31.64,1,1421.9,COOL
DVC-102,2026-06-05 21:45:00,24.95,26.0,29.39,0,42.6,FAN
DVC-104,2026-06-11 23:30:00,23.5,26.0,27.68,0,55.6,OFF
DVC-101,2026-06-03 22:30:00,25.47,26.0,29.26,0,49.4,OFF
DVC-105,2026-06-03 14:45:00,24.41,24.0,37.61,1,1478.2,COOL
DVC-102,2026-06-14 14:30:00,24.65,24.0,36.46,0,49.6,FAN
DVC-103,2026-06-13 09:30:00,25.51,24.0,31.79,1,1241.5,COOL
DVC-105,2026-06-05 11:15:00,24.53,24.0,33.58,0,39.3,FAN
DVC-102,2026-06-11 20:30:00,24.51,24.0,31.65,0,33.9,FAN
DVC-105,2026-06-03 08:30:00,26.29,26.0,29.31,0,39.4,FAN
DVC-102,2026-06-07 00:00:00,26.4,26.0,26.96,0,49.1,OFF
DVC-103,2026-06-12 05:45:00,25.82,26.0,25.87,0,36.1,OFF
DVC-101,2026-06-05 00:15:00,26.01,26.0,26.01,0,49.9,OFF
DVC-105,2026-06-09 06:15:00,25.75,26.0,27.62,0,36.4,OFF
DVC-101,2026-06-13 12:30:00,24.41,24.0,36.01,1,1259.1,COOL
DVC-101,2026-06-07 18:00:00,24.34,24.0,35.34,1,1429.7,COOL
DVC-103,2026-06-06 00:45:00,25.78,26.0,25.89,0,37.1,OFF
DVC-104,2026-06-11 04:15:00,23.5,26.0,24.83,0,36.1,OFF
DVC-103,2026-06-09 01:45:00,26.43,26.0,25.77,0,46.6,OFF
DVC-104,2026-06-11 02:00:00,23.5,26.0,24.96,0,33.0,OFF
DVC-102,2026-06-07 00:30:00,26.31,26.0,27.37,0,33.5,OFF
DVC-101,2026-06-01 20:15:00,24.16,24.0,31.77,0,44.6,FAN
DVC-105,2026-06-05 01:15:00,25.45,26.0,25.5,0,52.2,OFF
DVC-104,2026-06-02 02:30:00,26.06,26.0,25.06,0,34.0,OFF
DVC-101,2026-06-11 21:15:00,25.31,26.0,30.09,0,52.9,FAN
DVC-102,2026-06-11 22:15:00,25.56,26.0,28.78,0,39.2,OFF
DVC-101,2026-06-10 16:45:00,24.51,24.0,36.65,0,56.6,FAN
DVC-102,2026-06-07 20:30:00,24.06,24.0,31.13,1,1333.5,COOL
DVC-105,2026-06-09 21:15:00,24.47,26.0,30.95,0,42.0,FAN
DVC-102,2026-06-01 19:45:00,24.22,24.0,33.27,1,1330.8,COOL
DVC-103,2026-06-11 15:45:00,24.56,24.0,35.88,0,60.3,FAN
DVC-102,2026-06-11 02:45:00,25.83,26.0,24.67,0,39.0,OFF
DVC-103,2026-06-05 00:45:00,26.43,26.0,25.59,0,53.9,OFF
DVC-102,2026-06-07 03:15:00,26.05,26.0,25.07,0,42.7,OFF
DVC-105,2026-06-10 02:00:00,25.58,26.0,25.06,0,66.5,OFF
DVC-104,2026-06-09 08:45:00,23.5,26.0,29.68,1,1231.2,COOL
DVC-105,2026-06-02 12:45:00,24.33,24.0,35.21,1,1485.1,COOL
DVC-101,2026-06-13 11:30:00,24.01,24.0,35.54,1,1305.0,COOL
DVC-102,2026-06-08 03:45:00,25.26,26.0,24.63,0,51.0,OFF
DVC-102,2026-06-05 11:30:00,24.47,24.0,34.5,0,59.9,FAN
DVC-103,2026-06-01 17:45:00,24.09,24.0,35.84,1,1226.7,COOL
DVC-102,2026-06-03 10:45:00,24.27,24.0,32.61,1,1329.0,COOL
DVC-103,2026-06-13 01:30:00,25.6,26.0,26.54,0,50.7,OFF
DVC-103,2026-06-07 04:15:00,25.6,26.0,25.47,0,55.6,OFF
DVC-101,2026-06-04 10:15:00,24.64,24.0,32.62,1,1380.2,COOL
DVC-101,2026-06-09 07:30:00,25.66,26.0,29.32,0,59.2,OFF
DVC-102,2026-06-07 16:30:00,24.38,24.0,36.13,1,1278.8,COOL
DVC-104,2026-06-12 00:15:00,23.5,26.0,25.23,0,57.2,OFF
DVC-104,2026-06-07 14:30:00,24.65,24.0,36.6,0,43.7,FAN
DVC-101,2026-06-09 03:15:00,25.47,26.0,24.97,0,39.6,OFF
DVC-101,2026-06-01 11:30:00,24.57,24.0,35.18,0,15.4,FAN
DVC-105,2026-06-07 21:00:00,24.53,26.0,31.57,0,65.2,FAN
DVC-105,2026-06-06 20:45:00,24.48,24.0,31.07,0,28.9,FAN
DVC-102,2026-06-11 08:15:00,26.3,26.0,30.04,0,26.4,FAN
DVC-102,2026-06-03 08:45:00,26.03,26.0,30.23,1,1402.6,COOL
DVC-104,2026-06-05 06:00:00,25.61,26.0,27.2,0,34.2,OFF
DVC-101,2026-06-09 08:45:00,26.01,26.0,30.84,1,1400.7,COOL
DVC-102,2026-06-10 10:00:00,25.11,24.0,33.23,1,1370.1,COOL
DVC-102,2026-06-08 02:30:00,25.94,26.0,25.21,0,49.6,OFF
DVC-103,2026-06-03 23:00:00,25.73,26.0,28.52,0,17.3,OFF
DVC-103,2026-06-06 07:30:00,26.02,26.0,28.08,0,40.9,OFF
DVC-105,2026-06-14 06:15:00,26.43,26.0,26.92,0,25.2,OFF
DVC-104,2026-06-05 08:15:00,25.82,26.0,29.74,0,40.6,FAN
DVC-103,2026-06-04 05:15:00,25.92,26.0,25.56,0,53.3,OFF
DVC-103,2026-06-01 06:00:00,25.84,26.0,27.58,0,54.9,OFF
DVC-104,2026-06-11 19:15:00,23.5,24.0,32.97,1,1268.5,COOL
DVC-101,2026-06-14 15:00:00,24.15,24.0,35.33,1,1636.1,COOL
DVC-103,2026-06-03 13:45:00,24.84,24.0,36.43,0,47.3,FAN
DVC-102,2026-06-06 19:45:00,24.36,24.0,32.72,1,1284.7,COOL
DVC-104,2026-06-13 04:15:00,23.5,26.0,25.2,0,42.4,OFF
DVC-102,2026-06-04 09:15:00,25.69,24.0,30.86,1,1441.6,COOL
DVC-101,2026-06-14 04:30:00,25.3,26.0,24.96,0,61.6,OFF
DVC-103,2026-06-04 08:45:00,26.51,26.0,30.78,0,50.5,FAN
DVC-101,2026-06-14 23:45:00,26.67,26.0,26.73,0,47.0,OFF
DVC-102,2026-06-10 23:45:00,26.3,26.0,27.4,0,42.5,OFF
DVC-104,2026-06-01 01:15:00,26.65,26.0,26.29,0,37.2,OFF
DVC-103,2026-06-01 14:15:00,24.38,24.0,36.16,1,1348.8,COOL
DVC-101,2026-06-09 04:45:00,25.44,26.0,25.5,0,64.4,OFF
DVC-101,2026-06-07 16:00:00,24.26,24.0,35.9,1,1283.8,COOL
DVC-104,2026-06-11 13:00:00,23.5,24.0,35.83,1,1525.5,COOL
DVC-105,2026-06-04 14:45:00,24.23,24.0,37.16,1,1365.6,COOL
DVC-105,2026-06-11 14:00:00,24.93,24.0,37.86,0,52.3,FAN
DVC-104,2026-06-04 05:15:00,25.9,26.0,26.46,0,54.6,OFF
DVC-101,2026-06-13 05:15:00,25.4,26.0,25.41,0,40.5,OFF
DVC-104,2026-06-13 15:15:00,23.5,24.0,38.51,1,1197.8,COOL
DVC-105,2026-06-04 07:45:00,26.37,26.0,27.99,0,45.8,OFF
DVC-101,2026-06-02 13:45:00,24.65,24.0,36.06,0,56.7,FAN
DVC-101,2026-06-06 11:30:00,24.44,24.0,35.53,0,40.6,FAN
DVC-104,2026-06-08 14:15:00,24.62,24.0,36.56,0,53.0,FAN
DVC-105,2026-06-05 04:15:00,25.46,26.0,25.86,0,46.2,OFF
DVC-105,2026-06-12 08:45:00,26.18,26.0,30.96,1,1317.5,COOL
DVC-105,2026-06-13 08:15:00,26.47,26.0,30.05,1,1310.7,COOL
DVC-102,2026-06-07 09:30:00,25.24,24.0,31.06,1,1272.4,COOL
DVC-105,2026-06-02 04:00:00,25.87,26.0,24.7,0,44.4,OFF
DVC-104,2026-06-07 11:30:00,24.28,24.0,34.9,0,53.2,FAN
DVC-105,2026-06-12 20:30:00,24.3,24.0,31.87,0,40.3,FAN
DVC-101,2026-06-05 15:15:00,24.28,24.0,36.1,1,1239.2,COOL
DVC-105,2026-06-05 07:00:00,25.92,26.0,28.67,0,42.0,OFF
DVC-102,2026-06-12 15:45:00,24.37,24.0,36.78,1,1220.1,COOL
DVC-102,2026-06-12 18:30:00,24.37,24.0,34.6,1,1514.8,COOL
DVC-102,2026-06-11 18:45:00,24.38,24.0,34.17,1,1475.8,COOL
DVC-101,2026-06-02 12:30:00,24.0,24.0,35.39,1,1466.9,COOL
DVC-101,2026-06-08 01:15:00,25.88,26.0,25.87,0,50.0,OFF
DVC-104,2026-06-05 05:30:00,25.54,26.0,25.84,0,31.6,OFF
DVC-103,2026-06-04 17:45:00,24.33,24.0,35.62,1,1143.7,COOL
DVC-101,2026-06-08 12:00:00,24.15,24.0,35.18,1,1410.1,COOL
DVC-103,2026-06-14 10:00:00,24.88,24.0,32.27,1,1420.5,COOL
DVC-102,2026-06-09 09:15:00,25.5,24.0,31.12,1,1480.5,COOL
DVC-105,2026-06-04 00:00:00,26.08,26.0,28.14,0,33.2,OFF
DVC-105,2026-06-08 13:00:00,24.38,24.0,36.73,1,1207.0,COOL
DVC-104,2026-06-03 09:00:00,25.75,24.0,30.78,1,1409.7,COOL
DVC-104,2026-06-11 17:00:00,23.5,24.0,35.23,1,1231.1,COOL
DVC-103,2026-06-03 23:15:00,25.95,26.0,26.95,0,51.4,OFF
DVC-101,2026-06-14 00:30:00,26.25,26.0,26.82,0,47.8,OFF
DVC-104,2026-06-08 15:15:00,24.2,24.0,36.93,1,1356.3,COOL
DVC-105,2026-06-10 09:45:00,25.29,24.0,31.61,1,1347.7,COOL
DVC-104,2026-06-09 04:30:00,23.5,26.0,25.55,0,43.7,OFF
DVC-103,2026-06-04 06:00:00,25.86,26.0,27.84,0,53.7,OFF
DVC-103,2026-06-04 12:15:00,24.29,24.0,36.39,1,1391.2,COOL
DVC-102,2026-06-01 20:00:00,24.42,24.0,32.66,0,49.6,FAN
DVC-105,2026-06-01 14:30:00,24.4,24.0,36.47,0,33.4,FAN
DVC-102,2026-06-10 02:00:00,26.25,26.0,24.7,0,55.3,OFF
DVC-102,2026-06-13 01:15:00,25.81,26.0,24.57,0,38.9,OFF
DVC-101,2026-06-03 09:00:00,25.85,24.0,30.49,1,1403.1,COOL
DVC-103,2026-06-13 18:00:00,24.56,24.0,35.22,0,43.1,FAN
DVC-102,2026-06-02 21:00:00,24.98,26.0,29.81,0,46.5,FAN
DVC-101,2026-06-03 06:00:00,25.09,26.0,27.08,0,47.1,OFF
DVC-104,2026-06-04 19:45:00,24.42,24.0,33.13,0,39.9,FAN
DVC-101,2026-06-13 11:00:00,24.59,24.0,33.26,0,47.5,FAN
DVC-105,2026-06-01 05:30:00,25.88,26.0,25.98,0,45.6,OFF
DVC-101,2026-06-10 00:30:00,26.67,26.0,25.43,0,47.1,OFF
DVC-102,2026-06-05 02:00:00,25.92,26.0,24.75,0,54.5,OFF
DVC-104,2026-06-13 03:45:00,23.5,26.0,25.72,0,39.8,OFF
DVC-104,2026-06-12 00:30:00,23.5,26.0,25.73,0,35.9,OFF
DVC-102,2026-06-04 14:15:00,24.5,24.0,37.15,1,1206.4,COOL
DVC-102,2026-06-13 02:45:00,25.52,26.0,24.37,0,29.8,OFF
DVC-104,2026-06-02 20:30:00,24.04,24.0,31.84,0,49.4,FAN
DVC-102,2026-06-13 21:45:00,25.28,26.0,30.14,0,57.6,FAN
DVC-103,2026-06-11 21:15:00,24.26,26.0,29.88,0,32.6,FAN
DVC-103,2026-06-14 09:30:00,25.56,24.0,31.29,1,1348.6,COOL
DVC-101,2026-06-06 23:15:00,26.05,26.0,27.13,0,53.2,OFF
DVC-105,2026-06-06 22:15:00,25.95,26.0,28.69,0,42.9,OFF
DVC-105,2026-06-14 15:45:00,24.44,24.0,35.39,1,1580.6,COOL
DVC-103,2026-06-03 17:15:00,24.1,24.0,35.14,1,1201.9,COOL
DVC-101,2026-06-12 01:45:00,26.32,26.0,26.0,0,65.6,OFF
DVC-102,2026-06-10 17:00:00,24.39,24.0,35.1,1,1328.1,COOL
DVC-101,2026-06-12 20:30:00,24.29,24.0,31.73,1,1294.4,COOL
DVC-104,2026-06-05 09:30:00,25.24,24.0,32.25,1,1272.9,COOL
DVC-102,2026-06-01 01:15:00,27.23,26.0,25.23,0,44.9,OFF
DVC-103,2026-06-03 04:45:00,25.87,26.0,25.96,0,28.5,OFF
DVC-101,2026-06-04 07:30:00,25.58,26.0,29.3,0,39.4,OFF
DVC-105,2026-06-09 15:45:00,24.4,24.0,36.64,1,1405.3,COOL
DVC-105,2026-06-03 22:15:00,25.51,26.0,29.27,0,31.5,OFF
DVC-103,2026-06-10 01:30:00,26.22,26.0,25.36,0,47.4,OFF
DVC-104,2026-06-05 03:30:00,25.51,26.0,25.03,0,57.6,OFF
DVC-102,2026-06-06 05:45:00,25.54,26.0,27.11,0,62.1,OFF
DVC-104,2026-06-12 12:30:00,23.5,24.0,35.6,1,1450.1,COOL
DVC-101,2026-06-12 14:45:00,24.81,24.0,37.03,0,33.1,FAN
DVC-101,2026-06-14 11:00:00,24.25,24.0,33.76,1,1397.4,COOL
DVC-101,2026-06-05 13:15:00,24.15,24.0,35.74,1,1272.1,COOL
DVC-102,2026-06-02 10:00:00,24.77,24.0,33.36,1,1403.5,COOL
DVC-102,2026-06-01 21:15:00,24.65,26.0,29.16,0,36.1,FAN
DVC-102,2026-06-09 13:30:00,24.52,24.0,35.86,0,42.9,FAN
DVC-102,2026-06-10 23:30:00,26.03,26.0,26.92,0,39.1,OFF
DVC-102,2026-06-03 11:45:00,24.23,24.0,35.13,1,1348.6,COOL
DVC-104,2026-06-05 17:00:00,24.66,24.0,35.68,0,48.1,FAN
DVC-105,2026-06-06 00:15:00,26.21,26.0,26.99,0,29.7,OFF
DVC-101,2026-06-13 11:15:00,24.37,24.0,33.78,1,1434.2,COOL
DVC-105,2026-06-04 23:00:00,25.46,26.0,27.66,0,48.1,OFF
DVC-103,2026-06-05 10:45:00,24.23,24.0,33.83,1,1439.8,COOL
DVC-103,2026-06-09 17:15:00,24.42,24.0,35.38,1,1484.9,COOL
DVC-103,2026-06-09 15:15:00,24.57,24.0,36.91,0,32.6,FAN
DVC-102,2026-06-10 15:15:00,24.62,24.0,37.82,0,45.4,FAN
DVC-102,2026-06-04 04:15:00,25.92,26.0,25.95,0,43.0,OFF
DVC-105,2026-06-05 13:45:00,24.11,24.0,35.99,1,1518.2,COOL
DVC-102,2026-06-11 00:00:00,26.25,26.0,26.87,0,56.5,OFF
DVC-104,2026-06-10 14:45:00,23.5,24.0,36.88,1,1211.7,COOL
DVC-105,2026-06-07 02:30:00,25.71,26.0,24.29,0,34.9,OFF
DVC-102,2026-06-13 13:15:00,24.54,24.0,36.41,1,1342.8,COOL
DVC-105,2026-06-01 10:00:00,24.93,24.0,32.46,1,1546.8,COOL
DVC-103,2026-06-01 09:15:00,25.5,24.0,32.13,1,1177.9,COOL
DVC-105,2026-06-04 23:15:00,25.55,26.0,27.75,0,39.7,OFF
DVC-103,2026-06-03 17:30:00,24.56,24.0,36.14,0,41.1,FAN
DVC-102,2026-06-14 09:15:00,25.65,24.0,31.47,1,1558.3,COOL
DVC-105,2026-06-11 12:30:00,24.53,24.0,36.28,1,1245.7,COOL
DVC-103,2026-06-12 16:30:00,24.01,24.0,36.32,1,1398.9,COOL
DVC-102,2026-06-13 09:45:00,25.14,24.0,31.84,1,1418.1,COOL
DVC-104,2026-06-10 01:45:00,23.5,26.0,24.94,0,58.9,OFF
DVC-103,2026-06-01 18:00:00,24.3,24.0,34.58,0,43.2,FAN
DVC-101,2026-06-11 02:30:00,25.49,26.0,24.88,0,41.0,OFF
DVC-104,2026-06-05 03:45:00,25.57,26.0,24.58,0,45.4,OFF
DVC-101,2026-06-12 03:00:00,26.17,26.0,25.87,0,51.1,OFF
DVC-102,2026-06-12 23:30:00,25.55,26.0,27.29,0,47.3,OFF
DVC-103,2026-06-02 19:15:00,24.43,24.0,34.16,0,45.4,FAN
DVC-101,2026-06-10 10:00:00,25.21,24.0,32.18,1,1336.3,COOL
DVC-103,2026-06-05 13:45:00,23.98,24.0,36.73,1,1178.5,COOL
DVC-104,2026-06-05 16:00:00,24.07,24.0,36.64,1,1196.3,COOL
DVC-104,2026-06-12 08:45:00,23.5,26.0,31.56,1,1301.3,COOL
DVC-104,2026-06-12 19:30:00,23.5,24.0,32.88,0,48.0,FAN
DVC-101,2026-06-02 11:45:00,24.24,24.0,35.12,1,1250.3,COOL
DVC-101,2026-06-07 16:45:00,24.33,24.0,36.48,1,1360.8,COOL
DVC-104,2026-06-10 19:45:00,23.5,24.0,32.59,0,51.0,FAN
DVC-101,2026-06-01 12:30:00,24.08,24.0,35.93,1,1384.8,COOL
DVC-102,2026-06-07 04:30:00,26.23,26.0,26.45,0,16.7,OFF
DVC-103,2026-06-10 09:30:00,25.59,24.0,31.56,1,1314.3,COOL
DVC-101,2026-06-05 23:30:00,26.22,26.0,27.35,0,40.1,OFF
DVC-101,2026-06-10 10:45:00,24.33,24.0,32.89,1,1333.9,COOL
DVC-103,2026-06-02 20:15:00,24.42,24.0,31.63,1,1485.2,COOL
DVC-101,2026-06-07 22:30:00,25.66,26.0,27.73,0,42.6,OFF
DVC-103,2026-06-13 06:15:00,25.47,26.0,27.17,0,44.1,OFF
DVC-101,2026-06-13 17:15:00,24.09,24.0,36.76,1,1341.5,COOL
DVC-104,2026-06-10 17:15:00,23.5,24.0,36.68,1,1259.2,COOL
DVC-105,2026-06-06 21:00:00,0.0,26.0,30.87,0,42.9,FAN
DVC-104,2026-06-04 20:00:00,24.16,24.0,33.27,1,1328.0,COOL
DVC-104,2026-06-10 08:45:00,23.5,26.0,31.02,0,31.9,FAN
DVC-101,2026-06-02 23:45:00,26.14,26.0,26.94,0,39.7,OFF
DVC-103,2026-06-14 03:00:00,26.09,26.0,25.03,0,56.7,OFF
DVC-102,2026-06-09 21:15:00,24.86,26.0,29.98,0,49.4,FAN
DVC-101,2026-06-08 21:15:00,24.86,26.0,31.12,0,60.8,FAN
DVC-102,2026-06-07 06:30:00,25.88,26.0,27.86,0,57.6,OFF
DVC-103,2026-06-11 05:30:00,25.69,26.0,25.81,0,36.2,OFF
DVC-103,2026-06-03 08:30:00,26.31,26.0,30.49,0,50.6,FAN
DVC-101,2026-06-09 10:00:00,24.67,24.0,32.36,1,1413.7,COOL
DVC-105,2026-06-14 16:15:00,24.9,24.0,36.68,0,32.7,FAN
DVC-101,2026-06-10 15:30:00,24.54,24.0,36.85,0,36.8,FAN
DVC-101,2026-06-01 13:45:00,24.48,24.0,36.3,1,1336.3,COOL
DVC-102,2026-06-14 13:45:00,24.61,24.0,36.69,0,35.7,FAN
DVC-104,2026-06-09 01:45:00,23.5,26.0,25.29,0,38.4,OFF
DVC-101,2026-06-09 00:00:00,25.48,26.0,25.99,0,39.6,OFF
DVC-105,2026-06-13 12:45:00,24.27,24.0,35.41,1,1581.6,COOL
DVC-105,2026-06-13 08:45:00,26.46,26.0,30.36,0,29.9,FAN
DVC-104,2026-06-01 05:00:00,26.62,26.0,25.58,0,54.2,OFF
DVC-105,2026-06-05 23:15:00,26.39,26.0,28.78,0,41.4,OFF
DVC-101,2026-06-14 18:00:00,24.46,24.0,34.79,1,1269.8,COOL
DVC-104,2026-06-01 19:15:00,24.34,24.0,34.0,1,1353.5,COOL
DVC-104,2026-06-12 21:30:00,23.5,26.0,29.99,0,34.9,FAN
DVC-101,2026-06-09 03:00:00,25.38,26.0,24.97,0,30.9,OFF
DVC-101,2026-06-01 10:15:00,24.61,24.0,33.25,1,1460.5,COOL
DVC-104,2026-06-03 23:00:00,26.08,26.0,26.84,0,41.9,OFF
DVC-105,2026-06-01 09:30:00,25.41,24.0,30.47,1,1344.1,COOL
DVC-105,2026-06-01 21:00:00,25.06,26.0,31.05,0,42.3,FAN
DVC-104,2026-06-10 11:45:00,23.5,24.0,34.25,0,39.2,FAN
DVC-104,2026-06-12 12:15:00,23.5,24.0,35.04,1,1444.9,COOL
DVC-101,2026-06-14 16:00:00,24.69,24.0,36.39,0,38.7,FAN
DVC-105,2026-06-10 17:45:00,24.17,24.0,35.83,1,1422.3,COOL
DVC-101,2026-06-04 12:00:00,24.49,24.0,34.84,1,1270.8,COOL
DVC-105,2026-06-06 10:15:00,24.88,24.0,33.98,1,1471.9,COOL
DVC-105,2026-06-11 03:15:00,26.25,26.0,25.33,0,58.9,OFF
DVC-101,2026-06-06 04:00:00,85.0,26.0,24.11,0,72.7,OFF
DVC-104,2026-06-02 09:15:00,25.69,24.0,31.88,1,1545.2,COOL
DVC-103,2026-06-10 23:00:00,26.19,26.0,27.33,0,59.3,OFF
DVC-104,2026-06-05 03:15:00,25.57,26.0,25.39,0,42.7,OFF
DVC-102,2026-06-05 07:30:00,25.9,26.0,29.21,0,62.1,OFF
DVC-102,2026-06-13 13:45:00,24.7,24.0,36.9,0,55.6,FAN
DVC-103,2026-06-11 21:45:00,24.45,26.0,30.48,0,40.4,FAN
DVC-103,2026-06-05 09:30:00,25.55,24.0,31.08,1,1381.5,COOL
DVC-101,2026-06-12 04:15:00,25.96,26.0,24.36,0,55.8,OFF
DVC-105,2026-06-08 01:15:00,26.18,26.0,25.9,0,32.0,OFF
DVC-103,2026-06-01 23:45:00,25.63,26.0,27.39,0,34.6,OFF
DVC-105,2026-06-08 21:15:00,24.76,26.0,30.97,0,49.9,FAN
DVC-104,2026-06-11 18:00:00,23.5,24.0,35.87,1,1401.0,COOL
DVC-105,2026-06-10 09:15:00,25.93,24.0,31.37,1,1301.7,COOL
DVC-103,2026-06-10 05:15:00,25.32,26.0,26.54,0,40.4,OFF
DVC-105,2026-06-02 06:30:00,26.24,26.0,27.01,0,33.5,OFF
DVC-104,2026-06-07 12:15:00,24.24,24.0,34.56,1,1562.7,COOL
DVC-101,2026-06-04 04:45:00,24.76,26.0,26.4,0,39.1,OFF
DVC-102,2026-06-08 06:00:00,25.85,26.0,26.54,0,37.0,OFF
DVC-103,2026-06-12 15:30:00,24.41,24.0,36.77,1,1314.4,COOL
DVC-104,2026-06-04 20:45:00,24.39,24.0,31.29,0,52.4,FAN
DVC-105,2026-06-08 23:15:00,26.33,26.0,28.26,0,37.2,OFF
DVC-102,2026-06-09 07:45:00,26.22,26.0,28.79,0,51.2,OFF
DVC-103,2026-06-07 02:00:00,25.52,26.0,26.04,0,47.8,OFF
DVC-101,2026-06-11 06:00:00,25.83,26.0,26.98,0,52.0,OFF
DVC-103,2026-06-13 00:30:00,25.74,26.0,25.6,0,44.6,OFF
DVC-105,2026-06-12 15:30:00,24.41,24.0,37.25,1,1376.9,COOL
DVC-101,2026-06-05 15:00:00,24.61,24.0,36.79,1,1195.6,COOL
DVC-101,2026-06-10 06:45:00,26.29,26.0,27.33,0,46.9,OFF
DVC-105,2026-06-12 11:00:00,24.62,24.0,34.07,0,52.9,FAN
DVC-105,2026-06-14 17:30:00,24.63,24.0,35.71,1,1471.4,COOL
DVC-102,2026-06-11 13:15:00,24.05,24.0,36.99,1,1330.6,COOL
DVC-103,2026-06-01 01:30:00,27.07,26.0,25.99,0,39.7,OFF
DVC-101,2026-06-09 18:00:00,24.59,24.0,36.39,0,24.6,FAN
DVC-105,2026-06-06 05:30:00,25.73,26.0,25.79,0,33.6,OFF
DVC-105,2026-06-10 01:00:00,25.92,26.0,25.38,0,46.4,OFF
DVC-103,2026-06-03 06:15:00,25.79,26.0,27.02,0,31.8,OFF
DVC-105,2026-06-02 17:15:00,24.69,24.0,36.21,0,37.3,FAN
DVC-101,2026-06-01 06:00:00,25.95,26.0,26.5,0,49.6,OFF
DVC-104,2026-06-11 01:30:00,23.5,26.0,24.87,0,44.5,OFF
DVC-103,2026-06-04 01:30:00,26.25,26.0,26.36,0,43.5,OFF
DVC-104,2026-06-08 02:15:00,26.79,26.0,25.89,0,32.4,OFF
DVC-102,2026-06-11 05:30:00,25.22,26.0,26.5,0,53.3,OFF
DVC-105,2026-06-04 05:30:00,25.75,26.0,26.47,0,42.0,OFF
DVC-102,2026-06-08 12:00:00,24.27,24.0,35.18,1,1292.7,COOL
DVC-103,2026-06-09 08:45:00,26.2,26.0,30.84,0,63.4,FAN
DVC-105,2026-06-07 12:15:00,24.48,24.0,36.19,1,1377.6,COOL
DVC-103,2026-06-14 12:00:00,24.17,24.0,35.34,1,1390.4,COOL
DVC-105,2026-06-12 08:15:00,26.17,26.0,29.62,1,1239.3,COOL
DVC-104,2026-06-13 06:00:00,23.5,26.0,26.93,0,51.6,OFF
DVC-104,2026-06-06 07:15:00,26.27,26.0,28.18,0,46.3,OFF
DVC-105,2026-06-01 22:30:00,26.08,26.0,27.98,0,54.1,OFF
DVC-105,2026-06-11 05:45:00,26.2,26.0,27.92,0,45.0,OFF
DVC-102,2026-06-12 13:45:00,24.6,24.0,36.69,0,54.4,FAN
DVC-104,2026-06-12 00:45:00,23.5,26.0,25.24,0,41.7,OFF
DVC-102,2026-06-12 00:15:00,26.19,26.0,27.0,0,38.7,OFF
DVC-104,2026-06-09 05:45:00,23.5,26.0,27.11,0,31.4,OFF
DVC-105,2026-06-13 17:45:00,24.58,24.0,33.99,0,64.4,FAN
DVC-105,2026-06-11 05:15:00,25.92,26.0,24.36,0,69.5,OFF
DVC-105,2026-06-07 16:30:00,24.05,24.0,37.42,1,1434.1,COOL
DVC-105,2026-06-14 09:00:00,26.28,24.0,30.21,1,1650.7,COOL
DVC-103,2026-06-04 21:45:00,25.39,26.0,30.0,0,49.4,FAN
DVC-104,2026-06-06 04:30:00,25.7,26.0,25.71,0,39.0,OFF
DVC-104,2026-06-10 01:00:00,23.5,26.0,26.52,0,49.1,OFF
DVC-103,2026-06-09 13:30:00,24.27,24.0,37.08,1,1581.0,COOL
DVC-101,2026-06-12 08:15:00,25.94,26.0,29.66,1,1313.5,COOL
DVC-101,2026-06-12 05:15:00,25.94,26.0,27.7,0,47.4,OFF
DVC-103,2026-06-09 05:15:00,25.57,26.0,25.32,0,45.5,OFF
DVC-102,2026-06-05 21:00:00,24.39,26.0,30.81,0,32.5,FAN
DVC-103,2026-06-14 02:30:00,26.11,26.0,25.01,0,66.1,OFF
DVC-102,2026-06-12 22:00:00,25.19,26.0,29.03,0,58.7,OFF
DVC-105,2026-06-12 16:45:00,24.65,24.0,35.81,1,1338.1,COOL
DVC-105,2026-06-08 10:45:00,24.39,24.0,33.84,1,1538.5,COOL
DVC-103,2026-06-03 09:00:00,25.62,24.0,31.37,1,1414.8,COOL
DVC-103,2026-06-01 14:30:00,24.08,24.0,37.75,1,1315.8,COOL
DVC-101,2026-06-13 14:30:00,24.1,24.0,37.48,1,1332.6,COOL
DVC-101,2026-06-13 00:45:00,26.26,26.0,26.08,0,41.1,OFF
DVC-104,2026-06-07 17:00:00,24.6,24.0,35.7,0,55.9,FAN
DVC-103,2026-06-02 22:30:00,25.57,26.0,28.65,0,50.1,OFF
DVC-105,2026-06-05 04:00:00,25.29,26.0,25.85,0,42.9,OFF
DVC-104,2026-06-13 17:45:00,23.5,24.0,35.78,0,45.9,FAN
DVC-103,2026-06-08 22:30:00,25.6,26.0,28.55,0,45.0,OFF
DVC-102,2026-06-02 04:15:00,25.54,26.0,24.69,0,54.3,OFF
DVC-104,2026-06-04 23:00:00,25.4,26.0,27.15,0,64.6,OFF
DVC-105,2026-06-04 15:30:00,24.21,24.0,37.01,1,1452.5,COOL
DVC-104,2026-06-05 10:45:00,24.51,24.0,32.9,0,27.1,FAN
DVC-105,2026-06-04 06:30:00,26.18,26.0,27.76,0,51.9,OFF
DVC-103,2026-06-04 10:00:00,25.25,24.0,33.38,1,1410.5,COOL
DVC-102,2026-06-05 23:15:00,25.72,26.0,27.81,0,62.6,OFF
DVC-102,2026-06-06 20:15:00,24.46,24.0,32.26,0,41.6,FAN
DVC-102,2026-06-09 18:15:00,24.48,24.0,35.36,1,1488.0,COOL
DVC-102,2026-06-12 09:45:00,24.85,24.0,32.65,1,1406.5,COOL
DVC-101,2026-06-11 17:30:00,24.1,24.0,36.47,1,1290.7,COOL
DVC-103,2026-06-04 19:15:00,24.19,24.0,34.13,1,1264.2,COOL
DVC-101,2026-06-09 16:00:00,24.5,24.0,36.12,1,1164.3,COOL
DVC-102,2026-06-08 00:45:00,26.43,26.0,26.44,0,56.9,OFF
DVC-103,2026-06-04 16:45:00,24.32,24.0,36.09,1,1359.5,COOL
DVC-102,2026-06-04 10:15:00,24.61,24.0,32.81,1,1338.5,COOL
DVC-105,2026-06-08 00:00:00,26.43,26.0,26.43,0,55.0,OFF
DVC-104,2026-06-06 06:00:00,25.6,26.0,26.04,0,48.9,OFF
DVC-105,2026-06-05 09:45:00,25.68,24.0,31.3,1,1416.0,COOL
DVC-101,2026-06-06 03:45:00,26.15,26.0,25.68,0,40.1,OFF
DVC-104,2026-06-05 00:15:00,25.77,26.0,25.72,0,41.5,OFF
DVC-102,2026-06-08 17:15:00,24.49,24.0,36.17,1,1439.1,COOL
DVC-101,2026-06-01 01:00:00,26.71,26.0,24.63,0,48.5,OFF
DVC-101,2026-06-01 15:45:00,24.12,24.0,37.24,1,1485.0,COOL
DVC-104,2026-06-10 08:00:00,23.5,26.0,30.13,0,22.4,FAN
DVC-104,2026-06-12 18:30:00,23.5,24.0,33.89,0,36.3,FAN
DVC-105,2026-06-08 04:30:00,25.68,26.0,24.9,0,43.5,OFF
DVC-104,2026-06-06 10:15:00,24.33,24.0,33.62,1,1362.7,COOL
DVC-104,2026-06-05 15:30:00,24.03,24.0,36.66,1,1327.4,COOL
DVC-105,2026-06-02 14:45:00,24.29,24.0,36.73,1,1148.2,COOL
DVC-101,2026-06-09 21:15:00,25.0,26.0,30.63,0,41.3,FAN
DVC-102,2026-06-12 00:45:00,26.16,26.0,25.42,0,46.8,OFF
DVC-105,2026-06-08 09:45:00,24.91,24.0,32.3,1,1435.9,COOL
DVC-105,2026-06-04 08:30:00,26.38,26.0,30.92,0,27.8,FAN
DVC-105,2026-06-07 11:30:00,24.3,24.0,33.38,1,1448.6,COOL
DVC-105,2026-06-03 04:00:00,25.34,26.0,24.33,0,61.0,OFF
DVC-103,2026-06-04 01:15:00,26.47,26.0,24.69,0,43.3,OFF
DVC-101,2026-06-04 04:30:00,24.72,26.0,25.26,0,33.0,OFF
DVC-105,2026-06-01 12:30:00,24.71,24.0,35.59,0,43.9,FAN
DVC-103,2026-06-11 07:00:00,26.34,26.0,28.71,0,35.5,OFF
DVC-102,2026-06-14 03:45:00,25.48,26.0,25.29,0,30.2,OFF
DVC-105,2026-06-02 09:00:00,26.14,24.0,31.51,1,1338.7,COOL
DVC-103,2026-06-03 05:45:00,25.76,26.0,25.56,0,44.9,OFF
DVC-105,2026-06-10 03:30:00,25.67,26.0,25.71,0,44.3,OFF
DVC-101,2026-06-04 10:45:00,24.25,24.0,34.04,1,1216.7,COOL
DVC-104,2026-06-03 22:45:00,26.01,26.0,27.49,0,51.7,OFF
DVC-102,2026-06-02 09:30:00,25.33,24.0,31.45,1,1017.4,COOL
DVC-105,2026-06-14 03:00:00,26.51,26.0,25.91,0,43.9,OFF
DVC-101,2026-06-12 13:45:00,24.84,24.0,36.52,0,36.7,FAN
DVC-104,2026-06-11 11:00:00,23.5,24.0,33.52,1,1515.0,COOL
DVC-102,2026-06-02 02:15:00,25.76,26.0,25.72,0,49.1,OFF
DVC-103,2026-06-14 14:45:00,24.27,24.0,36.76,1,1194.9,COOL
DVC-102,2026-06-08 18:15:00,24.16,24.0,34.36,1,1497.6,COOL
DVC-103,2026-06-10 00:00:00,26.31,26.0,25.63,0,43.8,OFF
DVC-103,2026-06-12 13:45:00,24.66,24.0,36.75,0,32.3,FAN
DVC-101,2026-06-13 14:00:00,24.71,24.0,38.16,0,52.6,FAN
DVC-103,2026-06-05 09:00:00,26.06,24.0,31.36,1,1402.2,COOL
DVC-101,2026-06-04 05:15:00,24.89,26.0,27.05,0,42.6,OFF
DVC-101,2026-06-07 04:45:00,25.89,26.0,25.36,0,43.3,OFF
DVC-103,2026-06-02 04:15:00,25.78,26.0,25.34,0,51.2,OFF
DVC-104,2026-06-10 21:00:00,23.5,26.0,31.43,0,27.5,FAN
DVC-102,2026-06-13 07:15:00,25.83,26.0,27.78,0,46.7,OFF
DVC-101,2026-06-02 10:30:00,24.28,24.0,34.49,1,1355.6,COOL
DVC-105,2026-06-02 18:45:00,24.43,24.0,33.61,1,1379.0,COOL
DVC-101,2026-06-11 01:45:00,25.7,26.0,24.87,0,41.2,OFF
DVC-105,2026-06-13 15:00:00,24.66,24.0,37.08,0,28.8,FAN
DVC-104,2026-06-13 20:45:00,23.5,24.0,31.29,1,1207.6,COOL
DVC-103,2026-06-13 04:15:00,25.41,26.0,24.47,0,30.4,OFF
DVC-104,2026-06-06 08:15:00,26.37,26.0,29.11,0,51.8,FAN
DVC-101,2026-06-13 01:30:00,26.51,26.0,23.99,0,52.2,OFF
DVC-103,2026-06-08 23:00:00,26.0,26.0,28.29,0,45.7,OFF
DVC-102,2026-06-08 14:30:00,24.58,24.0,37.1,0,43.7,FAN
DVC-101,2026-06-05 02:45:00,26.17,26.0,25.1,0,37.0,OFF
DVC-103,2026-06-03 11:15:00,24.54,24.0,34.11,0,26.1,FAN
DVC-101,2026-06-13 13:15:00,24.59,24.0,35.98,1,1458.0,COOL
DVC-103,2026-06-03 00:00:00,26.25,26.0,26.9,0,56.8,OFF
DVC-103,2026-06-03 10:45:00,24.3,24.0,33.9,1,1404.8,COOL
DVC-101,2026-06-05 11:15:00,24.16,24.0,34.57,1,1360.9,COOL
DVC-104,2026-06-14 15:00:00,23.5,24.0,37.83,1,1193.7,COOL
DVC-103,2026-06-09 16:00:00,24.3,24.0,35.99,1,1378.6,COOL
DVC-105,2026-06-01 16:30:00,24.47,24.0,36.45,1,1536.2,COOL
DVC-102,2026-06-01 10:00:00,24.94,24.0,33.19,1,1157.7,COOL
DVC-102,2026-06-02 13:00:00,24.7,24.0,36.5,0,48.8,FAN
DVC-101,2026-06-10 17:45:00,24.45,24.0,35.86,1,1284.2,COOL
DVC-105,2026-06-01 09:15:00,25.69,24.0,31.85,1,1328.2,COOL
DVC-103,2026-06-06 18:00:00,24.74,24.0,35.57,0,58.8,FAN
DVC-102,2026-06-05 10:30:00,24.13,24.0,33.31,1,1469.3,COOL
DVC-103,2026-06-13 10:30:00,24.21,24.0,33.4,1,1254.3,COOL
DVC-105,2026-06-13 14:15:00,23.95,24.0,36.78,1,1427.9,COOL
DVC-102,2026-06-01 09:00:00,25.96,24.0,31.43,1,1388.8,COOL
DVC-102,2026-06-09 22:00:00,25.56,26.0,29.79,0,54.6,OFF
DVC-103,2026-06-05 20:00:00,24.01,24.0,32.36,1,1318.9,COOL
DVC-103,2026-06-13 16:15:00,24.13,24.0,37.53,1,1167.0,COOL
DVC-104,2026-06-03 20:00:00,24.47,24.0,32.66,0,33.7,FAN
DVC-105,2026-06-06 18:15:00,24.65,24.0,34.76,0,31.9,FAN
DVC-102,2026-06-09 03:15:00,25.18,26.0,25.0,0,30.8,OFF
DVC-102,2026-06-01 12:15:00,24.59,24.0,35.38,0,35.2,FAN
DVC-101,2026-06-12 20:45:00,24.39,24.0,31.39,0,53.6,FAN
DVC-102,2026-06-08 12:45:00,24.12,24.0,35.88,1,1481.0,COOL
DVC-101,2026-06-13 12:00:00,24.27,24.0,34.45,1,1535.3,COOL
DVC-103,2026-06-10 18:45:00,24.48,24.0,34.55,1,1397.5,COOL
DVC-105,2026-06-06 06:30:00,25.74,26.0,26.78,0,50.2,OFF
DVC-101,2026-06-12 14:30:00,24.22,24.0,37.01,1,1551.2,COOL
DVC-101,2026-06-14 15:15:00,24.65,24.0,36.78,0,40.9,FAN
DVC-101,2026-06-10 07:30:00,26.6,26.0,28.52,0,49.1,OFF
DVC-104,2026-06-04 00:30:00,26.09,26.0,25.53,0,57.8,OFF
DVC-103,2026-06-14 06:00:00,25.72,26.0,26.41,0,44.1,OFF
DVC-105,2026-06-04 19:00:00,24.35,24.0,34.25,1,1336.1,COOL
DVC-105,2026-06-14 22:30:00,25.77,26.0,28.84,0,43.4,OFF
DVC-105,2026-06-12 19:15:00,24.43,24.0,33.86,0,50.8,FAN
DVC-103,2026-06-12 05:00:00,25.78,26.0,24.62,0,40.1,OFF
DVC-105,2026-06-13 21:45:00,25.1,26.0,29.35,0,49.2,FAN
DVC-105,2026-06-05 12:15:00,24.11,24.0,35.34,1,1453.3,COOL
DVC-103,2026-06-13 05:15:00,25.5,26.0,26.1,0,47.8,OFF
DVC-102,2026-06-12 07:00:00,25.69,26.0,27.51,0,49.2,OFF
DVC-101,2026-06-10 21:45:00,25.25,26.0,30.1,0,36.5,FAN
DVC-103,2026-06-04 12:45:00,24.44,24.0,35.86,1,1184.2,COOL
DVC-101,2026-06-08 11:30:00,24.61,24.0,34.44,1,1405.9,COOL
DVC-101,2026-06-04 05:45:00,25.0,26.0,26.75,0,44.1,OFF
DVC-105,2026-06-07 14:00:00,24.43,24.0,37.02,1,1414.0,COOL
DVC-105,2026-06-07 10:00:00,25.17,24.0,32.14,1,1407.6,COOL
DVC-101,2026-06-05 01:00:00,26.11,26.0,25.97,0,50.6,OFF
DVC-101,2026-06-13 14:45:00,24.47,24.0,36.69,0,49.0,FAN
DVC-103,2026-06-10 06:15:00,25.09,26.0,28.01,0,40.7,OFF
DVC-102,2026-06-07 07:45:00,26.23,26.0,28.65,0,40.4,OFF
DVC-101,2026-06-07 19:00:00,24.57,24.0,35.0,0,61.4,FAN
DVC-101,2026-06-09 14:15:00,24.75,24.0,36.9,0,58.8,FAN
DVC-103,2026-06-06 00:30:00,25.76,26.0,27.73,0,62.7,OFF
DVC-105,2026-06-01 04:00:00,26.2,26.0,25.98,0,29.4,OFF
DVC-103,2026-06-11 16:30:00,24.63,24.0,34.95,0,39.9,FAN
DVC-103,2026-06-09 05:45:00,25.35,26.0,26.57,0,43.1,OFF
DVC-103,2026-06-01 16:30:00,23.99,24.0,36.98,1,1405.6,COOL
DVC-102,2026-06-05 01:00:00,26.0,26.0,24.79,0,34.4,OFF
DVC-104,2026-06-08 18:00:00,24.16,24.0,34.75,1,1343.5,COOL
DVC-101,2026-06-03 11:15:00,24.37,24.0,34.24,1,1318.7,COOL
DVC-102,2026-06-08 18:45:00,24.49,24.0,33.43,1,1299.6,COOL
DVC-105,2026-06-14 09:15:00,25.89,24.0,31.86,1,1300.4,COOL
DVC-101,2026-06-10 09:00:00,26.13,24.0,31.23,1,1586.7,COOL
DVC-104,2026-06-13 03:00:00,23.5,26.0,25.78,0,48.1,OFF
DVC-103,2026-06-14 17:15:00,24.49,24.0,37.76,1,1465.8,COOL
DVC-104,2026-06-14 08:15:00,23.5,26.0,29.7,0,41.2,FAN
DVC-103,2026-06-01 00:00:00,26.99,26.0,26.98,0,41.9,OFF
DVC-103,2026-06-11 02:15:00,25.98,26.0,26.0,0,31.6,OFF
DVC-105,2026-06-12 01:45:00,25.61,26.0,25.42,0,57.0,OFF
DVC-101,2026-06-01 01:45:00,26.63,26.0,25.13,0,42.5,OFF
DVC-104,2026-06-01 12:15:00,24.7,24.0,36.76,0,46.6,FAN
DVC-103,2026-06-14 23:00:00,25.85,26.0,28.43,0,61.5,OFF
DVC-103,2026-06-03 05:30:00,25.71,26.0,26.4,0,49.4,OFF
DVC-105,2026-06-11 07:30:00,26.25,26.0,28.85,0,30.3,OFF
DVC-103,2026-06-05 15:00:00,24.21,24.0,35.91,1,1485.7,COOL
DVC-102,2026-06-06 18:45:00,24.23,24.0,33.79,1,1435.3,COOL
DVC-101,2026-06-13 20:45:00,24.05,24.0,30.92,1,1035.0,COOL
DVC-105,2026-06-09 09:45:00,25.01,24.0,31.99,1,1314.5,COOL
DVC-105,2026-06-11 20:00:00,24.09,24.0,32.74,1,1178.7,COOL
DVC-103,2026-06-10 09:00:00,26.03,24.0,32.05,1,1324.1,COOL
DVC-105,2026-06-07 17:00:00,24.24,24.0,36.26,1,1257.0,COOL
DVC-101,2026-06-04 04:00:00,24.58,26.0,25.17,0,38.5,OFF
DVC-101,2026-06-08 05:45:00,25.15,26.0,26.02,0,62.3,OFF
DVC-104,2026-06-13 13:30:00,23.5,24.0,35.71,0,47.9,FAN
DVC-103,2026-06-12 15:45:00,24.02,24.0,37.88,1,1232.3,COOL
DVC-105,2026-06-12 06:45:00,25.94,26.0,28.37,0,48.9,OFF
DVC-102,2026-06-09 05:15:00,25.02,26.0,26.05,0,39.5,OFF
DVC-103,2026-06-12 23:15:00,25.37,26.0,26.55,0,53.1,OFF
DVC-104,2026-06-08 06:45:00,26.65,26.0,27.69,0,49.7,OFF
DVC-102,2026-06-10 05:15:00,25.67,26.0,26.48,0,39.6,OFF
DVC-102,2026-06-14 13:15:00,24.33,24.0,35.99,0,29.6,FAN
DVC-103,2026-06-06 01:45:00,25.56,26.0,25.49,0,55.3,OFF
DVC-103,2026-06-12 21:30:00,24.61,26.0,29.84,0,47.0,FAN
DVC-105,2026-06-02 18:00:00,24.45,24.0,36.74,0,50.3,FAN
DVC-105,2026-06-01 08:15:00,26.27,26.0,30.52,1,1268.4,COOL
DVC-105,2026-06-11 15:15:00,24.25,24.0,37.66,1,1342.4,COOL
DVC-104,2026-06-08 04:00:00,26.5,26.0,24.99,0,49.9,OFF
DVC-101,2026-06-03 04:15:00,25.34,26.0,25.12,0,34.4,OFF
DVC-104,2026-06-14 16:00:00,23.5,24.0,37.34,0,48.9,FAN
DVC-102,2026-06-06 09:30:00,25.36,24.0,32.2,1,1490.2,COOL
DVC-103,2026-06-04 02:30:00,25.96,26.0,24.7,0,35.3,OFF
DVC-103,2026-06-09 19:15:00,24.17,24.0,33.55,1,1478.0,COOL
DVC-102,2026-06-07 05:00:00,25.9,26.0,25.2,0,42.4,OFF
DVC-101,2026-06-06 09:45:00,25.14,24.0,33.15,1,1166.1,COOL
DVC-102,2026-06-13 06:15:00,25.6,26.0,26.68,0,38.0,OFF
DVC-105,2026-06-02 01:00:00,26.31,26.0,26.11,0,43.2,OFF
DVC-103,2026-06-11 14:15:00,24.65,24.0,37.14,0,28.2,FAN
DVC-105,2026-06-07 00:15:00,26.54,26.0,26.64,0,56.7,OFF
DVC-103,2026-06-14 00:30:00,26.18,26.0,26.45,0,65.2,OFF
DVC-103,2026-06-12 23:45:00,25.64,26.0,26.21,0,44.5,OFF
DVC-104,2026-06-01 03:15:00,26.35,26.0,25.29,0,49.5,OFF
DVC-104,2026-06-04 09:30:00,25.38,24.0,32.49,1,1394.1,COOL
DVC-105,2026-06-13 22:15:00,25.34,26.0,28.63,0,55.5,OFF
DVC-102,2026-06-14 07:15:00,25.93,26.0,28.72,0,28.1,OFF
DVC-102,2026-06-01 09:30:00,25.44,24.0,31.72,1,1437.3,COOL
DVC-102,2026-06-13 23:30:00,26.03,26.0,26.15,0,57.5,OFF
DVC-105,2026-06-07 02:45:00,25.81,26.0,26.0,0,43.3,OFF
DVC-101,2026-06-11 15:00:00,24.68,24.0,37.2,0,42.2,FAN
DVC-105,2026-06-03 17:45:00,23.97,24.0,35.06,1,1549.4,COOL
DVC-103,2026-06-09 12:30:00,24.33,24.0,35.07,1,1330.3,COOL
DVC-104,2026-06-04 00:45:00,26.07,26.0,25.85,0,27.3,OFF
DVC-102,2026-06-03 15:30:00,24.97,24.0,36.72,0,46.8,FAN
DVC-101,2026-06-14 08:00:00,25.66,26.0,30.16,0,29.0,FAN
DVC-105,2026-06-12 18:15:00,24.91,24.0,35.97,0,65.3,FAN
DVC-105,2026-06-01 06:15:00,26.1,26.0,27.68,0,51.4,OFF
DVC-105,2026-06-03 14:15:00,24.2,24.0,36.64,1,1420.1,COOL
DVC-104,2026-06-14 16:45:00,23.5,24.0,35.23,0,54.6,FAN
DVC-101,2026-06-04 17:30:00,24.12,24.0,35.24,1,1176.4,COOL
DVC-104,2026-06-08 10:15:00,24.68,24.0,33.81,1,1282.3,COOL
DVC-101,2026-06-10 22:45:00,25.87,26.0,29.17,0,46.9,OFF
DVC-101,2026-06-06 18:45:00,24.49,24.0,34.15,0,40.9,FAN
DVC-105,2026-06-13 13:15:00,24.47,24.0,35.82,1,1484.8,COOL
DVC-103,2026-06-12 07:30:00,26.81,26.0,28.22,0,37.6,OFF
DVC-105,2026-06-11 02:15:00,26.4,26.0,24.79,0,53.7,OFF
DVC-101,2026-06-11 23:15:00,26.28,26.0,29.13,0,41.7,OFF
DVC-104,2026-06-11 08:15:00,23.5,26.0,29.65,0,55.2,FAN
DVC-104,2026-06-13 15:30:00,23.5,24.0,37.65,0,45.0,FAN
DVC-102,2026-06-07 07:30:00,26.25,26.0,29.18,0,59.9,OFF
DVC-101,2026-06-02 15:15:00,85.0,24.0,37.58,0,46.3,FAN
DVC-101,2026-06-02 07:15:00,25.37,26.0,28.56,0,49.5,OFF
DVC-105,2026-06-14 01:15:00,26.18,26.0,25.35,0,35.0,OFF
DVC-105,2026-06-01 17:00:00,24.64,24.0,37.33,0,34.8,FAN
DVC-105,2026-06-07 04:45:00,26.02,26.0,25.4,0,46.5,OFF
DVC-102,2026-06-13 16:15:00,24.65,24.0,36.24,0,40.9,FAN
DVC-101,2026-06-14 08:30:00,25.71,26.0,29.01,0,48.2,FAN
DVC-105,2026-06-08 15:45:00,24.2,24.0,35.47,1,1566.4,COOL
DVC-102,2026-06-06 12:00:00,24.5,24.0,34.75,0,58.6,FAN
DVC-105,2026-06-02 12:15:00,24.11,24.0,35.24,1,1543.1,COOL
DVC-104,2026-06-01 04:45:00,26.42,26.0,26.59,0,56.5,OFF
DVC-104,2026-06-03 13:00:00,24.35,24.0,36.28,0,53.7,FAN
DVC-102,2026-06-03 08:30:00,26.34,26.0,30.52,0,47.7,FAN
DVC-105,2026-06-03 11:45:00,24.34,24.0,35.2,1,1563.4,COOL
DVC-104,2026-06-10 07:45:00,23.5,26.0,28.41,0,59.1,OFF
DVC-102,2026-06-07 04:00:00,26.1,26.0,24.8,0,40.7,OFF
DVC-101,2026-06-14 11:15:00,24.63,24.0,33.06,0,41.8,FAN
DVC-101,2026-06-11 00:30:00,26.07,26.0,25.64,0,61.1,OFF
DVC-105,2026-06-11 02:30:00,26.36,26.0,24.97,0,59.7,OFF
DVC-101,2026-06-12 10:30:00,24.39,24.0,33.88,1,1392.2,COOL
DVC-105,2026-06-13 23:00:00,26.13,26.0,27.91,0,35.1,OFF
DVC-103,2026-06-11 00:30:00,26.14,26.0,25.86,0,53.0,OFF
DVC-101,2026-06-03 02:15:00,25.81,26.0,25.96,0,48.1,OFF
DVC-103,2026-06-09 10:15:00,24.7,24.0,34.09,1,1594.3,COOL
DVC-101,2026-06-02 14:30:00,24.59,24.0,36.92,0,41.1,FAN
DVC-103,2026-06-02 02:30:00,25.34,26.0,24.95,0,53.4,OFF
DVC-101,2026-06-02 22:00:00,25.51,26.0,29.7,0,43.9,OFF
DVC-105,2026-06-11 18:00:00,24.32,24.0,36.17,0,54.0,FAN
DVC-102,2026-06-06 02:15:00,25.61,26.0,24.96,0,57.6,OFF
DVC-104,2026-06-14 16:15:00,23.5,24.0,37.01,1,1457.8,COOL
DVC-104,2026-06-07 03:30:00,26.27,26.0,25.02,0,62.8,OFF
DVC-105,2026-06-06 18:30:00,24.49,24.0,34.81,1,1350.0,COOL
DVC-103,2026-06-01 15:45:00,24.14,24.0,35.43,1,1426.1,COOL
DVC-101,2026-06-03 17:15:00,24.11,24.0,35.83,1,1431.4,COOL
DVC-101,2026-06-05 04:00:00,26.15,26.0,25.1,0,37.8,OFF
DVC-105,2026-06-05 10:30:00,24.77,24.0,33.95,1,1202.0,COOL
DVC-103,2026-06-05 22:15:00,25.45,26.0,29.13,0,53.3,OFF
DVC-103,2026-06-05 00:00:00,26.32,26.0,27.48,0,52.7,OFF
DVC-105,2026-06-03 15:15:00,24.54,24.0,37.56,0,40.6,FAN
DVC-102,2026-06-02 22:30:00,25.76,26.0,29.24,0,49.5,OFF
DVC-101,2026-06-06 00:45:00,26.24,26.0,26.36,0,53.3,OFF
DVC-104,2026-06-05 07:30:00,25.51,26.0,28.88,0,58.9,OFF
DVC-104,2026-06-05 23:30:00,26.03,26.0,27.65,0,44.2,OFF
DVC-103,2026-06-10 19:30:00,24.29,24.0,31.95,1,1381.8,COOL
DVC-101,2026-06-08 07:00:00,25.6,26.0,28.67,0,36.7,OFF
DVC-102,2026-06-04 07:30:00,26.46,26.0,28.55,0,47.0,OFF
DVC-102,2026-06-11 22:00:00,25.28,26.0,30.18,0,48.4,OFF
DVC-102,2026-06-14 08:00:00,26.16,26.0,28.96,0,67.7,FAN
DVC-102,2026-06-05 22:30:00,25.44,26.0,27.88,0,57.6,OFF
DVC-105,2026-06-08 04:15:00,25.61,26.0,24.35,0,52.0,OFF
DVC-101,2026-06-09 02:00:00,25.6,26.0,24.55,0,38.4,OFF
DVC-102,2026-06-07 20:15:00,24.37,24.0,31.61,0,64.9,FAN
DVC-105,2026-06-14 02:45:00,26.36,26.0,24.78,0,39.5,OFF
DVC-102,2026-06-09 22:15:00,25.67,26.0,29.39,0,45.5,OFF
DVC-105,2026-06-05 09:30:00,25.88,24.0,31.92,1,1431.2,COOL
DVC-102,2026-06-04 15:00:00,24.36,24.0,37.44,1,1321.9,COOL
DVC-105,2026-06-13 22:00:00,25.26,26.0,29.46,0,50.6,OFF
DVC-102,2026-06-14 12:30:00,24.64,24.0,35.91,0,28.3,FAN
DVC-103,2026-06-14 20:30:00,24.58,24.0,32.02,0,51.8,FAN
DVC-103,2026-06-10 11:00:00,24.53,24.0,34.52,0,40.6,FAN
DVC-104,2026-06-14 01:30:00,23.5,26.0,25.56,0,45.1,OFF
DVC-101,2026-06-07 21:45:00,25.17,26.0,29.62,0,44.8,FAN
DVC-105,2026-06-09 07:30:00,26.55,26.0,28.73,0,76.1,OFF
DVC-103,2026-06-14 01:15:00,26.04,26.0,25.07,0,45.4,OFF
DVC-105,2026-06-13 05:00:00,26.17,26.0,26.31,0,38.7,OFF
DVC-105,2026-06-04 20:15:00,24.29,24.0,31.89,0,52.6,FAN
DVC-105,2026-06-03 07:45:00,26.22,26.0,29.56,0,54.7,OFF
DVC-101,2026-06-11 22:30:00,25.66,26.0,27.96,0,64.3,OFF
DVC-101,2026-06-08 18:45:00,24.65,24.0,34.64,0,43.9,FAN
DVC-101,2026-06-08 06:30:00,25.17,26.0,26.8,0,69.6,OFF
DVC-104,2026-06-01 09:45:00,25.01,24.0,31.7,1,1223.2,COOL
DVC-104,2026-06-05 12:45:00,24.26,24.0,36.09,1,1283.3,COOL
DVC-104,2026-06-06 11:15:00,24.57,24.0,35.75,0,37.5,FAN
DVC-102,2026-06-09 13:15:00,24.12,24.0,35.46,1,1243.1,COOL
DVC-102,2026-06-06 22:15:00,25.34,26.0,29.58,0,49.5,OFF
DVC-103,2026-06-13 02:15:00,25.69,26.0,24.55,0,37.0,OFF
DVC-105,2026-06-05 21:30:00,25.23,26.0,31.34,0,56.0,FAN
DVC-103,2026-06-04 04:45:00,25.91,26.0,26.12,0,46.8,OFF
DVC-102,2026-06-06 07:15:00,26.33,26.0,28.89,0,48.2,OFF
DVC-104,2026-06-04 19:00:00,24.51,24.0,34.11,0,43.0,FAN
DVC-105,2026-06-05 21:15:00,24.93,26.0,30.99,0,43.7,FAN
DVC-101,2026-06-07 20:15:00,24.0,24.0,32.28,1,1382.2,COOL
DVC-103,2026-06-10 11:45:00,24.16,24.0,33.72,1,1299.4,COOL
DVC-104,2026-06-10 08:15:00,23.5,26.0,29.72,1,1509.0,COOL
DVC-103,2026-06-06 02:15:00,25.61,26.0,25.18,0,36.5,OFF
DVC-104,2026-06-02 04:45:00,26.08,26.0,25.78,0,45.1,OFF
DVC-103,2026-06-12 15:00:00,24.04,24.0,37.67,1,1220.2,COOL
DVC-102,2026-06-03 10:15:00,24.78,24.0,32.45,1,1216.9,COOL
DVC-102,2026-06-03 22:30:00,25.65,26.0,28.35,0,44.0,OFF
DVC-103,2026-06-10 06:00:00,25.1,26.0,26.56,0,46.3,OFF
DVC-104,2026-06-02 05:15:00,26.13,26.0,25.28,0,51.6,OFF
DVC-102,2026-06-05 04:30:00,25.76,26.0,25.04,0,61.1,OFF
DVC-103,2026-06-02 07:15:00,26.65,26.0,27.93,0,45.1,OFF
DVC-103,2026-06-13 13:00:00,23.98,24.0,38.14,1,1152.5,COOL
DVC-105,2026-06-12 20:15:00,24.07,24.0,32.56,1,1328.7,COOL
DVC-105,2026-06-10 08:15:00,26.24,26.0,30.23,0,46.0,FAN
DVC-104,2026-06-12 15:00:00,23.5,24.0,37.07,0,51.5,FAN
DVC-102,2026-06-12 23:15:00,25.47,26.0,28.1,0,40.9,OFF
DVC-101,2026-06-09 21:45:00,25.53,26.0,29.84,0,59.2,FAN
DVC-102,2026-06-04 02:30:00,25.92,26.0,26.87,0,30.5,OFF
DVC-105,2026-06-02 23:00:00,25.62,26.0,28.75,0,43.4,OFF
DVC-105,2026-06-04 02:00:00,26.27,26.0,25.3,0,37.6,OFF
DVC-104,2026-06-01 16:00:00,24.27,24.0,36.63,1,1339.7,COOL
DVC-101,2026-06-01 02:30:00,26.22,26.0,25.58,0,48.8,OFF
DVC-101,2026-06-02 18:15:00,24.05,24.0,34.93,1,1497.4,COOL
DVC-104,2026-06-10 00:00:00,23.5,26.0,26.41,0,43.6,OFF
DVC-105,2026-06-14 07:00:00,26.87,26.0,28.75,0,48.7,OFF
DVC-105,2026-06-11 00:00:00,26.6,26.0,27.81,0,55.0,OFF
DVC-104,2026-06-05 06:45:00,25.54,26.0,28.39,0,43.8,OFF
DVC-104,2026-06-11 08:30:00,23.5,26.0,29.86,0,43.4,FAN
DVC-104,2026-06-07 10:15:00,24.49,24.0,31.92,1,1159.8,COOL
DVC-105,2026-06-14 07:15:00,26.99,26.0,28.88,0,48.4,OFF
DVC-104,2026-06-09 03:45:00,23.5,26.0,24.15,0,44.5,OFF
DVC-105,2026-06-03 02:45:00,25.77,26.0,25.06,0,42.1,OFF
DVC-104,2026-06-13 11:30:00,23.5,24.0,35.43,0,55.0,FAN
DVC-103,2026-06-10 13:00:00,24.37,24.0,36.41,1,1386.0,COOL
DVC-104,2026-06-06 10:00:00,24.7,24.0,32.43,1,1343.9,COOL
DVC-101,2026-06-03 05:45:00,25.15,26.0,27.09,0,48.0,OFF
DVC-103,2026-06-01 11:45:00,24.1,24.0,35.37,1,1299.7,COOL
DVC-102,2026-06-04 15:45:00,24.21,24.0,36.2,1,1360.8,COOL
DVC-104,2026-06-02 19:30:00,24.07,24.0,32.99,1,1348.0,COOL
DVC-105,2026-06-10 08:30:00,26.29,26.0,30.03,0,35.9,FAN
DVC-103,2026-06-06 06:45:00,25.88,26.0,27.48,0,45.7,OFF
DVC-102,2026-06-03 11:30:00,24.55,24.0,34.43,0,39.2,FAN
DVC-104,2026-06-08 19:00:00,24.6,24.0,34.5,0,35.6,FAN
DVC-104,2026-06-10 23:15:00,23.5,26.0,27.23,0,35.4,OFF
DVC-102,2026-06-03 21:45:00,25.27,26.0,29.56,0,42.6,FAN
DVC-104,2026-06-14 21:30:00,23.5,26.0,30.24,0,33.0,FAN
DVC-103,2026-06-14 12:30:00,24.5,24.0,35.36,1,1369.1,COOL
DVC-103,2026-06-10 15:30:00,24.48,24.0,36.15,0,36.6,FAN
DVC-102,2026-06-01 08:15:00,26.41,26.0,30.17,1,1219.6,COOL
DVC-102,2026-06-07 07:00:00,26.04,26.0,28.23,0,41.3,OFF
DVC-102,2026-06-03 01:15:00,26.57,26.0,26.65,0,48.2,OFF
DVC-102,2026-06-07 11:30:00,24.28,24.0,34.64,1,1436.4,COOL
DVC-105,2026-06-11 00:30:00,26.59,26.0,26.12,0,50.8,OFF
DVC-102,2026-06-10 07:45:00,26.49,26.0,28.03,0,49.3,OFF
DVC-103,2026-06-04 23:00:00,26.07,26.0,28.32,0,39.0,OFF
DVC-102,2026-06-09 21:30:00,25.16,26.0,29.95,0,23.4,FAN
DVC-101,2026-06-07 00:00:00,26.25,26.0,27.56,0,43.8,OFF
DVC-105,2026-06-11 01:30:00,26.4,26.0,25.24,0,36.7,OFF
DVC-105,2026-06-14 20:30:00,24.75,24.0,32.44,0,34.9,FAN
DVC-101,2026-06-03 10:30:00,24.46,24.0,32.86,0,44.9,FAN
DVC-103,2026-06-14 19:45:00,24.25,24.0,32.77,1,1688.8,COOL
DVC-102,2026-06-10 07:30:00,26.32,26.0,28.77,0,50.7,OFF
DVC-104,2026-06-04 13:45:00,24.79,24.0,37.05,0,35.1,FAN
DVC-101,2026-06-11 18:45:00,24.27,24.0,34.33,1,1345.2,COOL
DVC-102,2026-06-03 04:15:00,26.24,26.0,26.02,0,33.2,OFF
DVC-104,2026-06-14 07:00:00,23.5,26.0,27.28,0,57.0,OFF
DVC-101,2026-06-01 13:15:00,24.26,24.0,36.19,1,1411.2,COOL
DVC-101,2026-06-07 09:00:00,26.01,24.0,30.15,1,1132.8,COOL
DVC-102,2026-06-05 14:00:00,24.11,24.0,36.76,1,1486.3,COOL
DVC-104,2026-06-12 17:15:00,23.5,24.0,35.67,0,38.8,FAN
DVC-102,2026-06-09 05:45:00,25.02,26.0,26.48,0,24.8,OFF
DVC-103,2026-06-14 12:15:00,24.68,24.0,35.38,0,51.3,FAN
DVC-103,2026-06-10 10:00:00,24.92,24.0,33.24,1,1282.4,COOL
DVC-101,2026-06-05 05:45:00,26.09,26.0,26.99,0,51.8,OFF
DVC-104,2026-06-11 00:00:00,23.5,26.0,26.27,0,37.8,OFF
DVC-103,2026-06-03 21:45:00,24.9,26.0,29.49,0,47.8,FAN
DVC-101,2026-06-05 23:15:00,26.21,26.0,26.98,0,39.9,OFF
DVC-105,2026-06-08 12:30:00,24.68,24.0,35.23,0,57.8,FAN
DVC-101,2026-06-11 17:15:00,24.46,24.0,36.62,1,1318.8,COOL
DVC-103,2026-06-13 13:30:00,24.31,24.0,36.2,1,1389.3,COOL
DVC-104,2026-06-04 01:15:00,26.0,26.0,25.8,0,30.8,OFF
DVC-101,2026-06-04 16:45:00,24.2,24.0,36.52,1,1356.5,COOL
DVC-105,2026-06-07 02:00:00,26.02,26.0,25.35,0,36.4,OFF
DVC-102,2026-06-11 17:30:00,24.23,24.0,35.85,1,1198.3,COOL
DVC-101,2026-06-11 11:30:00,24.01,24.0,35.05,1,1400.4,COOL
DVC-105,2026-06-11 12:45:00,24.32,24.0,36.7,1,1301.3,COOL
DVC-102,2026-06-02 17:00:00,24.2,24.0,36.43,1,1317.7,COOL
DVC-101,2026-06-08 14:30:00,24.37,24.0,37.22,1,1466.4,COOL
DVC-101,2026-06-01 02:15:00,26.28,26.0,24.6,0,53.6,OFF
DVC-103,2026-06-02 15:30:00,24.64,24.0,36.46,0,44.7,FAN
DVC-102,2026-06-04 16:15:00,24.62,24.0,37.21,1,1427.3,COOL
DVC-105,2026-06-09 05:45:00,25.68,26.0,26.47,0,60.7,OFF
DVC-103,2026-06-12 11:45:00,24.13,24.0,35.0,1,1402.6,COOL
DVC-104,2026-06-02 10:30:00,24.15,24.0,33.35,1,1362.0,COOL
DVC-101,2026-06-04 00:30:00,25.62,26.0,26.09,0,33.1,OFF
DVC-102,2026-06-14 12:15:00,24.21,24.0,34.35,1,1388.1,COOL
DVC-105,2026-06-07 16:15:00,24.33,24.0,37.09,0,32.7,FAN
DVC-103,2026-06-02 15:45:00,24.41,24.0,37.65,1,1381.4,COOL
DVC-101,2026-06-05 17:00:00,24.64,24.0,37.37,0,44.5,FAN
DVC-102,2026-06-12 10:15:00,24.4,24.0,32.5,1,1430.4,COOL
DVC-102,2026-06-06 20:45:00,24.29,24.0,31.22,0,44.3,FAN
DVC-101,2026-06-09 19:30:00,24.06,24.0,35.2,1,1418.6,COOL
DVC-102,2026-06-09 20:45:00,24.17,24.0,30.58,1,1267.4,COOL
DVC-104,2026-06-05 02:45:00,25.62,26.0,24.43,0,60.9,OFF
DVC-104,2026-06-02 16:00:00,24.48,24.0,36.85,0,57.6,FAN
DVC-104,2026-06-12 10:15:00,23.5,24.0,32.64,1,1303.4,COOL
DVC-104,2026-06-12 16:00:00,23.5,24.0,36.32,1,1526.4,COOL
DVC-103,2026-06-03 21:00:00,24.6,26.0,30.91,0,43.0,FAN
DVC-102,2026-06-11 00:30:00,26.3,26.0,27.38,0,45.4,OFF
DVC-101,2026-06-06 06:00:00,25.99,26.0,24.98,0,44.6,OFF
DVC-102,2026-06-10 06:30:00,26.05,26.0,27.65,0,49.2,OFF
DVC-101,2026-06-09 18:45:00,24.45,24.0,34.28,1,1351.6,COOL
DVC-103,2026-06-13 10:00:00,24.86,24.0,32.98,1,1206.4,COOL
DVC-102,2026-06-10 11:30:00,24.25,24.0,34.11,1,1358.9,COOL
DVC-103,2026-06-14 01:00:00,26.11,26.0,26.43,0,30.8,OFF
DVC-101,2026-06-04 21:45:00,25.3,26.0,31.23,0,45.9,FAN
DVC-103,2026-06-07 04:45:00,25.55,26.0,26.15,0,30.2,OFF
DVC-103,2026-06-05 21:00:00,24.65,26.0,30.63,0,44.6,FAN
DVC-105,2026-06-02 05:00:00,25.63,26.0,25.88,0,46.9,OFF
DVC-104,2026-06-04 03:00:00,25.97,26.0,25.11,0,47.8,OFF
DVC-105,2026-06-03 02:00:00,25.8,26.0,25.31,0,40.6,OFF
DVC-103,2026-06-09 15:00:00,24.05,24.0,37.33,1,1521.9,COOL
DVC-102,2026-06-13 12:00:00,24.13,24.0,34.06,1,1117.7,COOL
DVC-104,2026-06-01 18:15:00,24.39,24.0,34.65,1,1279.0,COOL
DVC-105,2026-06-14 01:00:00,26.12,26.0,25.09,0,50.6,OFF
DVC-103,2026-06-04 00:15:00,26.4,26.0,27.25,0,44.1,OFF
DVC-102,2026-06-14 22:00:00,25.28,26.0,29.41,0,50.3,OFF
DVC-103,2026-06-12 06:15:00,25.98,26.0,26.71,0,36.7,OFF
DVC-101,2026-06-10 05:00:00,26.28,26.0,25.15,0,46.3,OFF
DVC-104,2026-06-02 13:30:00,24.24,24.0,35.45,1,1509.7,COOL
DVC-102,2026-06-10 22:15:00,25.66,26.0,28.8,0,49.2,OFF
DVC-104,2026-06-13 17:15:00,23.5,24.0,35.13,1,1192.0,COOL
DVC-101,2026-06-07 04:15:00,25.9,26.0,24.33,0,56.5,OFF
DVC-105,2026-06-13 19:30:00,24.13,24.0,33.35,1,1229.1,COOL
DVC-103,2026-06-06 22:15:00,25.6,26.0,29.13,0,48.7,OFF
DVC-101,2026-06-06 03:30:00,26.17,26.0,24.87,0,47.6,OFF
DVC-103,2026-06-05 11:00:00,24.61,24.0,34.9,0,43.0,FAN
DVC-104,2026-06-01 20:45:00,24.5,24.0,31.86,0,46.5,FAN
DVC-104,2026-06-10 22:15:00,23.5,26.0,29.36,0,22.9,OFF
DVC-105,2026-06-14 11:45:00,24.45,24.0,34.12,1,1343.0,COOL
DVC-104,2026-06-14 04:15:00,23.5,26.0,24.19,0,51.6,OFF
DVC-102,2026-06-08 08:30:00,26.6,26.0,29.58,0,45.3,FAN
DVC-103,2026-06-03 22:00:00,25.08,26.0,29.77,0,23.7,OFF
DVC-103,2026-06-14 18:30:00,24.37,24.0,35.45,1,1135.2,COOL
DVC-103,2026-06-01 20:15:00,24.62,24.0,32.92,0,72.0,FAN
DVC-102,2026-06-02 17:45:00,24.3,24.0,35.07,1,1276.6,COOL
DVC-104,2026-06-04 02:00:00,26.01,26.0,25.3,0,40.5,OFF
DVC-104,2026-06-02 20:00:00,24.4,24.0,33.04,1,1515.5,COOL
DVC-105,2026-06-01 03:45:00,26.31,26.0,23.99,0,40.0,OFF
DVC-102,2026-06-12 14:00:00,24.43,24.0,35.98,1,1135.6,COOL
DVC-102,2026-06-11 16:30:00,24.1,24.0,35.91,1,1240.6,COOL
DVC-101,2026-06-03 19:30:00,24.36,24.0,32.86,0,47.7,FAN
DVC-105,2026-06-05 23:00:00,26.18,26.0,28.23,0,52.2,OFF
DVC-101,2026-06-08 23:00:00,25.72,26.0,28.2,0,50.7,OFF
DVC-101,2026-06-06 05:00:00,26.06,26.0,26.62,0,53.1,OFF
DVC-102,2026-06-07 01:15:00,26.28,26.0,25.59,0,55.7,OFF
DVC-105,2026-06-08 15:30:00,24.56,24.0,36.84,1,1441.8,COOL
DVC-104,2026-06-08 20:15:00,24.46,24.0,32.22,0,34.8,FAN
DVC-104,2026-06-03 01:15:00,26.64,26.0,25.83,0,50.5,OFF
DVC-102,2026-06-12 17:45:00,24.35,24.0,35.51,1,1287.0,COOL
DVC-105,2026-06-02 20:45:00,24.16,24.0,32.72,1,1095.7,COOL
DVC-103,2026-06-06 07:45:00,26.1,26.0,28.86,0,58.1,OFF
DVC-103,2026-06-06 23:30:00,25.65,26.0,27.36,0,62.2,OFF
DVC-105,2026-06-03 08:45:00,26.59,26.0,30.42,0,41.0,FAN
DVC-105,2026-06-05 21:00:00,24.69,26.0,30.43,0,36.5,FAN
DVC-104,2026-06-10 15:30:00,23.5,24.0,36.73,1,1324.7,COOL
DVC-103,2026-06-04 00:45:00,26.35,26.0,26.71,0,41.6,OFF
DVC-101,2026-06-13 23:00:00,26.02,26.0,28.63,0,42.9,OFF
DVC-102,2026-06-04 18:30:00,24.52,24.0,34.24,0,34.3,FAN
DVC-105,2026-06-11 22:30:00,25.68,26.0,28.61,0,51.9,OFF
DVC-102,2026-06-04 13:00:00,24.29,24.0,36.4,1,1188.7,COOL
DVC-105,2026-06-01 01:45:00,26.67,26.0,24.91,0,47.1,OFF
DVC-105,2026-06-13 02:00:00,26.14,26.0,25.04,0,33.0,OFF
DVC-104,2026-06-03 01:30:00,26.79,26.0,26.59,0,55.0,OFF
DVC-104,2026-06-14 04:00:00,23.5,26.0,25.13,0,53.3,OFF
DVC-102,2026-06-03 03:30:00,26.55,26.0,26.22,0,46.2,OFF
DVC-102,2026-06-12 22:15:00,25.29,26.0,27.94,0,26.2,OFF
DVC-103,2026-06-04 05:00:00,25.97,26.0,25.04,0,30.3,OFF
DVC-104,2026-06-09 14:15:00,23.5,24.0,36.37,1,1161.2,COOL
DVC-104,2026-06-09 04:45:00,23.5,26.0,26.08,0,30.4,OFF
DVC-101,2026-06-09 11:45:00,24.3,24.0,35.14,1,1473.4,COOL
DVC-102,2026-06-09 02:30:00,25.09,26.0,24.8,0,36.6,OFF
DVC-101,2026-06-14 10:00:00,24.68,24.0,33.76,1,1640.7,COOL
DVC-104,2026-06-04 03:15:00,25.93,26.0,25.15,0,46.0,OFF
DVC-103,2026-06-12 19:45:00,24.24,24.0,31.93,1,1005.0,COOL
DVC-104,2026-06-06 13:15:00,24.01,24.0,35.73,1,1379.6,COOL
DVC-103,2026-06-10 14:30:00,24.16,24.0,36.77,1,1195.5,COOL
DVC-101,2026-06-05 16:00:00,24.14,24.0,37.46,1,1497.5,COOL
DVC-104,2026-06-09 16:15:00,23.5,24.0,36.68,1,1224.9,COOL
DVC-101,2026-06-07 15:30:00,24.8,24.0,37.3,0,38.2,FAN
DVC-105,2026-06-07 11:45:00,24.84,24.0,34.93,0,42.5,FAN
DVC-105,2026-06-04 17:15:00,24.64,24.0,36.24,0,48.9,FAN
DVC-105,2026-06-08 10:30:00,24.71,24.0,32.4,0,45.3,FAN
DVC-104,2026-06-05 01:30:00,25.88,26.0,24.93,0,45.3,OFF
DVC-104,2026-06-02 11:30:00,24.34,24.0,35.73,1,1379.9,COOL
DVC-105,2026-06-11 20:15:00,24.42,24.0,31.71,0,45.8,FAN
DVC-101,2026-06-05 09:45:00,25.11,24.0,31.28,1,1437.1,COOL
DVC-101,2026-06-03 05:15:00,25.04,26.0,25.72,0,45.7,OFF
DVC-101,2026-06-13 16:30:00,24.2,24.0,35.83,1,1400.4,COOL
DVC-102,2026-06-02 22:15:00,25.81,26.0,29.08,0,41.6,OFF
DVC-104,2026-06-03 02:15:00,26.69,26.0,25.13,0,50.0,OFF
DVC-104,2026-06-07 02:30:00,26.28,26.0,25.26,0,50.8,OFF
DVC-105,2026-06-10 18:15:00,24.37,24.0,35.42,1,1521.0,COOL
DVC-101,2026-06-12 22:45:00,26.05,26.0,28.12,0,56.9,OFF
DVC-104,2026-06-01 11:30:00,23.98,24.0,33.94,1,1305.2,COOL
DVC-102,2026-06-12 21:45:00,25.26,26.0,29.29,0,57.3,FAN
DVC-102,2026-06-11 10:00:00,24.74,24.0,33.21,1,1430.6,COOL
DVC-101,2026-06-13 05:45:00,25.21,26.0,25.53,0,49.3,OFF
DVC-103,2026-06-04 06:45:00,26.05,26.0,27.17,0,46.9,OFF
DVC-105,2026-06-13 04:00:00,26.04,26.0,25.53,0,54.8,OFF
DVC-101,2026-06-06 12:30:00,24.02,24.0,35.54,1,1246.1,COOL
DVC-102,2026-06-01 07:45:00,26.85,26.0,29.31,0,55.1,OFF
DVC-105,2026-06-12 03:15:00,25.58,26.0,26.39,0,53.0,OFF
DVC-101,2026-06-11 23:00:00,26.05,26.0,28.07,0,41.3,OFF
DVC-104,2026-06-11 04:45:00,23.5,26.0,26.98,0,50.0,OFF
DVC-104,2026-06-04 05:30:00,25.96,26.0,25.4,0,43.9,OFF
DVC-103,2026-06-04 02:45:00,25.88,26.0,23.92,0,54.5,OFF
DVC-104,2026-06-14 12:45:00,23.5,24.0,35.84,1,1149.5,COOL
DVC-103,2026-06-05 14:15:00,24.22,24.0,36.81,1,1403.0,COOL
DVC-103,2026-06-02 10:30:00,24.18,24.0,33.62,1,1287.3,COOL
DVC-104,2026-06-12 02:45:00,23.5,26.0,24.79,0,59.7,OFF
DVC-105,2026-06-03 12:45:00,24.13,24.0,37.2,1,1357.8,COOL
DVC-103,2026-06-09 12:45:00,24.15,24.0,37.22,1,1329.0,COOL
DVC-101,2026-06-11 03:15:00,25.48,26.0,25.38,0,55.1,OFF
DVC-105,2026-06-07 12:30:00,24.26,24.0,35.5,1,1397.5,COOL
DVC-103,2026-06-11 17:15:00,24.61,24.0,35.64,1,1344.7,COOL
DVC-102,2026-06-02 07:30:00,26.33,26.0,29.9,0,45.3,OFF
DVC-102,2026-06-09 15:45:00,24.16,24.0,38.11,1,1495.8,COOL
DVC-101,2026-06-10 16:00:00,24.69,24.0,36.66,0,55.6,FAN
DVC-102,2026-06-13 17:00:00,24.53,24.0,35.78,1,1245.7,COOL
DVC-102,2026-06-07 19:30:00,24.3,24.0,34.09,1,1336.5,COOL
DVC-101,2026-06-05 10:15:00,24.73,24.0,32.71,1,1370.8,COOL
DVC-101,2026-06-05 09:00:00,25.99,24.0,31.06,1,1141.1,COOL
DVC-101,2026-06-03 02:00:00,25.87,26.0,25.41,0,37.3,OFF
DVC-105,2026-06-13 18:00:00,24.22,24.0,37.14,1,1387.0,COOL
DVC-105,2026-06-08 18:00:00,24.5,24.0,35.99,1,1353.8,COOL
DVC-101,2026-06-04 00:15:00,25.61,26.0,26.43,0,56.3,OFF
DVC-104,2026-06-02 05:00:00,25.96,26.0,25.48,0,40.4,OFF
DVC-105,2026-06-02 04:30:00,25.82,26.0,25.06,0,45.0,OFF
DVC-102,2026-06-03 14:45:00,24.24,24.0,37.22,1,1277.1,COOL
DVC-105,2026-06-02 13:00:00,23.93,24.0,35.87,1,1372.7,COOL
DVC-103,2026-06-02 00:45:00,25.54,26.0,25.24,0,45.6,OFF
DVC-103,2026-06-12 13:00:00,24.72,24.0,36.45,0,55.4,FAN
DVC-105,2026-06-11 18:30:00,24.63,24.0,34.57,0,53.1,FAN
DVC-102,2026-06-06 02:00:00,25.77,26.0,25.57,0,48.8,OFF
DVC-101,2026-06-04 19:45:00,24.07,24.0,32.44,1,1091.3,COOL
DVC-104,2026-06-10 04:45:00,23.5,26.0,25.49,0,47.3,OFF
DVC-101,2026-06-08 09:00:00,25.83,24.0,30.87,1,1440.0,COOL
DVC-103,2026-06-02 06:00:00,26.33,26.0,27.4,0,52.3,OFF
DVC-103,2026-06-14 16:00:00,24.37,24.0,36.05,1,1450.5,COOL
DVC-101,2026-06-02 04:45:00,25.05,26.0,25.3,0,32.4,OFF
DVC-101,2026-06-05 09:30:00,25.39,24.0,31.43,1,1591.3,COOL
DVC-105,2026-06-03 00:30:00,25.63,26.0,27.45,0,39.5,OFF
DVC-101,2026-06-04 14:30:00,24.1,24.0,36.59,1,1469.6,COOL
DVC-102,2026-06-13 22:30:00,25.77,26.0,29.02,0,37.5,OFF
DVC-105,2026-06-01 13:45:00,24.7,24.0,36.41,0,47.4,FAN
DVC-103,2026-06-06 00:00:00,25.78,26.0,26.56,0,43.2,OFF
DVC-101,2026-06-12 12:15:00,24.84,24.0,35.93,0,55.5,FAN
DVC-103,2026-06-04 02:15:00,25.89,26.0,24.38,0,32.2,OFF
DVC-105,2026-06-14 22:00:00,25.44,26.0,28.6,0,35.9,OFF
DVC-105,2026-06-09 12:45:00,24.21,24.0,36.58,1,1246.6,COOL
DVC-103,2026-06-10 15:00:00,24.31,24.0,36.32,1,1404.5,COOL
DVC-103,2026-06-03 18:00:00,24.67,24.0,35.25,0,49.3,FAN
DVC-101,2026-06-10 19:45:00,24.33,24.0,33.65,1,1279.0,COOL
DVC-105,2026-06-10 14:15:00,24.19,24.0,37.88,1,1215.1,COOL
DVC-102,2026-06-07 01:45:00,26.39,26.0,25.25,0,54.2,OFF
DVC-105,2026-06-04 18:45:00,24.73,24.0,34.17,0,36.2,FAN
DVC-104,2026-06-05 18:30:00,24.3,24.0,34.54,1,1200.3,COOL
DVC-105,2026-06-13 18:30:00,24.62,24.0,34.53,1,1294.7,COOL
DVC-102,2026-06-10 17:45:00,24.19,24.0,35.56,1,1460.2,COOL
DVC-104,2026-06-06 16:30:00,24.0,24.0,36.71,1,1415.5,COOL
DVC-103,2026-06-11 03:00:00,25.93,26.0,25.04,0,27.0,OFF
DVC-105,2026-06-01 19:30:00,24.04,24.0,34.28,1,1192.0,COOL
DVC-102,2026-06-10 10:30:00,24.66,24.0,33.49,1,1340.3,COOL
DVC-104,2026-06-03 19:00:00,24.23,24.0,34.15,1,1457.1,COOL
DVC-105,2026-06-08 22:00:00,25.4,26.0,30.31,0,48.2,OFF
DVC-103,2026-06-14 21:30:00,24.73,26.0,30.37,0,50.7,FAN
DVC-105,2026-06-14 12:15:00,24.69,24.0,36.48,0,52.3,FAN
DVC-101,2026-06-12 10:45:00,24.16,24.0,34.4,1,1189.7,COOL
DVC-103,2026-06-03 00:45:00,26.06,26.0,25.3,0,51.2,OFF
DVC-105,2026-06-14 02:00:00,26.33,26.0,25.62,0,36.4,OFF
DVC-102,2026-06-10 16:45:00,24.62,24.0,36.33,0,44.3,FAN
DVC-103,2026-06-03 20:30:00,24.45,24.0,32.1,0,47.4,FAN
DVC-104,2026-06-13 02:45:00,23.5,26.0,24.81,0,53.2,OFF
DVC-104,2026-06-11 10:00:00,23.5,24.0,32.03,1,1459.9,COOL
DVC-105,2026-06-06 13:00:00,24.26,24.0,36.75,1,1046.2,COOL
DVC-104,2026-06-03 10:30:00,24.47,24.0,33.37,0,47.8,FAN
DVC-105,2026-06-09 04:45:00,25.61,26.0,25.89,0,44.0,OFF
DVC-101,2026-06-14 06:00:00,25.22,26.0,26.53,0,48.0,OFF
DVC-102,2026-06-05 18:30:00,24.46,24.0,34.89,0,52.4,FAN
DVC-101,2026-06-03 21:30:00,24.72,26.0,30.93,0,55.7,FAN
DVC-101,2026-06-02 22:30:00,25.66,26.0,28.81,0,39.7,OFF
DVC-104,2026-06-08 18:30:00,24.36,24.0,34.3,1,1129.8,COOL
DVC-105,2026-06-01 13:30:00,24.27,24.0,36.46,1,1347.8,COOL
DVC-105,2026-06-09 10:30:00,24.55,24.0,33.96,0,53.1,FAN
DVC-104,2026-06-09 00:30:00,23.5,26.0,25.12,0,36.8,OFF
DVC-103,2026-06-12 00:30:00,25.73,26.0,26.34,0,46.7,OFF
DVC-102,2026-06-09 16:45:00,24.54,24.0,35.5,0,50.1,FAN
DVC-103,2026-06-09 14:45:00,24.42,24.0,35.86,1,1663.8,COOL
DVC-105,2026-06-13 16:00:00,24.88,24.0,37.89,0,53.4,FAN
DVC-104,2026-06-04 14:15:00,24.1,24.0,36.83,1,1314.2,COOL
DVC-103,2026-06-14 15:30:00,24.23,24.0,36.69,1,1299.9,COOL
DVC-104,2026-06-13 04:45:00,23.5,26.0,25.85,0,42.4,OFF
DVC-103,2026-06-01 22:45:00,24.86,26.0,27.72,0,42.6,OFF
DVC-103,2026-06-11 02:45:00,25.72,26.0,24.77,0,41.8,OFF
DVC-104,2026-06-09 18:45:00,23.5,24.0,33.27,0,29.6,FAN
DVC-102,2026-06-06 15:15:00,24.7,24.0,37.18,1,1498.7,COOL
DVC-104,2026-06-06 14:00:00,24.52,24.0,36.69,0,62.2,FAN
DVC-102,2026-06-03 00:30:00,26.46,26.0,27.07,0,56.2,OFF
DVC-104,2026-06-11 08:00:00,23.5,26.0,28.79,1,1303.1,COOL
DVC-105,2026-06-08 22:45:00,26.03,26.0,27.45,0,28.9,OFF
DVC-101,2026-06-07 04:30:00,25.9,26.0,24.69,0,47.4,OFF
DVC-102,2026-06-13 00:45:00,25.69,26.0,27.28,0,66.4,OFF
DVC-101,2026-06-08 10:15:00,24.45,24.0,32.92,1,1449.1,COOL
DVC-102,2026-06-05 15:30:00,24.13,24.0,36.76,1,1470.9,COOL
DVC-101,2026-06-05 15:30:00,24.71,24.0,37.59,0,44.6,FAN
DVC-101,2026-06-06 14:15:00,24.72,24.0,37.57,0,51.2,FAN
DVC-104,2026-06-10 18:15:00,23.5,24.0,34.83,1,1348.9,COOL
DVC-103,2026-06-11 03:15:00,25.76,26.0,24.64,0,47.2,OFF
DVC-105,2026-06-10 07:15:00,26.08,26.0,27.5,0,38.6,OFF
DVC-101,2026-06-08 15:00:00,24.56,24.0,37.33,0,46.1,FAN
DVC-105,2026-06-10 04:00:00,25.46,26.0,25.65,0,45.0,OFF
DVC-102,2026-06-02 12:00:00,24.47,24.0,35.43,0,52.8,FAN
DVC-104,2026-06-11 23:00:00,23.5,26.0,28.84,0,47.2,OFF
DVC-105,2026-06-12 05:00:00,25.59,26.0,26.18,0,60.3,OFF
DVC-103,2026-06-01 13:00:00,24.21,24.0,35.88,1,1147.8,COOL
DVC-105,2026-06-10 23:45:00,26.3,26.0,26.46,0,49.6,OFF
DVC-101,2026-06-03 12:30:00,24.34,24.0,34.71,1,1322.8,COOL
DVC-103,2026-06-04 01:30:00,26.25,26.0,26.36,0,43.5,OFF
DVC-102,2026-06-01 09:45:00,25.26,24.0,32.32,1,1489.4,COOL
DVC-105,2026-06-08 02:15:00,26.12,26.0,25.85,0,39.0,OFF
DVC-102,2026-06-12 05:15:00,25.37,26.0,25.44,0,46.6,OFF
DVC-102,2026-06-06 21:30:00,24.96,26.0,31.12,0,34.1,FAN
DVC-104,2026-06-12 07:00:00,23.5,26.0,27.44,0,34.7,OFF
DVC-104,2026-06-01 03:00:00,26.62,26.0,24.65,0,51.3,OFF
DVC-101,2026-06-03 09:45:00,24.83,24.0,31.82,1,1349.9,COOL
DVC-102,2026-06-10 23:15:00,26.1,26.0,28.34,0,49.6,OFF
DVC-101,2026-06-11 19:00:00,24.46,24.0,34.59,0,24.8,FAN
DVC-104,2026-06-08 03:30:00,26.61,26.0,24.98,0,36.4,OFF
DVC-102,2026-06-03 18:45:00,24.32,24.0,34.26,1,1419.1,COOL
DVC-103,2026-06-12 17:00:00,24.28,24.0,36.75,1,1339.0,COOL
DVC-104,2026-06-02 13:00:00,24.74,24.0,35.7,0,47.9,FAN
DVC-102,2026-06-07 22:45:00,25.7,26.0,28.23,0,40.0,OFF
DVC-104,2026-06-12 01:15:00,23.5,26.0,25.87,0,31.1,OFF
DVC-102,2026-06-05 18:00:00,24.33,24.0,34.93,1,1414.4,COOL
DVC-103,2026-06-14 07:15:00,25.92,26.0,27.5,0,42.2,OFF
DVC-105,2026-06-05 08:15:00,26.06,26.0,28.86,1,1474.5,COOL
DVC-102,2026-06-12 12:00:00,24.32,24.0,36.13,1,1381.9,COOL
DVC-103,2026-06-09 20:45:00,24.35,24.0,31.93,1,1439.6,COOL
DVC-103,2026-06-13 03:00:00,25.57,26.0,24.73,0,61.2,OFF
DVC-105,2026-06-09 10:00:00,24.65,24.0,32.7,1,1452.3,COOL
DVC-101,2026-06-01 13:00:00,24.43,24.0,35.32,1,4273.5,COOL
DVC-101,2026-06-06 09:00:00,26.13,24.0,31.4,1,1410.5,COOL
DVC-103,2026-06-06 02:00:00,25.71,26.0,25.32,0,26.1,OFF
DVC-103,2026-06-13 16:30:00,24.66,24.0,35.7,0,45.0,FAN
DVC-103,2026-06-06 13:30:00,24.47,24.0,37.55,1,1382.4,COOL
DVC-103,2026-06-05 20:15:00,24.43,24.0,31.47,0,35.0,FAN
DVC-102,2026-06-05 00:00:00,26.21,26.0,27.52,0,57.9,OFF
DVC-105,2026-06-01 15:15:00,24.36,24.0,37.61,1,1408.0,COOL
DVC-102,2026-06-14 20:45:00,24.23,24.0,31.99,1,1529.9,COOL
DVC-104,2026-06-06 13:45:00,24.05,24.0,35.4,1,1355.6,COOL
DVC-105,2026-06-02 21:00:00,24.46,26.0,31.91,0,36.9,FAN
DVC-101,2026-06-14 14:15:00,24.34,24.0,35.4,1,1343.9,COOL
DVC-105,2026-06-05 09:15:00,26.15,24.0,31.46,1,1374.8,COOL
DVC-101,2026-06-06 01:45:00,26.23,26.0,25.58,0,67.3,OFF
DVC-104,2026-06-02 22:15:00,26.0,26.0,29.81,0,54.9,OFF
DVC-102,2026-06-06 01:30:00,26.21,26.0,24.85,0,42.5,OFF
DVC-102,2026-06-10 19:30:00,24.58,24.0,33.0,0,21.6,FAN
DVC-103,2026-06-11 07:30:00,26.74,26.0,29.76,0,52.1,OFF
DVC-102,2026-06-13 01:30:00,25.78,26.0,25.06,0,32.2,OFF
DVC-102,2026-06-04 02:45:00,25.99,26.0,24.58,0,40.9,OFF
DVC-104,2026-06-13 12:30:00,23.5,24.0,35.43,1,1376.3,COOL
DVC-103,2026-06-14 08:00:00,26.34,26.0,30.45,0,39.6,FAN
DVC-103,2026-06-13 22:30:00,25.54,26.0,28.08,0,46.2,OFF
DVC-102,2026-06-06 07:30:00,26.43,26.0,28.88,0,41.1,OFF
DVC-104,2026-06-06 19:30:00,24.34,24.0,33.41,1,1258.6,COOL
DVC-103,2026-06-04 07:45:00,26.48,26.0,29.21,0,57.5,OFF
DVC-102,2026-06-03 19:15:00,24.53,24.0,33.39,0,45.5,FAN
DVC-104,2026-06-05 12:30:00,24.61,24.0,35.41,0,47.7,FAN
DVC-102,2026-06-13 23:45:00,26.3,26.0,27.49,0,28.1,OFF
DVC-105,2026-06-09 12:30:00,24.47,24.0,36.18,1,1297.3,COOL
DVC-105,2026-06-06 20:00:00,24.05,24.0,32.39,1,1336.8,COOL
DVC-104,2026-06-02 00:45:00,26.43,26.0,26.47,0,37.4,OFF
DVC-105,2026-06-11 03:00:00,26.21,26.0,25.1,0,43.9,OFF
DVC-104,2026-06-10 05:45:00,23.5,26.0,26.69,0,35.0,OFF
DVC-103,2026-06-02 06:30:00,26.54,26.0,26.67,0,50.3,OFF
DVC-103,2026-06-14 13:00:00,23.97,24.0,36.1,1,1481.3,COOL
DVC-104,2026-06-06 06:30:00,25.72,26.0,26.48,0,51.9,OFF
DVC-103,2026-06-14 00:15:00,25.99,26.0,25.82,0,41.2,OFF
DVC-104,2026-06-13 03:30:00,23.5,26.0,23.95,0,35.8,OFF
DVC-101,2026-06-14 14:45:00,24.53,24.0,37.73,0,44.6,FAN
DVC-101,2026-06-01 00:00:00,26.89,26.0,26.94,0,68.1,OFF
DVC-103,2026-06-09 20:00:00,24.17,24.0,32.98,1,980.1,COOL
DVC-102,2026-06-08 08:15:00,26.26,26.0,29.64,0,50.2,FAN
DVC-102,2026-06-05 21:15:00,24.69,26.0,31.66,0,54.8,FAN
DVC-102,2026-06-11 09:30:00,25.38,24.0,32.31,1,1225.9,COOL
DVC-103,2026-06-12 05:15:00,25.79,26.0,25.62,0,48.8,OFF
DVC-101,2026-06-10 10:15:00,24.88,24.0,34.16,1,1378.7,COOL
DVC-103,2026-06-06 21:15:00,24.82,26.0,31.92,0,29.3,FAN
DVC-103,2026-06-11 18:15:00,24.36,24.0,34.66,1,1232.1,COOL
DVC-103,2026-06-02 06:15:00,26.53,26.0,27.03,0,46.7,OFF
DVC-101,2026-06-11 08:45:00,26.14,26.0,30.82,1,1318.6,COOL
DVC-102,2026-06-11 18:30:00,24.63,24.0,34.64,0,41.7,FAN
DVC-102,2026-06-12 02:30:00,25.71,26.0,24.61,0,43.0,OFF
DVC-103,2026-06-01 02:15:00,26.59,26.0,24.93,0,60.2,OFF
DVC-102,2026-06-05 16:00:00,24.37,24.0,36.31,1,1210.8,COOL
DVC-104,2026-06-04 16:30:00,24.26,24.0,35.86,1,1379.0,COOL
DVC-104,2026-06-03 16:15:00,25.01,24.0,36.57,0,35.6,FAN
DVC-105,2026-06-04 16:30:00,24.7,24.0,35.79,0,42.1,FAN
DVC-104,2026-06-04 13:30:00,24.18,24.0,35.57,1,1318.7,COOL
DVC-101,2026-06-04 21:45:00,25.3,26.0,31.23,0,45.9,FAN
DVC-102,2026-06-09 23:30:00,26.22,26.0,27.18,0,53.8,OFF
DVC-103,2026-06-05 07:30:00,26.29,26.0,28.94,0,48.6,OFF
DVC-103,2026-06-05 03:00:00,26.11,26.0,25.8,0,40.3,OFF
DVC-105,2026-06-04 01:00:00,26.29,26.0,26.01,0,38.3,OFF
DVC-103,2026-06-04 18:00:00,24.17,24.0,35.69,1,1121.4,COOL
DVC-105,2026-06-14 12:45:00,24.31,24.0,34.88,1,1440.4,COOL
DVC-104,2026-06-12 04:15:00,23.5,26.0,25.37,0,32.0,OFF
DVC-101,2026-06-11 08:30:00,26.49,26.0,30.15,0,45.6,FAN
DVC-104,2026-06-06 18:30:00,24.64,24.0,35.18,0,28.6,FAN
DVC-103,2026-06-14 10:15:00,24.71,24.0,33.45,1,1414.0,COOL
DVC-104,2026-06-05 00:45:00,26.0,26.0,26.11,0,34.5,OFF
DVC-104,2026-06-11 18:45:00,23.5,24.0,34.66,0,58.0,FAN
DVC-105,2026-06-06 09:00:00,26.22,24.0,30.31,1,1465.8,COOL
DVC-101,2026-06-14 09:15:00,25.61,24.0,31.54,1,1643.6,COOL
DVC-103,2026-06-02 14:00:00,24.76,24.0,36.02,0,55.4,FAN
DVC-103,2026-06-03 09:30:00,25.1,24.0,31.6,1,1327.5,COOL
DVC-102,2026-06-05 12:30:00,24.07,24.0,37.24,1,1270.5,COOL
DVC-104,2026-06-08 23:45:00,26.23,26.0,26.88,0,27.6,OFF
DVC-104,2026-06-10 18:45:00,23.5,24.0,34.66,1,1209.4,COOL
DVC-103,2026-06-12 03:00:00,25.87,26.0,24.82,0,39.8,OFF
DVC-101,2026-06-10 00:15:00,26.64,26.0,26.99,0,36.5,OFF
DVC-104,2026-06-08 04:30:00,26.3,26.0,25.11,0,34.3,OFF
DVC-102,2026-06-08 22:15:00,25.1,26.0,28.56,0,42.7,OFF
DVC-104,2026-06-14 06:45:00,23.5,26.0,26.44,0,49.3,OFF
DVC-105,2026-06-01 11:15:00,23.94,24.0,35.08,1,1490.4,COOL
DVC-101,2026-06-13 19:00:00,24.25,24.0,34.34,1,1305.0,COOL
DVC-101,2026-06-02 05:15:00,24.9,26.0,26.02,0,48.5,OFF
DVC-104,2026-06-09 08:15:00,23.5,26.0,29.2,0,39.4,FAN
DVC-105,2026-06-13 05:30:00,26.25,26.0,26.02,0,36.4,OFF
DVC-104,2026-06-09 12:45:00,23.5,24.0,36.11,1,1114.9,COOL
DVC-105,2026-06-12 17:00:00,24.35,24.0,35.91,1,1216.7,COOL
DVC-103,2026-06-04 17:00:00,24.13,24.0,36.89,1,1307.1,COOL
DVC-105,2026-06-13 09:30:00,25.73,24.0,32.29,1,1291.5,COOL
DVC-104,2026-06-10 07:30:00,23.5,26.0,28.22,0,54.5,OFF
DVC-101,2026-06-09 16:30:00,24.4,24.0,36.09,0,55.6,FAN
DVC-101,2026-06-09 08:30:00,26.34,26.0,30.42,0,47.3,FAN
DVC-102,2026-06-14 15:45:00,24.36,24.0,37.07,1,1375.7,COOL
DVC-103,2026-06-08 20:45:00,24.39,24.0,31.85,0,58.9,FAN
DVC-101,2026-06-12 04:00:00,25.94,26.0,25.07,0,58.1,OFF
DVC-104,2026-06-04 05:00:00,25.85,26.0,25.15,0,48.5,OFF
DVC-104,2026-06-08 17:45:00,24.34,24.0,35.52,1,1437.6,COOL
DVC-102,2026-06-14 01:30:00,25.83,26.0,24.35,0,37.1,OFF
DVC-105,2026-06-10 03:45:00,25.53,26.0,24.58,0,8.0,OFF
DVC-103,2026-06-01 08:00:00,26.41,26.0,30.3,0,58.1,FAN
DVC-103,2026-06-12 14:30:00,24.5,24.0,37.72,0,38.3,FAN
DVC-104,2026-06-03 13:30:00,24.71,24.0,35.81,0,51.3,FAN
DVC-102,2026-06-02 03:00:00,25.75,26.0,24.41,0,60.0,OFF
DVC-103,2026-06-14 05:30:00,25.69,26.0,26.35,0,41.5,OFF
DVC-104,2026-06-08 21:30:00,24.82,26.0,29.89,0,37.7,FAN
DVC-104,2026-06-02 04:30:00,25.97,26.0,24.83,0,37.6,OFF
DVC-105,2026-06-12 06:30:00,25.8,26.0,27.05,0,42.2,OFF
DVC-105,2026-06-03 09:30:00,25.88,24.0,31.16,1,1529.3,COOL
DVC-105,2026-06-02 20:00:00,24.26,24.0,32.76,1,1270.7,COOL
DVC-103,2026-06-05 06:15:00,25.93,26.0,26.88,0,20.9,OFF
DVC-101,2026-06-03 13:15:00,24.12,24.0,35.61,1,1360.6,COOL
DVC-101,2026-06-06 14:45:00,24.08,24.0,36.52,1,1536.0,COOL
DVC-104,2026-06-07 18:30:00,24.75,24.0,33.9,0,63.8,FAN
DVC-101,2026-06-13 11:45:00,24.43,24.0,34.32,0,40.5,FAN
DVC-102,2026-06-02 06:45:00,25.96,26.0,28.52,0,38.2,OFF
DVC-102,2026-06-05 18:15:00,24.04,24.0,35.41,1,1335.3,COOL
DVC-105,2026-06-14 08:00:00,26.72,26.0,29.36,1,1184.8,COOL
DVC-103,2026-06-13 00:45:00,25.63,26.0,26.17,0,45.6,OFF
DVC-101,2026-06-06 08:45:00,26.46,26.0,30.81,0,41.5,FAN
DVC-105,2026-06-10 13:30:00,24.14,24.0,37.15,1,1621.7,COOL
DVC-104,2026-06-05 13:00:00,24.6,24.0,35.93,0,30.4,FAN
DVC-102,2026-06-03 18:00:00,24.44,24.0,36.26,1,1449.4,COOL
DVC-104,2026-06-02 14:15:00,24.8,24.0,36.96,0,55.6,FAN
DVC-104,2026-06-04 18:00:00,24.28,24.0,33.96,1,1398.3,COOL
DVC-102,2026-06-08 20:30:00,24.14,24.0,32.21,1,1428.1,COOL
DVC-102,2026-06-05 13:00:00,24.29,24.0,36.04,1,1338.0,COOL
DVC-102,2026-06-08 07:15:00,26.21,26.0,28.32,0,42.0,OFF
DVC-105,2026-06-07 15:00:00,24.25,24.0,36.46,1,1410.1,COOL
DVC-103,2026-06-13 23:45:00,25.94,26.0,26.03,0,42.1,OFF
DVC-103,2026-06-09 03:15:00,25.92,26.0,25.14,0,67.7,OFF
DVC-102,2026-06-11 10:15:00,24.51,24.0,32.69,1,1301.2,COOL
DVC-102,2026-06-04 06:30:00,26.09,26.0,26.83,0,23.8,OFF
DVC-104,2026-06-10 12:00:00,23.5,24.0,35.22,1,1321.2,COOL
DVC-101,2026-06-09 13:15:00,24.19,24.0,37.24,1,1326.5,COOL
DVC-104,2026-06-03 11:00:00,24.58,24.0,33.57,0,37.9,FAN
DVC-101,2026-06-12 21:15:00,25.02,26.0,29.22,0,42.3,FAN
DVC-105,2026-06-02 18:30:00,24.59,24.0,34.44,0,51.6,FAN
DVC-103,2026-06-13 08:30:00,26.21,26.0,30.29,0,47.9,FAN
DVC-101,2026-06-04 08:15:00,25.96,26.0,29.72,0,37.3,FAN
DVC-102,2026-06-05 19:30:00,24.71,24.0,33.43,1,1383.8,COOL
DVC-104,2026-06-02 11:00:00,24.13,24.0,34.0,1,1146.9,COOL
DVC-102,2026-06-14 06:30:00,25.74,26.0,28.22,0,30.9,OFF
DVC-102,2026-06-13 16:45:00,24.71,24.0,36.89,0,36.0,FAN
DVC-101,2026-06-10 20:45:00,24.16,24.0,29.63,1,1454.4,COOL
DVC-104,2026-06-14 08:45:00,23.5,26.0,29.72,0,51.2,FAN
DVC-102,2026-06-04 20:30:00,24.23,24.0,32.55,1,1311.0,COOL
DVC-105,2026-06-10 21:30:00,25.19,26.0,28.79,0,60.0,FAN
DVC-104,2026-06-03 20:45:00,24.15,24.0,30.58,1,1293.7,COOL
DVC-103,2026-06-03 17:45:00,24.18,24.0,35.21,1,1379.8,COOL
DVC-103,2026-06-14 01:30:00,26.01,26.0,25.8,0,28.6,OFF
DVC-103,2026-06-11 23:15:00,25.55,26.0,27.4,0,48.7,OFF
DVC-104,2026-06-08 00:30:00,26.67,26.0,26.89,0,34.2,OFF
DVC-105,2026-06-13 10:30:00,24.76,24.0,32.89,1,1493.4,COOL
DVC-101,2026-06-04 20:30:00,24.48,24.0,31.79,0,55.2,FAN
DVC-103,2026-06-14 05:45:00,25.73,26.0,26.17,0,46.0,OFF
DVC-101,2026-06-07 17:00:00,23.94,24.0,35.99,1,1343.3,COOL
DVC-105,2026-06-11 10:30:00,24.45,24.0,33.91,1,1118.5,COOL
DVC-104,2026-06-05 00:30:00,25.86,26.0,25.79,0,41.6,OFF
DVC-102,2026-06-05 22:15:00,25.38,26.0,29.27,0,27.4,OFF
DVC-102,2026-06-12 04:30:00,25.18,26.0,25.31,0,37.0,OFF
DVC-102,2026-06-10 17:30:00,24.49,24.0,37.0,0,50.4,FAN
DVC-105,2026-06-07 23:00:00,26.33,26.0,27.23,0,47.7,OFF
DVC-103,2026-06-07 03:45:00,25.36,26.0,25.25,0,43.3,OFF
DVC-103,2026-06-04 00:45:00,26.35,26.0,26.71,0,41.6,OFF
DVC-105,2026-06-07 16:45:00,24.6,24.0,36.82,0,56.5,FAN
DVC-103,2026-06-02 19:30:00,24.28,24.0,33.61,1,1171.3,COOL
DVC-104,2026-06-01 16:30:00,24.67,24.0,37.59,1,1441.4,COOL
DVC-104,2026-06-02 14:30:00,24.47,24.0,36.48,1,1190.2,COOL
DVC-101,2026-06-02 06:30:00,25.08,26.0,27.48,0,40.4,OFF
DVC-102,2026-06-07 18:30:00,24.27,24.0,34.38,1,1586.0,COOL
DVC-101,2026-06-12 05:30:00,26.08,26.0,25.89,0,44.6,OFF
DVC-101,2026-06-09 22:00:00,25.8,26.0,29.65,0,35.7,OFF
DVC-101,2026-06-06 05:30:00,25.9,26.0,25.81,0,60.0,OFF
DVC-101,2026-06-05 16:45:00,24.19,24.0,36.59,1,1160.1,COOL
DVC-102,2026-06-06 12:15:00,24.31,24.0,36.11,1,1576.9,COOL
DVC-103,2026-06-06 15:00:00,24.3,24.0,37.74,1,1662.4,COOL
DVC-104,2026-06-06 11:30:00,24.4,24.0,34.28,1,1577.5,COOL
DVC-101,2026-06-01 05:00:00,25.84,26.0,25.69,0,45.9,OFF
DVC-101,2026-06-05 10:30:00,24.53,24.0,33.78,1,1328.4,COOL
DVC-104,2026-06-02 11:15:00,24.59,24.0,34.36,0,43.2,FAN
DVC-101,2026-06-11 11:45:00,24.52,24.0,34.73,0,36.9,FAN
DVC-101,2026-06-05 02:15:00,25.97,26.0,25.39,0,46.0,OFF
DVC-101,2026-06-10 20:15:00,24.48,24.0,31.96,0,30.5,FAN
DVC-101,2026-06-03 19:00:00,24.54,24.0,34.03,1,1520.7,COOL
DVC-102,2026-06-02 09:15:00,25.57,24.0,30.98,1,1110.5,COOL
DVC-104,2026-06-05 18:45:00,23.96,24.0,34.76,1,1326.5,COOL
DVC-102,2026-06-09 22:30:00,25.89,26.0,28.04,0,22.2,OFF
DVC-104,2026-06-07 08:15:00,26.48,26.0,29.68,1,1236.7,COOL
DVC-103,2026-06-07 05:15:00,25.61,26.0,25.66,0,43.4,OFF
DVC-105,2026-06-12 09:45:00,24.98,24.0,31.91,1,1434.9,COOL
DVC-104,2026-06-09 12:15:00,23.5,24.0,36.28,0,39.0,FAN
DVC-105,2026-06-12 02:00:00,25.69,26.0,25.6,0,44.2,OFF
DVC-105,2026-06-01 11:30:00,24.34,24.0,34.93,0,34.4,FAN
DVC-105,2026-06-03 21:45:00,25.05,26.0,29.12,0,32.1,FAN
DVC-105,2026-06-05 17:15:00,24.3,24.0,35.81,1,1450.6,COOL
DVC-101,2026-06-10 21:30:00,24.93,26.0,29.18,0,33.5,FAN
DVC-104,2026-06-13 13:00:00,23.5,24.0,36.07,0,50.2,FAN
DVC-102,2026-06-14 17:00:00,24.65,24.0,36.73,0,38.6,FAN
DVC-101,2026-06-03 22:00:00,25.24,26.0,29.74,0,4046.1,OFF
DVC-105,2026-06-09 23:45:00,25.59,26.0,28.61,0,50.1,OFF
DVC-105,2026-06-08 03:45:00,25.7,26.0,25.56,0,54.5,OFF
DVC-105,2026-06-13 02:45:00,26.17,26.0,25.66,0,59.3,OFF
DVC-103,2026-06-10 17:00:00,24.46,24.0,36.32,1,1357.5,COOL
DVC-105,2026-06-05 22:45:00,25.89,26.0,28.59,0,49.8,OFF
DVC-105,2026-06-02 09:30:00,25.55,24.0,31.56,1,1390.3,COOL
DVC-105,2026-06-11 21:30:00,25.0,26.0,30.37,0,43.0,FAN
DVC-102,2026-06-05 06:00:00,25.52,26.0,25.86,0,37.3,OFF
DVC-104,2026-06-06 12:15:00,24.39,24.0,36.32,1,1269.1,COOL
DVC-105,2026-06-08 09:00:00,25.94,24.0,31.39,1,1367.9,COOL
DVC-101,2026-06-02 10:15:00,24.47,24.0,33.43,1,1258.8,COOL
DVC-102,2026-06-05 15:00:00,24.54,24.0,37.32,0,63.1,FAN
DVC-105,2026-06-14 12:30:00,24.48,24.0,36.22,1,1213.3,COOL
DVC-101,2026-06-14 20:00:00,24.34,24.0,32.48,1,1384.0,COOL
DVC-101,2026-06-06 06:15:00,26.04,26.0,26.72,0,33.1,OFF
DVC-104,2026-06-14 08:00:00,23.5,26.0,29.15,0,44.1,FAN
DVC-101,2026-06-04 13:45:00,24.06,24.0,36.93,1,1290.8,COOL
DVC-103,2026-06-10 00:30:00,26.46,26.0,25.31,0,44.7,OFF
DVC-103,2026-06-08 18:15:00,24.66,24.0,34.02,0,26.3,FAN
DVC-105,2026-06-03 14:30:00,24.72,24.0,36.44,0,58.0,FAN
DVC-104,2026-06-12 18:15:00,23.5,24.0,35.5,1,1320.9,COOL
DVC-105,2026-06-01 07:15:00,26.15,26.0,29.31,0,54.7,OFF
DVC-101,2026-06-05 16:15:00,24.57,24.0,36.91,0,31.1,FAN
DVC-105,2026-06-02 11:15:00,23.96,24.0,35.13,1,1229.7,COOL
DVC-105,2026-06-04 21:00:00,24.56,26.0,31.48,0,29.9,FAN
DVC-103,2026-06-06 16:15:00,-99.0,24.0,36.23,1,1294.5,COOL
DVC-104,2026-06-02 23:45:00,26.84,26.0,26.52,0,42.3,OFF
DVC-103,2026-06-05 22:45:00,25.82,26.0,28.02,0,46.4,OFF
DVC-103,2026-06-06 13:45:00,24.22,24.0,35.6,1,1321.1,COOL
DVC-103,2026-06-14 16:45:00,24.24,24.0,36.17,1,1183.5,COOL
DVC-104,2026-06-06 16:00:00,24.56,24.0,36.59,0,36.0,FAN
DVC-102,2026-06-01 18:45:00,24.65,24.0,34.66,0,45.7,FAN
DVC-104,2026-06-11 08:45:00,23.5,26.0,30.22,1,1390.5,COOL
DVC-102,2026-06-01 07:30:00,26.73,26.0,28.64,0,38.2,OFF
DVC-104,2026-06-11 01:45:00,23.5,26.0,26.01,0,56.5,OFF
DVC-102,2026-06-14 03:00:00,25.71,26.0,25.23,0,52.6,OFF
DVC-101,2026-06-05 08:00:00,26.23,26.0,30.1,0,49.8,FAN
DVC-101,2026-06-12 18:45:00,24.24,24.0,34.18,1,1517.5,COOL
DVC-103,2026-06-06 14:15:00,24.39,24.0,36.29,1,1474.3,COOL
DVC-101,2026-06-14 06:45:00,25.37,26.0,27.68,0,45.6,OFF
DVC-105,2026-06-06 08:15:00,26.12,26.0,29.87,1,1346.9,COOL
DVC-102,2026-06-06 18:15:00,24.12,24.0,35.58,1,1430.7,COOL
DVC-101,2026-06-02 12:00:00,24.68,24.0,34.75,0,44.8,FAN
DVC-104,2026-06-13 16:45:00,23.5,24.0,36.85,1,1417.6,COOL
DVC-103,2026-06-01 12:30:00,24.58,24.0,35.38,0,52.3,FAN
DVC-105,2026-06-03 12:15:00,24.65,24.0,35.4,0,38.8,FAN
DVC-104,2026-06-01 20:00:00,24.14,24.0,32.91,1,1394.4,COOL
DVC-101,2026-06-08 07:45:00,25.83,26.0,29.04,0,43.3,OFF
DVC-105,2026-06-07 10:15:00,24.99,24.0,33.25,1,1601.4,COOL
DVC-104,2026-06-01 14:45:00,24.58,24.0,37.16,1,1347.1,COOL
DVC-104,2026-06-13 04:00:00,23.5,26.0,24.44,0,28.5,OFF
DVC-101,2026-06-07 05:00:00,25.98,26.0,25.49,0,36.3,OFF
DVC-105,2026-06-08 04:00:00,25.68,26.0,25.19,0,38.0,OFF
DVC-101,2026-06-04 13:00:00,24.15,24.0,34.82,1,1173.4,COOL
DVC-101,2026-06-14 16:15:00,24.43,24.0,36.92,1,1507.1,COOL
DVC-104,2026-06-03 06:45:00,26.43,26.0,28.78,0,42.1,OFF
DVC-105,2026-06-01 20:45:00,24.55,24.0,31.64,0,55.9,FAN
DVC-103,2026-06-14 16:30:00,24.44,24.0,36.24,0,45.6,FAN
DVC-102,2026-06-07 14:30:00,24.3,24.0,36.9,1,1285.9,COOL
